# File exported by Houdini 19.5.682 (www.sidefx.com)
# 7102 points
# 40608 vertices
# 13200 primitives
# Bounds: [-1.41343713, -1.99854207, -0.0705230236] to [1.39311397, 2.00197506, 0.21685341]
g 
v -0.826374292 1.59367824 2.22043309e-05
v -0.736644685 1.54942298 -1.20436221e-06
v -0.861548364 1.55362546 6.29363276e-05
v -0.878534675 1.21302927 -1.39179019e-05
v -0.585124493 1.19889534 1.28385852e-06
v -0.799932301 1.33352458 -2.50653666e-05
v -0.772482872 1.65355718 -5.92129254e-05
v -0.742064118 1.50276053 0.000261972833
v -0.735814691 1.46432316 0.000636012584
v -0.752583623 1.40215123 -1.1018418e-06
v -0.625383914 1.79346538 4.76459827e-05
v -0.453331709 1.48292398 4.05744277e-06
v -0.553894937 1.84460008 2.6820142e-05
v -0.451077342 1.90713811 -0.00019525837
v -0.380753905 1.86977434 1.6809614e-05
v -0.50825727 1.35157001 -6.64065665e-05
v -0.497226715 1.35926616 -0.000555890379
v -0.482765079 1.3929069 -0.00099649129
v -0.480332047 1.35340047 -0.0135765625
v -0.47549969 1.42245877 -3.57144236e-05
v -0.483385921 1.36383045 -0.00692307623
v -0.505220711 1.31500542 -0.000943435996
v -0.504981399 1.21249998 -0.00143911468
v -0.489816785 1.29800749 -0.0107771959
v -0.495958775 1.29449105 -0.00589545956
v -0.480948538 1.29962909 -0.0503709726
v -0.479808837 1.32821417 -0.0406756848
v -0.482114434 1.33079183 -0.0252308901
v -0.48574537 1.29001033 -0.0250503905
v -0.437956274 1.45042562 -0.000309365743
v -0.412423342 1.44303548 -0.0149238268
v -0.410113335 1.46342456 -0.00094388437
v -0.409078687 1.45132303 -0.00677662157
v -0.405872047 1.43850064 -0.0503543839
v -0.390399694 1.45273066 -0.0163013618
v -0.469921082 1.36424339 -0.0486610383
v -0.473342061 1.3731482 -0.0159707051
v -0.462858945 1.3601805 -0.0614931174
v -0.459471643 1.38466001 -0.0524903685
v -0.465110362 1.38961625 -0.0166576393
v -0.455613285 1.42928851 -0.00156465929
v -0.460989982 1.4077158 -0.00725733209
v -0.441143274 1.40249383 -0.0616427138
v -0.456263065 1.35777402 -0.061452359
v -0.451341271 1.40084469 -0.0481156707
v -0.450294971 1.35566473 -0.053900294
v -0.448704213 1.41377175 -0.0173357408
v -0.43453753 1.39568472 -0.0611608662
v -0.437793463 1.41436338 -0.0533624925
v -0.442409754 1.37427115 -0.0521912649
v -0.442668796 1.35296392 -0.0154111767
v -0.437135577 1.43249714 -0.0073312833
v -0.431255907 1.38709641 -0.0416690148
v -0.433446199 1.37609673 -0.0179147199
v -0.428654283 1.43206465 -0.0170574561
v -0.428230584 1.37157595 -0.00587049779
v -0.41328156 1.42744029 -0.0613382235
v -0.421673447 1.4274292 -0.0540368445
v -0.417430907 1.40248108 -0.0414275564
v -0.418634057 1.39435911 -0.0138651021
v -0.420443743 1.36568809 -0.00125010009
v -0.408130795 1.42072701 -0.0616131872
v -0.403778315 1.41672969 -0.0535719618
v -0.396910459 1.40724504 -0.00804494973
v -0.400039643 1.41005623 -0.0172937121
v -0.400423467 1.38272154 -0.00022925013
v -0.380360216 1.36513746 1.10077517e-05
v -0.470467865 1.33673143 -0.0605217814
v -0.474226326 1.28808594 -0.0616474375
v -0.466989696 1.29921257 -0.0619226918
v -0.463120461 1.28407371 -0.0579805523
v -0.456399649 1.34009433 -0.0550552644
v -0.458793044 1.28727782 -0.0510136038
v -0.454293281 1.32288837 -0.0385037586
v -0.449470133 1.32787907 -0.018106455
v -0.45456022 1.2762593 -0.024903968
v -0.450496346 1.28626835 -0.0113281393
v -0.44163242 1.33893657 -0.00755025586
v -0.446937084 1.28340936 -0.00747731328
v -0.434771776 1.32005262 -0.0015218585
v -0.435682803 1.27000475 -0.00152485224
v -0.423966855 1.3391217 -0.000205398843
v -0.424162209 1.30596459 0.000278316613
v -0.425682396 1.27755499 -0.00117847347
v -0.385625154 1.30999923 -0.000241480302
v -0.409084052 1.29497933 -0.00228408491
v -0.399537116 1.28240883 -0.017829407
v -0.400101423 1.2881918 -0.00813040137
v -0.360670477 1.95859849 0.000759662304
v -0.38053441 1.76455951 0.00040478658
v -0.31401819 1.71962857 0.000166319325
v -0.391999245 1.43918335 -0.0608366765
v -0.37718451 1.44988716 -0.049201671
v -0.35923332 1.46556473 -0.00767700234
v -0.369998872 1.43987119 -0.0623261295
v -0.357963681 1.45967555 -0.0182964969
v -0.352845132 1.48324633 -0.000293305697
v -0.351477921 1.45001233 -0.0596076548
v -0.332627505 1.4760133 -0.00307568884
v -0.334970742 1.44029284 -0.0605131015
v -0.340711921 1.4579314 -0.0384900011
v -0.302158743 1.45186806 -0.0612398498
v -0.311065108 1.45997167 -0.0426640883
v -0.308232218 1.44053173 -0.0587996952
v -0.309996933 1.46418428 -0.0199807398
v -0.389719516 1.4280169 -0.0607248433
v -0.384626448 1.40053236 -0.00136939448
v -0.374631584 1.42880118 -0.05347085
v -0.37234351 1.42354655 -0.0251848456
v -0.362859666 1.42029202 -0.00938323233
v -0.357815892 1.40206516 -0.000300458632
v -0.349172801 1.43119097 -0.0430959761
v -0.329930872 1.41599262 -0.00261436659
v -0.317288458 1.42952406 -0.0164577141
v -0.318765044 1.42312407 -0.00690708077
v -0.2893821 1.43476355 -0.0380429626
v -0.298105568 1.41032076 3.65682135e-05
v -0.297513425 1.37132931 -0.00010051897
v -0.389050573 1.28008854 -0.0426642634
v -0.385008186 1.28440237 -0.0192019641
v -0.358739734 1.30529749 -0.000547675823
v -0.358739227 1.29548943 -0.00347831822
v -0.353953958 1.28354955 -0.017299993
v -0.306038111 1.28698289 -0.00746807409
v -0.337250412 1.27802861 -0.0392975025
v -0.16385822 1.75309312 -6.64046092e-05
v -0.282503814 1.46946704 -0.00896974839
v -0.243650958 1.44725597 -0.061431434
v -0.211737543 1.48723722 -0.000242197741
v -0.252131015 1.45978558 -0.0469759554
v -0.25750041 1.46482456 -0.019964017
v -0.224973381 1.47617042 -0.00402164506
v -0.237247571 1.44057608 -0.0584059842
v -0.255611092 1.42409253 -0.00683766743
v -0.212345824 1.41162491 -2.30434889e-05
v -0.273341745 1.3774395 -0.000637374062
v -0.27610749 1.36498773 -0.00475794449
v -0.239352793 1.42983842 -0.0151049867
v -0.260230213 1.36374021 -0.00695400639
v -0.246317804 1.37559545 -0.00028236545
v -0.23094824 1.35675764 -0.000481176772
v -0.307346493 1.28236258 -0.0170688611
v -0.307489693 1.30068672 -0.000493824598
v -0.296390474 1.27909172 -0.03652611
v -0.289580196 1.29737794 -0.00884895958
v -0.289926827 1.28812504 -0.0177710131
v -0.295607567 1.34757066 -0.00258736312
v -0.295338005 1.31246197 -0.00346050225
v -0.278070271 1.28530812 -0.0569224209
v -0.281209469 1.29669011 -0.0365900546
v -0.285656333 1.28080857 -0.0513051264
v -0.282881469 1.3437674 -0.0174247101
v -0.27929756 1.32686293 -0.0400737077
v -0.283634961 1.30496919 -0.0199176781
v -0.287530243 1.35059917 -0.00732006039
v -0.270035267 1.34048235 -0.0604508705
v -0.27110061 1.294608 -0.0615004972
v -0.275794208 1.27660739 -0.0642148107
v -0.272399276 1.34968925 -0.0431516543
v -0.274854064 1.35435832 -0.0161348954
v -0.260261953 1.3280431 -0.0600469522
v -0.261182517 1.35135591 -0.0438229181
v -0.265005708 1.35649049 -0.018172998
v -0.259175301 1.29088724 -0.0601047985
v -0.257778734 1.34065616 -0.0520900302
v -0.253551394 1.31251109 -0.040176928
v -0.252189368 1.29084516 -0.0441291668
v -0.250201076 1.34262323 -0.0171599053
v -0.256077766 1.35403895 -0.0150495134
v -0.249358177 1.30011499 -0.0184192117
v -0.244285002 1.35128736 -0.00657087844
v -0.244293466 1.2798413 -0.0475397259
v -0.23886551 1.28840768 -0.00931881554
v -0.242771834 1.30159819 -0.00714936946
v -0.103667788 1.74503016 -2.36671985e-05
v -0.159365162 1.68174636 0.000191911007
v -0.188905656 1.58835113 0.00051113544
v -0.162300542 1.51551116 0.000159409567
v -0.19231911 1.45053375 -0.0604615919
v -0.207218602 1.4589076 -0.0419248082
v -0.208386213 1.46411884 -0.0177476089
v -0.209983319 1.46877575 -0.00822553318
v -0.16050227 1.44245005 -0.0614772886
v -0.168457001 1.45160472 -0.0522079431
v -0.173114702 1.46073973 -0.0145138605
v -0.167209744 1.46395612 -0.00783044286
v -0.170788154 1.47767496 -0.000443847617
v -0.151802838 1.45442533 -0.0175599493
v -0.221176252 1.43386626 -0.0374024734
v -0.19567503 1.42753828 -0.0176628362
v -0.191819429 1.42170596 -0.00748339435
v -0.177074403 1.43806338 -0.0610858202
v -0.184496611 1.43108809 -0.0432342924
v -0.180827335 1.41578317 -0.00456166035
v -0.166043922 1.40012681 -0.000212776678
v -0.163492009 1.42074764 -0.0153656173
v -0.149702623 1.42704999 -0.0575992912
v -0.157320946 1.42393541 -0.040668793
v -0.232140005 1.28240657 -0.0187305026
v -0.234709054 1.33625901 -0.00199201354
v -0.231298134 1.30531895 -0.000838017033
v -0.228163689 1.29372942 -0.00294652395
v -0.192623869 1.28292811 -0.0175366178
v -0.170698017 1.30649626 -0.000320135849
v -0.189991564 1.28797042 -0.00780348713
v -0.185099825 1.27840424 -0.0402653702
v -0.119468793 1.36103213 -9.07630238e-05
v -0.119396672 1.7237798 8.82756467e-06
v -0.150218248 1.44917786 -0.0404452905
v -0.141662046 1.47439241 -0.00027495774
v -0.14112401 1.45987225 -0.0047180932
v -0.131089866 1.43781674 -0.0537588261
v -0.128253534 1.44511676 -0.0168042853
v -0.109826058 1.4403404 -0.00763460808
v -0.114317425 1.48631883 0.000105172025
v -0.114153534 1.4569366 -0.000912210729
v -0.0843965784 1.43109381 -0.00168743101
v -0.0818760917 1.48939037 0.00075250183
v -0.0860962123 1.44982588 -3.10742398e-05
v -0.134035006 1.42350137 -0.0616330169
v -0.150743008 1.4088527 -0.00573155563
v -0.131772384 1.41318572 -0.0493058488
v -0.140065849 1.41107917 -0.0167923104
v -0.137076601 1.39068377 -0.00175427471
v -0.115563273 1.4206816 -0.0618625842
v -0.127879202 1.39814162 -0.00946647208
v -0.108717717 1.39941978 -0.060587503
v -0.102034174 1.42098057 -0.0425113291
v -0.114388473 1.39511168 -0.0386894755
v -0.114122607 1.38891447 -0.0161199085
v -0.124569461 1.38034773 -0.00231631845
v -0.0967309326 1.40727496 -0.0580462031
v -0.11392834 1.38028502 -0.00710671302
v -0.0996584669 1.38164055 -0.0514268428
v -0.101034574 1.37074304 -0.0179610029
v -0.0980747566 1.42337251 -0.017223658
v -0.0859949067 1.38736713 -0.061239209
v -0.0844696611 1.3686111 -0.061250221
v -0.0876743644 1.36546469 -0.0569116957
v -0.0852699503 1.34819424 -0.0448664948
v -0.0838707462 1.40678144 -0.0170102697
v -0.0964242667 1.35235322 -0.00926405657
v -0.0806710348 1.39118433 -0.0487142615
v -0.0706977472 1.39859354 -0.00703179091
v -0.155329436 1.27964604 -0.0462420546
v -0.140831321 1.28023887 -0.0399052091
v -0.146107912 1.28836882 -0.0100462949
v -0.140115932 1.29688621 -0.00389643549
v -0.127887994 1.30554748 -0.000458793045
v -0.135475114 1.2821871 -0.015899919
v -0.128230944 1.28594613 -0.00649743248
v -0.107803993 1.31926167 -0.000209870428
v -0.107462771 1.28329921 -0.000119169206
v -0.104527242 1.34014487 -0.00174158323
v -0.0898816809 1.34376788 -0.0165460519
v -0.0868402719 1.30061293 -0.00672882283
v -0.0943352953 1.29253054 -0.00193554617
v -0.0767679587 1.33137131 -0.0558134429
v -0.0776040405 1.31110549 -0.042519778
v -0.0838496238 1.32636917 -0.0248876121
v -0.0795057043 1.28456175 -0.0169892292
v 0.0109604746 1.79635572 1.81048326e-05
v -0.0259024203 1.75939393 0.000430375396
v -0.0426768437 1.41191137 1.80932511e-05
v -0.068535924 1.43256485 -1.49352254e-05
v 0.077154994 1.53269672 4.72623688e-05
v 0.159389049 1.12653685 -1.07809413e-07
v -0.0713431165 1.35487664 -0.0612250939
v -0.0708033517 1.36308324 -0.0570554547
v -0.0675133243 1.36804616 -0.0435299873
v -0.0675509796 1.38131845 -0.0150620649
v -0.0586420335 1.34445632 -0.0431164168
v -0.0551920272 1.34903204 -0.0173455421
v -0.05964984 1.4061811 -0.000535657629
v -0.0512999333 1.35364628 -0.00797488354
v -0.0485294312 1.37551236 -0.00155835703
v -0.0172513891 1.31258285 -1.15298162e-05
v -0.0717039257 1.33025324 -0.0615444705
v -0.0692273378 1.28939152 -0.0591342635
v -0.0711763501 1.26188064 -0.0537848845
v -0.0751631185 1.26437831 -0.0374601409
v -0.0601511225 1.31538641 -0.0605260283
v -0.0636507496 1.27270019 -0.0613859519
v -0.051824104 1.3110429 -0.0373655446
v -0.0498931557 1.27156389 -0.0465515256
v -0.0456049666 1.29889941 -0.0170165524
v -0.0410402268 1.29503977 -0.00820339192
v -0.0347359367 1.33376396 -0.00138300273
v -0.0343582667 1.27626431 -0.00455557834
v -0.0247127339 1.28718019 -0.000777700392
v -1.13318276 0.491080642 8.84635665e-05
v -1.14443958 0.356153101 -6.08097544e-05
v -1.09002936 0.174025878 -1.19337003e-07
v -1.11253262 0.461688489 3.28037058e-05
v -1.15998673 0.13759765 -0.000229344063
v -1.1456424 -0.0769248456 -9.350455e-06
v -1.09253287 0.421684593 3.81120335e-05
v -1.06642318 0.405082494 0.00105083396
v -1.04415274 0.362328053 0.00051547098
v -1.00514257 0.31560418 0.000482560805
v -0.762675762 -0.0165161118 -1.27522583e-07
v -0.981990814 0.289575368 0.000162126918
v -0.936653674 0.271723986 0.000526636199
v -0.939886749 1.12173104 0.000526809483
v -0.916491807 1.10239184 -2.77947834e-06
v -0.857748151 0.27472198 0.000426973798
v -0.851816833 1.12949347 0.000488930033
v -0.797236502 1.15042698 0.000198526963
v -0.775978267 0.331747919 0.000123980033
v -0.746113062 1.14661908 0.000245611533
v -0.688090503 1.08881056 0.000296680024
v -0.743470013 0.386576205 0.000236056978
v -0.717734337 0.331992209 -1.21562707e-07
v -0.670417368 1.0048306 0.000580879161
v -0.653113365 0.87289077 0.000335529679
v -0.593901396 0.690021932 -6.49581864e-08
v -0.667399108 0.630490899 0.000199681657
v -0.703235447 0.475615978 8.08576297e-05
v -0.669013858 0.437570274 9.56706353e-05
v -0.638334334 0.516777575 0.000217665031
v -0.668149233 0.340593368 0.000250576995
v -0.620707214 0.157332182 0.000201830175
v -0.587034702 0.556990027 0.000328878552
v -0.564997494 0.0508534275 0.000256247091
v -0.549529016 0.0102371993 -1.0281713e-05
v -0.515000999 1.16578126 -3.48213434e-05
v -0.490914434 1.11765599 -0.0115787424
v -0.495689541 1.10405922 -0.00656341435
v -0.480849504 1.16812468 -0.0532441176
v -0.483819634 1.18664038 -0.0399908759
v -0.48639378 1.19781244 -0.0249930974
v -0.488705397 1.12109327 -0.0167494547
v -0.512991667 1.07440519 -7.2020307e-06
v -0.516560614 0.846093714 -2.72598731e-06
v -0.505387485 1.06645453 -0.00130990415
v -0.485003263 0.971405625 -0.0400820486
v -0.488463432 0.943747163 -0.0209704489
v -0.507686377 0.971171737 -0.000237996588
v -0.491377622 0.907610893 -0.0117871622
v -0.496531397 0.926872432 -0.00640591094
v -0.48202768 0.90925771 -0.0520732515
v -0.507873476 0.905892611 -0.000405995466
v -0.505202234 0.851866901 -0.00129150809
v -0.485636741 0.840589821 -0.0251443926
v -0.497463524 0.75284797 -0.000144219201
v -0.49678272 0.812015116 -0.00401876075
v -0.480234891 0.820121825 -0.0484532304
v -0.478584796 0.793288171 -0.0396039188
v -0.489060342 0.822086096 -0.0100508956
v -0.481214106 0.784319401 -0.0180358458
v -0.477083534 0.747504056 -0.00883233827
v -0.485586405 0.764917016 -0.0057150363
v -0.481151849 0.712851286 -0.000464133016
v -0.467446834 0.676925838 -5.49768765e-06
v -0.516869664 0.560127318 0.000299522944
v -0.330412596 0.508889735 3.82627348e-07
v -0.462611496 0.524436295 7.28378363e-05
v -0.474189758 1.05901968 -0.0614798479
v -0.478529513 1.03789032 -0.058574602
v -0.467681855 1.13437271 -0.0619198009
v -0.462789416 1.12028491 -0.0557546429
v -0.459512591 1.13008201 -0.0504595414
v -0.455031604 1.12218654 -0.0250392351
v -0.450452894 1.16358614 -0.0102218632
v -0.444813699 1.10742044 -0.00565921562
v -0.433919966 1.07924283 -0.000636763754
v -0.424646676 1.24652255 -0.00037356047
v -0.425000876 1.13937497 -6.8811778e-06
v -0.410607219 1.27497506 -0.00889398344
v -0.40750277 1.26472652 -0.0149540007
v -0.41677165 1.2535888 -0.00417446205
v -0.399851024 1.23207331 -0.000487444049
v -0.393558592 1.19295919 -0.000135324415
v -0.400117576 1.26897681 -0.0518568009
v -0.399629802 1.25916529 -0.0394945368
v -0.400942683 1.27802908 -0.0287723485
v -0.403946966 1.25715876 -0.0153043997
v -0.397521764 1.24523962 -0.00699988939
v -0.406698078 1.13889599 -0.000697677315
v -0.416625053 1.10627234 -0.000430639775
v -0.453387916 0.932815313 -0.0146665098
v -0.450929642 0.9477126 -0.00903053209
v -0.401954383 1.07223558 -0.000856652972
v -0.379390538 1.06053257 -0.000288537965
v -0.400513798 1.0987798 -0.00547619676
v -0.362431675 1.04177725 7.1965419e-06
v -0.468621463 0.928869724 -0.0614539944
v -0.460470766 0.937727451 -0.0484637246
v -0.456692249 0.932646811 -0.0273543168
v -0.445480257 0.945308924 -0.00512315379
v -0.433786064 0.99440378 -0.000579295156
v -0.422668636 0.985943675 -0.00154213083
v -0.420730978 0.954442024 -0.000681261008
v -0.411161155 0.971534967 -0.00851629674
v -0.39952299 0.981750131 -0.0406876281
v -0.400640994 0.969332457 -0.0416668989
v -0.403189898 0.984135211 -0.0156922601
v -0.405628949 0.974993348 -0.0180551428
v -0.40309912 0.965386569 -0.0159408525
v -0.395549744 0.988857329 -0.0163777098
v -0.391686618 1.00799978 -0.00102543656
v -0.403683126 0.995243311 -0.00657996302
v -0.477869064 0.861254036 -0.0580212064
v -0.433488935 0.877287447 -0.000594017154
v -0.386142731 0.914898217 9.1961374e-05
v -0.394455999 0.880649567 -0.000109477027
v -0.398719937 0.953070164 -0.00683381967
v -0.397084564 0.942004561 -0.000984243932
v -0.471983314 0.823422611 -0.061726097
v -0.465989113 0.817411125 -0.0613963418
v -0.461118728 0.811960161 -0.0588128045
v -0.45849058 0.8231107 -0.0526599847
v -0.452819943 0.795770049 -0.0392903239
v -0.451451838 0.820361495 -0.0173249189
v -0.447858363 0.840279281 -0.00857467856
v -0.432920516 0.808235586 -0.000585015689
v -0.413833588 0.822896004 0.000116542986
v -0.405305982 0.839970708 -0.000922462146
v -0.405990988 0.782972872 -0.000888082432
v -0.469090044 0.778413296 -0.0601254925
v -0.470492721 0.764442563 -0.0513876304
v -0.472497225 0.7458812 -0.0166506264
v -0.475643992 0.719765842 -0.0026027977
v -0.458522975 0.747848868 -0.0612818152
v -0.458453864 0.733807623 -0.0548165478
v -0.462611973 0.731222034 -0.0382164381
v -0.456751406 0.709993839 -0.0165887643
v -0.457973063 0.769875288 -0.0615118034
v -0.451563865 0.771882355 -0.0533397049
v -0.445958197 0.706171155 -0.0523020141
v -0.448045462 0.744981766 -0.0607242845
v -0.443670124 0.714955509 -0.0614289679
v -0.43502602 0.717495739 -0.0609811656
v -0.441785038 0.749626577 -0.0397250168
v -0.444173634 0.767726183 -0.0212266017
v -0.441366881 0.776639163 -0.00929870084
v -0.431517601 0.722875178 -0.050296627
v -0.429246575 0.733232558 -0.0149372341
v -0.426135182 0.739399076 -0.0060833334
v -0.423409194 0.711411357 -0.0486309491
v -0.423615307 0.770230114 -0.000550211582
v -0.414646894 0.713062644 -0.0107765496
v -0.411744446 0.740235269 -0.000501704402
v -0.401132345 0.716628551 -0.0019767303
v -0.410354942 0.632591605 -1.89472958e-05
v -0.457132638 0.700716555 -0.00783376396
v -0.459550112 0.68615675 -0.00172642397
v -0.439466923 0.684731662 -0.0177346133
v -0.428687036 0.690584779 -0.0619126335
v -0.429833084 0.680336654 -0.0409295112
v -0.429845512 0.668831885 -0.00828290917
v -0.423257321 0.648509264 -0.00134334725
v -0.416780293 0.675620258 -0.0566488951
v -0.41106531 0.659504175 -0.0168894455
v -0.406771481 0.686761498 -0.0609321818
v -0.38955608 0.663547575 -0.0617513098
v -0.40289402 0.693165958 -0.0395765901
v -0.403528959 0.699703932 -0.0152067002
v -0.399829239 0.647792518 -0.00784893986
v -0.398694187 0.661125779 -0.052183833
v -0.413464934 0.435968965 8.57468913e-05
v -0.389799178 1.27008927 -0.0608913414
v -0.390939146 1.25874531 -0.0507986806
v -0.393313199 1.25179482 -0.01635262
v -0.368658274 1.26014221 -0.0601304881
v -0.377032816 1.2325393 -0.000528765726
v -0.342522323 1.27055645 -0.0606524199
v -0.351596773 1.25273585 -0.0395277217
v -0.340941906 1.24708617 -0.0163191948
v -0.36326468 1.2218585 -0.000707871921
v -0.35974288 1.20128775 -0.0163323283
v -0.357971609 1.21201968 -0.00672724238
v -0.349756926 1.20032763 -0.0517705865
v -0.343094349 1.21487939 -0.0142867034
v -0.320776939 1.23776865 -0.00743244682
v -0.338099539 1.2014792 -0.0615762882
v -0.33724004 1.21004879 -0.0487096831
v -0.322234869 1.24138415 -0.00926140137
v -0.320611447 1.22830927 -0.00966018159
v -0.319680423 1.20971656 -0.0612624325
v -0.309239268 1.22241962 -0.0289268028
v -0.388115197 1.13902307 -0.0149359703
v -0.394719183 1.17292976 -0.00146555947
v -0.394844145 1.13277102 -0.00740498584
v -0.379979551 1.14696503 -0.0487426817
v -0.380675852 1.10965216 -0.0598805435
v -0.380941927 1.16422415 -0.0156001188
v -0.392106354 1.11149371 -0.0181204751
v -0.381405354 1.17914617 -0.00697715813
v -0.371814817 1.15060592 -0.0612228587
v -0.369306684 1.17408133 -0.0513482019
v -0.372231096 1.1843164 -0.0153668867
v -0.358014107 1.18259442 -0.0616217442
v -0.366653293 1.14016378 -0.0617154464
v -0.36007005 1.19029486 -0.0501244031
v -0.35767585 1.15787542 -0.059475515
v -0.369158059 1.1183356 -0.0603970289
v -0.360229194 1.12580109 -0.0457879789
v -0.351632416 1.17819285 -0.0619561709
v -0.340453386 1.18092072 -0.0544753037
v -0.353971452 1.14930236 -0.0395233184
v -0.34911719 1.15144551 -0.0186138004
v -0.359901845 1.09891665 -0.0172381885
v -0.349878192 1.13345814 -0.00922827702
v -0.340297818 1.1689167 -0.0180933066
v -0.336575806 1.16564512 -0.00761858793
v -0.353747725 1.08650923 -0.00481471652
v -0.32313624 1.19696105 -0.0613817945
v -0.329393059 1.17996013 -0.0184311662
v -0.330960482 1.15443277 -0.0012974327
v -0.334704578 1.12098646 -0.000412828638
v -0.31082496 1.19271505 -0.0418563224
v -0.318173468 1.18246412 -0.0103617394
v -0.38903141 1.10033727 -0.0373275802
v -0.391793638 1.09131181 -0.016395675
v -0.390084922 1.07954323 -0.00733878883
v -0.379309833 1.09008169 -0.0516915321
v -0.385569304 1.085379 -0.0167786479
v -0.370405287 1.08919787 -0.0422893465
v -0.374868631 1.08378112 -0.0193938352
v -0.370226145 1.07585549 -0.00692165643
v -0.368691206 1.09834516 -0.051575128
v -0.366175175 1.08602369 -0.0149669088
v -0.34403038 1.08001649 -0.000486997917
v -0.306998461 1.10485375 -0.000204829601
v -0.390617639 0.98206991 -0.0518598631
v -0.394092709 0.974980772 -0.0530160889
v -0.390727013 0.968299687 -0.0528174229
v -0.392217219 0.958412826 -0.0167711284
v -0.375153869 0.97587496 -0.0602453388
v -0.385931462 0.99104476 -0.0178253241
v -0.37177366 0.969646871 -0.0603297353
v -0.356452525 0.982190788 -0.0526558943
v -0.367847413 0.959957838 -0.0382978059
v -0.330806822 0.989686489 -0.0149729671
v -0.353753954 0.996613741 -0.00676432904
v -0.329376578 0.984822512 -0.0399810746
v -0.357871383 1.00733507 -0.000452883658
v -0.328643173 0.960622966 -0.048568327
v -0.310653567 1.00948167 5.29253157e-05
v -0.288823932 0.967439651 -0.0618453957
v -0.295636982 0.979564965 -0.0580543987
v -0.271844536 0.995656371 -0.00689496845
v -0.385444671 0.880192935 -0.00220385054
v -0.349366575 0.955733538 -0.0199569371
v -0.373988479 0.8725425 -0.0171177723
v -0.353513926 0.94329226 -0.00340815936
v -0.362000465 0.929273427 0.000435688911
v -0.37058723 0.903028905 -0.00222413079
v -0.372866482 0.885809958 -0.00740991486
v -0.362179995 0.875662506 -0.0555505268
v -0.355705798 0.893348038 -0.0414190963
v -0.360952854 0.892748058 -0.0197287798
v -0.346173614 0.893964112 -0.0608594753
v -0.341317773 0.909791172 -0.0346258655
v -0.331664413 0.950538516 -0.0088788541
v -0.341141582 0.924523473 -0.00461156573
v -0.350159109 0.91147542 -0.00859610923
v -0.330060959 0.895680189 -0.0620486289
v -0.333462149 0.9078179 -0.056867905
v -0.341946363 0.878256738 -0.0583208017
v -0.332976222 0.920062423 -0.0158872139
v -0.332638681 0.877544999 -0.0332492068
v -0.322099566 0.922326565 -0.0306631718
v -0.300096869 0.940577865 -0.00982398447
v -0.313683391 0.913125932 -0.0619253516
v -0.317943633 0.894792914 -0.0519249812
v -0.316213191 0.919323087 -0.0529260375
v -0.311095685 0.8934201 -0.0262677595
v -0.324646801 0.877430141 -0.0088439323
v -0.307841241 0.948535979 -0.00961613096
v -0.390236765 0.808817506 -0.0145554738
v -0.396399349 0.838771045 -0.00459272182
v -0.393907517 0.790273428 -0.00739033008
v -0.381602168 0.820701003 -0.0523674339
v -0.380414426 0.796803117 -0.0513608046
v -0.379767358 0.843225539 -0.0444234237
v -0.383767962 0.849362731 -0.0166795533
v -0.387246996 0.850408733 -0.00860731304
v -0.366966784 0.8594172 -0.0612784401
v -0.370729506 0.833881915 -0.0625053719
v -0.370276809 0.799757361 -0.0599244721
v -0.370248884 0.864111662 -0.0522170104
v -0.378923267 0.810149074 -0.0578705668
v -0.360331029 0.799014866 -0.0399496518
v -0.356292427 0.858972847 -0.0611516908
v -0.359615266 0.820276022 -0.0497566611
v -0.345575035 0.861018777 -0.0392875746
v -0.353958845 0.840521634 -0.0397428386
v -0.351291984 0.838879347 -0.0216412079
v -0.358127356 0.793924868 -0.02132627
v -0.349722087 0.823396087 -0.0093451282
v -0.342023581 0.857867241 -0.0149485189
v -0.339047879 0.849278986 -0.005712891
v -0.348476827 0.798754573 -0.00571313873
v -0.332090795 0.831166446 -0.000417240401
v -0.334006608 0.796549499 -0.000174304325
v -0.320257783 0.858883321 -0.000431056367
v -0.380583823 0.759698987 -0.000179325711
v -0.383386791 0.710722983 -0.000103270191
v -0.380739987 0.789160907 -0.0382088795
v -0.387085676 0.795395136 -0.0196445473
v -0.383732349 0.78614974 -0.0146441013
v -0.379746914 0.776215732 -0.00688550435
v -0.370623529 0.789534569 -0.0497808121
v -0.375000298 0.783491671 -0.0182980523
v -0.349670708 0.764148533 -0.000304273446
v -0.287864745 0.748467326 1.85669887e-06
v -0.364543706 0.785459101 -0.0168482754
v -0.359977365 0.780143797 -0.00758394599
v -0.348748565 0.776289582 -0.00178494421
v -0.381529421 0.67177844 -0.0609819964
v -0.38999176 0.689861298 -0.0160044301
v -0.377959281 0.644171536 -0.0142467143
v -0.385841489 0.693363726 -0.00705000432
v -0.371339768 0.676163733 -0.0406882055
v -0.375804812 0.648554504 -0.0343536548
v -0.373887002 0.681326628 -0.0192903709
v -0.358625144 0.662400365 -0.0617573559
v -0.367088556 0.650049984 -0.051532954
v -0.370007813 0.694991648 -0.00230103801
v -0.345189005 0.632858455 -0.00734599726
v -0.353412628 0.669215322 -0.0509917364
v -0.353802413 0.677505374 -0.0137127778
v -0.337383896 0.695142686 -0.000290584954
v -0.334239602 0.67817241 -0.00737686688
v -0.335178167 0.64975512 -0.0604053102
v -0.338644922 0.643570304 -0.0409028828
v -0.331142724 0.637529492 -0.017478874
v -0.320780188 0.667057633 -0.0397803821
v -0.311762214 0.683591723 -0.00253694854
v -0.31076616 0.659802139 -0.0597471893
v -0.312935382 0.670505822 -0.0192753673
v -0.272239536 0.648617029 -0.0612642989
v -0.380136251 0.634441674 -0.00328443968
v -0.360691398 0.620315492 -0.000127283056
v -0.325732976 0.624664426 -0.00311646261
v -0.237812489 0.601954579 -6.82477321e-06
v -0.294388413 0.614268601 -0.000717358431
v -0.293867499 0.639984429 -0.0418281369
v -0.362952799 0.284983158 6.88100044e-05
v -0.328580886 0.159919485 0.000153420406
v -0.296953976 1.2184478 -0.0495190807
v -0.296158791 1.27018428 -0.0611662641
v -0.28818962 1.25808668 -0.0615715571
v -0.290362388 1.21277368 -0.0620064698
v -0.294595391 1.25309217 -0.0495206527
v -0.304454982 1.24901211 -0.0314142667
v -0.296082735 1.24207985 -0.0234377105
v -0.299579829 1.23120129 -0.0196381323
v -0.297650665 1.2006222 -0.0610558093
v -0.290340841 1.22899115 -0.0300596375
v -0.275052339 1.22567511 -0.0627203211
v -0.284699768 1.24625933 -0.0514535457
v -0.280986607 1.2350949 -0.0501925871
v -0.284399837 1.22458434 -0.0537732951
v -0.28881979 1.23913479 -0.0289658699
v -0.266830206 1.21322799 -0.0704274327
v -0.277151495 1.26288927 -0.0679785311
v -0.272853523 1.23855805 -0.0612570234
v -0.276297033 1.2025907 -0.0683604479
v -0.262777478 1.20437419 -0.0696206614
v -0.264236599 1.26583266 -0.0699481741
v -0.264961302 1.24914324 -0.0661130697
v -0.265172601 1.23275912 -0.0629768223
v -0.251850665 1.27386236 -0.0631121695
v -0.251367003 1.25620079 -0.0635319501
v -0.258759946 1.23729503 -0.0600530244
v -0.255583316 1.22525108 -0.0612380393
v -0.253127426 1.24438882 -0.0545752794
v -0.249865428 1.23496449 -0.0433633998
v -0.235180765 1.25934839 -0.0611575395
v -0.242302939 1.21299267 -0.0616747141
v -0.239750579 1.20533252 -0.0615010969
v -0.245812491 1.24838912 -0.0489208996
v -0.243019357 1.2223314 -0.0492399
v -0.23971501 1.1989615 -0.0580380224
v -0.241643578 1.24065614 -0.0274902508
v -0.239814475 1.22761762 -0.0291137509
v -0.304855973 1.1804626 -0.00562396273
v -0.307253391 1.16699016 -0.000674295647
v -0.304090261 1.18905187 -0.0224035773
v -0.287689656 1.19529998 -0.0592070818
v -0.291029245 1.18272305 -0.0176745392
v -0.289944351 1.17104733 -0.00864942651
v -0.295331746 1.12999082 -0.00440381002
v -0.284864277 1.18659854 -0.0490953997
v -0.279984593 1.17450595 -0.0479976311
v -0.279977798 1.13460433 -0.0446490385
v -0.283691078 1.16887558 -0.0253248289
v -0.283946127 1.10829175 -0.0186323263
v -0.288601875 1.10116458 -0.00828024745
v -0.272097796 1.18149233 -0.0615688935
v -0.270082325 1.09935212 -0.0611342229
v -0.265648007 1.18064368 -0.061658442
v -0.26163286 1.11376727 -0.0603214912
v -0.260888219 1.17887032 -0.0591024309
v -0.254251361 1.19425035 -0.0616093986
v -0.256292224 1.17106831 -0.0472826101
v -0.257613957 1.09018421 -0.0523518138
v -0.248199776 1.18650782 -0.0360134058
v -0.254237413 1.13375068 -0.03750645
v -0.249968946 1.17318082 -0.017163178
v -0.249772325 1.13333833 -0.0155733982
v -0.238784656 1.19121087 -0.0309239402
v -0.241454124 1.17761683 -0.0067384108
v -0.243353799 1.12499714 -0.00671762833
v -0.28323254 1.04857361 -6.12135482e-05
v -0.295858204 1.07991517 -0.00158583326
v -0.278684914 1.09837055 -0.0399782285
v -0.281192482 1.08738506 -0.0165666956
v -0.278567195 1.07557976 -0.0083897654
v -0.275426567 1.05795264 -0.0014671213
v -0.271687895 1.0888797 -0.0521742813
v -0.2702896 1.07965279 -0.0338721089
v -0.26499781 1.08562613 -0.052267231
v -0.264625549 1.07081151 -0.00740112364
v -0.253748327 1.09596455 -0.0398297906
v -0.258076459 1.08086419 -0.0325203985
v -0.249104798 1.09496903 -0.0176559575
v -0.253497452 1.08015513 -0.0153708868
v -0.244872332 1.07720101 -0.00643542642
v -0.230509743 1.07219553 -0.000220505317
v -0.255314678 1.0047574 -0.00162773021
v -0.295906484 0.959447384 -0.049058158
v -0.289984673 0.97389847 -0.061814066
v -0.259680986 0.985135317 -0.0399478041
v -0.252978981 0.989529908 -0.0178973265
v -0.282788754 0.954205334 -0.0497103035
v -0.243056223 1.01932764 1.22577912e-05
v -0.264611274 0.973067522 -0.0642938167
v -0.264373213 0.963038981 -0.0661962032
v -0.246152788 0.978871584 -0.0609972589
v -0.252900928 0.96085906 -0.0626277328
v -0.199357197 0.980602562 -0.0611148477
v -0.241631329 0.959305882 -0.0496191122
v -0.303759754 0.901525378 -0.0527765453
v -0.298631102 0.951844335 -0.0180657227
v -0.301086783 0.93089658 -0.0186652113
v -0.283764154 0.923045158 -0.0617638789
v -0.29752633 0.908858359 -0.061241433
v -0.29816106 0.891065598 -0.00881337002
v -0.28948614 0.914998353 -0.0624460839
v -0.289938122 0.928174734 -0.0474115089
v -0.294987142 0.898211658 -0.0373700075
v -0.290150613 0.946252227 -0.0193751957
v -0.290173531 0.939256012 -0.0191429593
v -0.290144503 0.892539799 -0.017063994
v -0.274326235 0.954930723 -0.0607547276
v -0.284056664 0.906745493 -0.0613831729
v -0.280332178 0.93523556 -0.0504062995
v -0.27983436 0.895471275 -0.0478388295
v -0.280824155 0.945023358 -0.0427559018
v -0.279913038 0.88169986 -0.0185103733
v -0.287732542 0.876698196 -0.00636160234
v -0.271009982 0.942845345 -0.0598384738
v -0.263340116 0.914594233 -0.0705230236
v -0.273281217 0.901631773 -0.063003853
v -0.271506399 0.883644283 -0.0551096275
v -0.275817603 0.879915178 -0.0387192927
v -0.259037524 0.945515811 -0.0618976541
v -0.265132546 0.930011809 -0.0661211386
v -0.267427802 0.885803044 -0.0607113279
v -0.255245358 0.936081946 -0.0611490645
v -0.250133783 0.925911605 -0.0639600381
v -0.257646292 0.889641404 -0.0614603385
v -0.244714305 0.896038115 -0.0491305366
v -0.24927111 0.883899987 -0.0444082022
v -0.245077133 0.904549658 -0.0611197054
v -0.248556003 0.944653034 -0.0454208665
v -0.243924454 0.932751954 -0.0483183935
v -0.239720598 0.951774359 -0.0267205108
v -0.24058333 0.936959743 -0.029508153
v -0.238709345 0.945056915 -0.0225018784
v -0.241102234 0.89015013 -0.0198556203
v -0.239201248 0.875146389 -0.00712250266
v -0.308549881 0.875965297 -0.00207555387
v -0.297901809 0.832648695 -0.000412274676
v -0.298298776 0.792895675 -0.00042447407
v -0.297832727 0.870737433 -0.00021360637
v -0.280608296 0.83188045 -0.0123963291
v -0.269745529 0.818371296 -0.0565789491
v -0.270372868 0.793403983 -0.0488527901
v -0.275300771 0.820617139 -0.032546293
v -0.260283142 0.790700018 -0.0619882382
v -0.256603539 0.799932301 -0.0620259754
v -0.250162035 0.83898133 -0.0502951555
v -0.248872802 0.791351557 -0.0512035862
v -0.245998472 0.862817705 -0.0223042164
v -0.241074324 0.794993877 -0.0132646207
v -0.241294235 0.84250015 -0.0101581598
v -0.277808875 0.790711701 -0.0102172894
v -0.28480503 0.771488845 -0.0018128301
v -0.271934658 0.782152176 -0.0172033161
v -0.271165103 0.773344934 -0.00751981512
v -0.263670057 0.758290648 -0.00138271577
v -0.226081744 0.698500812 4.91037054e-06
v -0.260611475 0.780202627 -0.040996071
v -0.264999449 0.777414322 -0.0172096193
v -0.250262886 0.778127432 -0.0179073624
v -0.248311535 0.77337575 -0.00850343704
v -0.245398566 0.784277618 -0.0172097515
v -0.238610536 0.760232151 -0.00031666804
v -0.271653682 0.658076763 -0.0602123253
v -0.268750072 0.670392215 -0.0160118844
v -0.283786863 0.689857066 5.36945226e-05
v -0.244058773 0.66580385 -0.0387029909
v -0.243111014 0.676396906 -0.0068548522
v -0.23200579 0.65993768 -0.0590787418
v -0.228104487 0.639989495 -0.0406162664
v -0.263437241 0.635828912 -0.0199900717
v -0.253124565 0.630924761 -0.00857180916
v -0.229991853 0.624645889 -0.0040938328
v -0.207900926 0.639025748 -0.0292820632
v -0.0672338977 -0.211818844 -1.21098097e-07
v -0.311868757 0.0226551611 0.00052121334
v -0.225521132 1.2700752 -0.0601428598
v -0.231789902 1.27795804 -0.0390513353
v -0.234249532 1.25036252 -0.0379245728
v -0.218609571 1.23499477 -0.0156131461
v -0.21265021 1.20986938 -0.0612500757
v -0.220832452 1.24275827 -0.0195708144
v -0.222389013 1.22813952 -0.0203852635
v -0.168664649 1.2601006 -0.0603136234
v -0.185609445 1.2525686 -0.0389340073
v -0.200025976 1.24676859 -0.0182762612
v -0.203678712 1.21976316 -0.021787852
v -0.194241703 1.20988262 -0.0524105281
v -0.198426872 1.24173307 -0.00808294024
v -0.201893106 1.22539103 -0.0102016404
v -0.201721117 1.2366389 -0.00647110725
v -0.187397286 1.19899845 -0.0620012209
v -0.173741966 1.27361906 -0.0549281128
v -0.187229961 1.22525752 -0.00458227238
v -0.172329813 1.21239257 -0.00719124079
v -0.14799878 1.27115905 -0.0612637922
v -0.176073641 1.19702256 -0.0546893291
v -0.179874226 1.21019936 -0.0168866087
v -0.14889884 1.25066793 -0.0154972207
v -0.162857875 1.19561648 -0.0170996133
v -0.16059047 1.23066676 0.000126277562
v -0.15029709 1.20701885 -0.00100359623
v -0.230792552 1.19172525 -0.0209572967
v -0.230255961 1.18288362 -0.00723183434
v -0.229628831 1.1713444 3.5089728e-05
v -0.232709616 1.12189388 -0.000439369032
v -0.219301745 1.19966292 -0.060295023
v -0.218748078 1.19263721 -0.0402519926
v -0.2025747 1.15716255 -0.000137465569
v -0.208410501 1.1795491 -0.00776811596
v -0.200450972 1.195544 -0.0616757534
v -0.191781819 1.18256974 -0.0498465486
v -0.199814364 1.18066883 -0.0173142739
v -0.178741932 1.18021238 -0.061647661
v -0.190653443 1.17238843 -0.0151873808
v -0.184073567 1.15619349 -0.00715853646
v -0.184104681 1.11024463 -0.000895328005
v -0.181242839 1.1712501 -0.0474032685
v -0.180741534 1.16155267 -0.0182705447
v -0.185115516 1.13997006 -0.00273589487
v -0.165010288 1.14915955 -0.0555296354
v -0.16992715 1.14878476 -0.043563202
v -0.168765694 1.12957919 -0.017400777
v -0.173352554 1.12474585 -0.00787017308
v -0.162482992 1.17332792 -0.0613120794
v -0.159130931 1.14316308 -0.0610576123
v -0.161156476 1.18071032 -0.0522502102
v -0.158500448 1.10172868 -0.0469245352
v -0.234658673 1.08372319 -0.00187322276
v -0.18202956 1.08458221 -0.000457766146
v -0.159235552 1.06196392 -0.000419452204
v -0.162541404 1.09386718 -0.0180506203
v -0.166134864 1.0876044 -0.00761827873
v -0.232609361 0.968906343 -0.0608300492
v -0.219005391 0.952570558 -0.0100136595
v -0.178124532 1.01683354 -0.000497224682
v -0.214375183 0.965189278 -0.0499702282
v -0.1939843 0.990971684 -0.0291700475
v -0.208401665 0.956866503 -0.0177550763
v -0.179991797 0.999026954 -0.00805298705
v -0.180006057 0.989067674 -0.0403869972
v -0.157484606 1.00601149 -0.00328586879
v -0.169374809 0.962868333 -0.0380400307
v -0.155986875 0.993924022 -0.0171427634
v -0.14001365 0.969644785 -0.0600350685
v -0.152793407 0.981292188 -0.0603816025
v -0.130954176 1.0197469 -1.70961066e-05
v -0.234684855 0.922846556 -0.059568949
v -0.234352604 0.90966022 -0.0618738867
v -0.234975144 0.899096668 -0.0385833383
v -0.222967431 0.930608869 -0.021894075
v -0.226421565 0.897986591 -0.0290924348
v -0.22319001 0.938671172 -0.0101042744
v -0.227830529 0.890930057 -0.00799101312
v -0.21714817 0.919974625 -0.0596955456
v -0.214094684 0.908052981 -0.0616130792
v -0.222864047 0.90404731 -0.0524446629
v -0.220895693 0.945655763 -0.00760895154
v -0.225506499 0.875296772 -0.000928573369
v -0.19847022 0.910013974 -0.0620019883
v -0.202610791 0.897640049 -0.0554140881
v -0.202162668 0.921852231 -0.0433146954
v -0.210086301 0.891395032 -0.0161597747
v -0.205810457 0.929776192 -0.0125258658
v -0.193870082 0.912670851 -0.056925226
v -0.201036006 0.891998887 -0.0419627763
v -0.196643665 0.922091782 -0.0292277168
v -0.183866739 0.924192905 -0.007419731
v -0.202512413 0.879835188 -0.00601809658
v -0.186823696 0.875435412 -0.0180004463
v -0.174249038 0.943076551 -0.00125851773
v -0.172982395 0.932604313 -0.000406824314
v -0.18190816 0.890649498 -0.062065281
v -0.180531085 0.878569841 -0.053297244
v -0.181246191 0.910566866 -0.0415642895
v -0.170031503 0.958629906 -0.0172803774
v -0.17573829 0.911625683 -0.0181656107
v -0.166248903 0.952648818 -0.00698195118
v -0.173525885 0.894251406 -0.0610465854
v -0.164668322 0.89566344 -0.0411847085
v -0.155464917 0.876674831 -0.0553324521
v -0.161905557 0.899694502 -0.0144881289
v -0.162224531 0.910263956 -0.00572508201
v -0.232750431 0.787597656 -0.00526869483
v -0.210625902 0.802343786 8.01179194e-05
v -0.194892302 0.855084896 -0.000407486572
v -0.184327796 0.864893138 -0.00809237733
v -0.185716957 0.847129881 -0.0017877426
v -0.181889698 0.810104072 -0.00017931177
v -0.162175938 0.859839499 -0.0607096255
v -0.166555196 0.85552454 -0.0475811027
v -0.168340459 0.846859515 -0.0193527769
v -0.169356495 0.835894644 -0.00864851288
v -0.174333006 0.812517226 -0.00195218332
v -0.15261592 0.86266917 -0.0613896661
v -0.15736185 0.829802811 -0.0473921038
v -0.158625856 0.806565225 -0.0162329692
v -0.164803147 0.80287075 -0.0070432215
v -0.224795103 0.782475233 -0.00106456375
v -0.1736442 0.761844754 3.03357374e-05
v -0.166145384 0.778845489 -0.0012276218
v -0.212126851 0.659479618 -0.060488686
v -0.214977935 0.671043158 -0.0184192844
v -0.209827736 0.684246182 -0.00278600049
v -0.194126591 0.649878383 -0.0607793555
v -0.177209377 0.693751812 -0.0010664186
v -0.196173936 0.66871959 -0.0414946377
v -0.187698022 0.678306699 -0.00893011689
v -0.172396883 0.648791134 -0.0534893386
v -0.173879564 0.641148388 -0.0172502995
v -0.16979216 0.662992179 -0.0619570687
v -0.160216242 0.658051133 -0.0617949776
v -0.173583269 0.669661701 -0.0523772538
v -0.171446219 0.677925408 -0.0159927029
v -0.144579396 0.711180329 -0.000332961907
v -0.14383699 0.673400998 -0.0618149452
v -0.155623779 0.675918818 -0.0500312299
v -0.152292192 0.644239843 -0.0144145535
v -0.155262917 0.688314974 -0.00761629781
v -0.151628152 0.640207887 -0.00796177611
v -0.210321069 0.613716125 -0.000291394215
v -0.201172471 0.633262992 -0.00872210413
v -0.183044195 0.621909142 -0.000440768956
v -0.155715659 0.622826338 -0.000199700589
v -0.138974488 0.537954867 0.000261181529
v -0.166256696 0.425772935 0.000115563053
v -0.150823593 1.25814438 -0.0520534329
v -0.137090147 1.24372005 -0.00491326163
v -0.14026171 1.26068211 -0.0515787117
v -0.138601527 1.27221584 -0.052614335
v -0.135005727 1.26397741 -0.0404728614
v -0.129211262 1.27314973 -0.0175498184
v -0.129317716 1.26484585 -0.0175559036
v -0.135445908 1.25591421 -0.0158531889
v -0.126610279 1.25536609 -0.00691539189
v -0.124838315 1.23288178 -0.000195444052
v -0.129191518 1.17903352 -0.000418492389
v -0.12268398 1.26942909 -0.00735066365
v -0.113968045 1.26437819 -0.00242990605
v -0.0998652577 1.22437894 3.6530877e-05
v -0.0951563418 1.12041378 -0.00143359287
v -0.0804071426 1.1336633 -0.0126158884
v -0.0856504813 1.0708276 -0.00648010196
v -0.151453942 1.15019572 -0.06074946
v -0.149195448 1.15838242 -0.0508972071
v -0.150244609 1.16990507 -0.0349810384
v -0.147502095 1.1851573 -0.00673738588
v -0.14525944 1.11164725 -0.0615220852
v -0.140368968 1.13434899 -0.0487148464
v -0.137828797 1.1456356 -0.0180339608
v -0.143128946 1.1666013 -0.0129857892
v -0.138612479 1.10206032 -0.0541950651
v -0.132987007 1.10646665 -0.0290555749
v -0.129674777 1.1262815 -0.00948590972
v -0.134869546 1.15964115 -0.00640541967
v -0.120639801 1.14230669 -0.00152449822
v -0.111143909 1.0986867 -0.000344749453
v -0.103491277 1.12349725 -7.61802585e-05
v -0.149698123 1.09942222 -0.0600966811
v -0.150296792 1.09019327 -0.0502561368
v -0.155273348 1.08542478 -0.016675787
v -0.153722167 1.07626188 -0.00667059142
v -0.140268877 1.08921885 -0.0437690392
v -0.144932091 1.08359563 -0.0190721266
v -0.140378892 1.07590032 -0.00689421454
v -0.130973861 1.09688556 -0.0159746762
v -0.136072353 1.08596754 -0.0148558198
v -0.123930119 1.08913207 -0.00623288937
v -0.122241236 1.06922019 -0.000490951177
v -0.105281249 1.05276024 2.43593622e-05
v -0.135747805 0.961314619 -0.037445575
v -0.137314215 0.976920724 -0.059487354
v -0.129611507 0.981344879 -0.0506837964
v -0.134175912 0.990381956 -0.017739417
v -0.125716642 0.995041668 -0.0071003465
v -0.128185317 0.969755292 -0.0532712787
v -0.121027485 0.97584337 -0.0355420522
v -0.122401789 0.98468852 -0.0184111297
v -0.1209381 0.968137503 -0.0309564508
v -0.118339881 0.964300215 -0.0138686243
v -0.111178853 1.0021888 -0.000643538078
v -0.116362944 0.983823776 -0.00920115039
v -0.114716932 0.973330915 -0.0106854001
v -0.104347996 0.979439974 -0.00336567243
v -0.105147898 0.950100362 -0.000877080136
v -0.0935254544 0.98369509 -0.00208903826
v -0.147586927 0.879571021 -0.01754581
v -0.142295152 0.911243796 8.69108317e-06
v -0.140074953 0.878814936 -0.00714375405
v -0.13063474 0.956578672 -0.0155765088
v -0.131282702 0.9404217 -0.00135088118
v -0.139851049 0.895170033 -0.00165752578
v -0.121740103 0.953080952 -0.00688560586
v -0.124179341 0.875292182 -0.000546617317
v -0.0949577168 0.876248181 -0.000575583195
v -0.0844245553 0.859682679 -0.00526082423
v -0.151352897 0.838623405 -0.0613775961
v -0.149949238 0.818368435 -0.058974538
v -0.148816675 0.798874736 -0.0514338426
v -0.139009997 0.822873771 -0.0605785623
v -0.139208332 0.808446169 -0.0606023967
v -0.139493912 0.845450401 -0.0527154841
v -0.134572178 0.85489732 -0.0154185211
v -0.129782736 0.814415336 -0.0413529091
v -0.131492823 0.799452484 -0.0422599986
v -0.126726761 0.825670183 -0.0174688436
v -0.127076581 0.846413851 -0.00806886423
v -0.126440063 0.799108505 -0.0180640053
v -0.12035922 0.809113622 -0.00858088583
v -0.107476175 0.847570717 4.55693026e-07
v -0.115127057 0.837826133 -0.00221642968
v -0.112676501 0.798338234 -0.00349496445
v -0.104568832 0.792421937 -0.000778250105
v -0.094876565 0.789992213 -0.00219596131
v -0.0799542367 0.819122791 -0.00943148136
v -0.154250413 0.794771731 -0.0163541771
v -0.155074731 0.786316991 -0.00728774676
v -0.129240736 0.766211569 -0.000437258102
v -0.141596213 0.790293932 -0.0314456522
v -0.147098184 0.788408697 -0.0165726654
v -0.140617087 0.77926898 -0.00500869565
v -0.138554215 0.798692286 -0.0528484173
v -0.134861961 0.788792074 -0.0158544797
v -0.124434642 0.788692594 -0.00692513725
v -0.117773049 0.740936816 -0.000736479007
v -0.113170668 0.71496731 -0.0162668452
v -0.107404672 0.765821695 -0.000440262462
v -0.125090495 0.711413801 -0.00627496513
v -0.101278812 0.716246724 -0.0551680997
v -0.10936287 0.712617815 -0.0412667431
v -0.0909965932 0.739738703 -0.0502973795
v -0.0984461382 0.739848673 -0.0155311376
v -0.103505343 0.74132663 -0.00686441408
v -0.0987617895 0.712122858 -0.0616378561
v -0.0872132927 0.767508507 -0.0159406681
v -0.0767851025 0.752025485 -0.0614480861
v -0.0857281908 0.716627955 -0.0615607426
v -0.0783725828 0.764530897 -0.0554060079
v -0.0823887438 0.715643466 -0.0565113723
v -0.0774605349 0.783416688 -0.0424003527
v -0.0850363076 0.759415329 -0.0406550504
v -0.0779990554 0.801726103 -0.0184603669
v -0.0883831903 0.781149685 -0.00750570651
v -0.146781325 0.651318848 -0.0343051925
v -0.1438476 0.688655853 -0.0164001491
v -0.12359155 0.687102675 -0.0614184588
v -0.134931773 0.660066903 -0.0519690327
v -0.126247406 0.671943009 -0.0619294457
v -0.129319161 0.692416072 -0.0421743132
v -0.128399462 0.699777961 -0.015553941
v -0.111960538 0.658490956 -0.00734285917
v -0.119655386 0.670189679 -0.0538223796
v -0.117453702 0.661670685 -0.0172510371
v -0.100348011 0.653092623 -0.00115796342
v -0.107591622 0.69013387 -0.0621454678
v -0.101650916 0.686313331 -0.0547865331
v -0.0902733207 0.686531842 -0.0171784684
v -0.084883675 0.703647912 -0.0458588786
v -0.0872687623 0.68250519 -0.00756444689
v -0.0710129291 0.716426432 -0.0167782679
v -0.0776406899 0.673545241 -0.000661117781
v -0.0730786398 0.630210876 2.68925282e-06
v -0.131595656 0.634596586 -0.00082144828
v -0.0755678862 0.593212247 0.000596703496
v -0.134602457 0.282760799 0.000105647523
v -0.0973612964 0.1874578 -9.28807003e-06
v -0.0711081177 1.0879283 -0.0535133034
v -0.0752895698 1.13976443 -0.0350438319
v -0.0676121339 1.04930532 -0.0586019568
v -0.0582281016 1.21975529 -0.061547488
v -0.0576667637 1.10447657 -0.0618376918
v -0.0497329831 1.11489081 -0.0498956628
v -0.0452832878 1.18765342 -0.0224046446
v -0.0410132036 1.13410687 -0.0101075945
v -0.0351478197 1.09040809 -0.0058486471
v -0.0250513367 1.09593725 -0.00109384465
v -0.0149992099 1.0503906 -2.95715236e-05
v -0.0628887489 1.03280854 -0.0620794892
v -0.0749678016 0.976250589 -0.0249851383
v -0.0790281296 0.952709734 -0.0101271393
v -0.0513960049 0.951879323 -0.0584511198
v -0.0480024628 0.956411064 -0.051507365
v -0.042299442 0.955000043 -0.0209626574
v -0.0700035468 0.932012916 -0.0494873635
v -0.0559292473 0.897503674 -0.0614697784
v -0.0385916308 0.921876132 -0.011946016
v -0.0333566442 0.916878462 -0.00629539369
v -0.0237055942 0.934025168 -0.000918700709
v -0.0618776456 0.841935337 -0.06124207
v -0.0457385518 0.863435566 -0.0425588153
v -0.0203499869 0.855801642 3.10347277e-05
v -0.0700601265 0.830993056 -0.0488883853
v -0.075196445 0.85124433 -0.0198851451
v -0.0642081052 0.801538527 -0.061578054
v -0.0575996935 0.797989726 -0.0613955259
v -0.0504328273 0.828094959 -0.0572541356
v -0.0493040346 0.802462399 -0.0495960079
v -0.0404797047 0.832874477 -0.0142249214
v -0.0455417261 0.789051533 -0.0172277391
v -0.0419183113 0.780567586 -0.0073549361
v -0.0345286988 0.8201074 -0.00665870029
v -0.0249536522 0.777706027 -9.7753531e-05
v -0.0682024434 0.759060204 -0.0612546578
v -0.0700317472 0.791405499 -0.0591391511
v -0.0695758313 0.736890316 -0.0529391281
v -0.0599788353 0.765784562 -0.0545211546
v -0.0573753342 0.760670006 -0.0399829261
v -0.0575199276 0.746359825 -0.0162816737
v -0.0696232021 0.707189858 -0.00726920972
v -0.0525086001 0.750169456 -0.008761473
v -0.0595765114 0.70594883 -0.00169739453
v -0.0429850072 0.736657262 -0.000939611287
v -0.0344964601 0.779794276 -0.00258324062
v -0.0409680717 0.703903139 4.91266201e-06
v -0.019274909 0.609246731 0.000484793389
v -0.0649553016 0.156144157 0.000714632683
v -0.00662995828 0.0541350543 0.000314021861
v -1.31504917 -0.199881524 -1.49682255e-05
v -1.36664677 -0.207038537 0.00101313635
v -1.21240473 -0.321935087 7.34449859e-05
v -1.26561737 -0.200485334 -4.7964335e-05
v -1.19314456 -0.273281246 -1.13550314e-07
v -1.18645704 -0.217198044 0.000319216895
v -1.14189231 -0.168951109 0.00047521657
v -1.14217007 -0.382482648 4.68614344e-05
v -1.0296973 -0.414414078 -1.1765205e-07
v -1.12374806 -0.418706119 0.00057900598
v -1.08154655 -0.463187814 7.15089336e-05
v -1.03678167 -0.533185601 -8.98425787e-05
v -0.987398624 -0.565484583 -3.36240237e-06
v -0.962589383 -0.62161988 -0.000543312111
v -0.882794678 -0.321365714 0.000186316043
v -0.932637632 -0.390677929 0.000534388819
v -0.948659956 -0.513871074 0.000333352014
v -0.804312289 -0.310988873 0.00042075399
v -0.707442582 -0.341338396 0.000165097474
v -0.637403965 -0.37975952 -0.000108307097
v -0.604283154 -0.257284641 0.000193533589
v -0.564892173 -0.206826076 9.85251172e-05
v -0.600289822 -0.351247728 0.000406936713
v -0.512090981 -0.0179436728 0.00059881818
v -0.482813001 -0.0477733947 0.000652643212
v -0.462923825 -0.0725941882 0.000189460727
v -0.470130622 -0.18379873 0.000261761947
v -0.36135143 -0.114627302 -2.70198416e-05
v -0.396581382 -0.205958277 0.000718342257
v -0.322957873 -0.0280732363 0.000567298383
v -0.389352947 -0.0874474272 0.000326954789
v -0.322272569 -0.232797742 8.74097095e-05
v -0.268358022 -0.273319542 9.24435735e-05
v -0.247743651 -0.304069877 0.000919782149
v -0.156078711 -0.384910941 0.000232812643
v -0.102764525 -0.811211348 0.000393445691
v -0.10842561 -0.888215005 0.000207316363
v 0.260144055 -1.20578241 -1.33572044e-07
v -0.0635640472 -0.499396712 -3.82869439e-05
v -0.0518060438 -0.54770869 0.000599351188
v -0.0254735202 -0.600146472 0.00049183279
v -0.00610466162 -0.644550323 0.000382347906
v 0.22733888 -0.688239694 -1.11381596e-07
v -0.0403551944 -0.792744935 0.000356545905
v -0.021474896 -0.763840556 0.000740211632
v -0.00224545551 -0.733344138 0.000243377261
v -0.060084343 -1.02965808 0.000238942564
v -0.0182473212 -1.21744537 0.000177263559
v 0.00604974525 -1.36545181 -0.000190813284
v -0.885940015 1.6047349 0.0501720682
v -0.873023212 1.62352312 0.0750028044
v -0.883955061 1.59816587 0.0291062389
v -0.930192232 1.52016425 0.0486370176
v -0.933202446 1.51146448 0.0773817077
v -0.928675771 1.51306725 0.0358639583
v -0.914967358 1.5480274 0.0294593759
v -0.916620433 1.55630815 0.049648691
v -0.92298758 1.54606056 0.0695569739
v -0.908168256 1.52569556 0.00872295815
v -0.906699836 1.54455948 0.0149525199
v -0.921097815 1.50982285 0.0194637179
v -0.903462172 1.58083928 0.0736574233
v -0.896508098 1.57276762 0.0228125826
v -0.902020693 1.57633936 0.0390886404
v -0.891022146 1.52292192 0.00163779955
v -0.861612678 1.60160828 0.00839207415
v -0.878755212 1.5530045 0.00243950658
v -0.879803658 1.58675432 0.0139100039
v -0.929480553 1.49210596 0.0511536933
v -0.930351436 1.48951113 0.0817084461
v -0.922004938 1.48998582 0.0284719989
v -0.921123564 1.47793305 0.0474898107
v -0.910279989 1.50045991 0.00953346957
v -0.909602523 1.4811939 0.0222251005
v -0.911087692 1.46911979 0.0781793892
v -0.90112251 1.49027598 0.00928187836
v -0.890914619 1.47829628 0.0179721657
v -0.898972511 1.46860373 0.0419350453
v -0.897630692 1.46608448 0.0800111666
v -0.887073219 1.50426233 0.00155195955
v -0.875038862 1.4901427 0.00712406775
v -0.874171197 1.46960473 0.0354382247
v -0.877438068 1.46516252 0.0699690878
v -0.881687522 1.30658555 0.0387203693
v -0.900059104 1.28399837 0.0699853972
v -0.905607879 1.2644769 0.0328166895
v -0.874456286 1.32412028 0.0625303313
v -0.885385931 1.28054833 0.0169841424
v -0.87469399 1.30736685 0.024795549
v -0.884926736 1.60617614 0.0986714885
v -0.876659155 1.60980749 0.1163776
v -0.915219665 1.56085813 0.0903004855
v -0.930018723 1.52229571 0.0988026783
v -0.916500509 1.5508132 0.111414261
v -0.923147857 1.52358794 0.120686039
v -0.910587192 1.54031491 0.131392404
v -0.89882338 1.58095098 0.110427581
v -0.895874798 1.56948876 0.129522547
v -0.895151198 1.54890084 0.140851542
v -0.909066677 1.50936925 0.14068602
v -0.894177735 1.52171206 0.145809755
v -0.874010861 1.60312891 0.128588811
v -0.868261874 1.56045151 0.147361964
v -0.887066483 1.51037621 0.14742361
v -0.929681242 1.50050461 0.107226647
v -0.921072543 1.47917986 0.104816861
v -0.922262132 1.48988092 0.119861744
v -0.920963705 1.50884736 0.128579453
v -0.910059988 1.48034215 0.12522614
v -0.907664895 1.49550557 0.138262734
v -0.900406659 1.47018659 0.109987117
v -0.896410644 1.47910726 0.130660295
v -0.873914182 1.46868908 0.10984569
v -0.89092809 1.48898697 0.140863419
v -0.87042588 1.50530708 0.14702487
v -0.890475035 1.29600215 0.100494079
v -0.900466442 1.27369738 0.114241377
v -0.905852675 1.25470006 0.125335991
v -0.847661614 1.36485445 0.0854385272
v -0.88031137 1.29334211 0.128340557
v -0.840864897 1.65964401 0.0480315089
v -0.802686036 1.70255589 0.0649686977
v -0.791888058 1.69986475 0.0232049059
v -0.792909443 1.70788741 0.0387290418
v -0.840268135 1.65506923 0.0338196047
v -0.783207417 1.69820964 0.0134887965
v -0.855210185 1.62957966 0.022855211
v -0.844611466 1.65777063 0.0699882656
v -0.854861498 1.58863056 0.00239706202
v -0.833110988 1.64842057 0.016151065
v -0.826025069 1.62226868 0.00196768763
v -0.814055264 1.65402067 0.00683925347
v -0.760289907 1.69077599 0.0016072382
v -0.782325327 1.52802122 0.000395509618
v -0.850489676 1.49043453 0.00954836421
v -0.852851927 1.47927904 0.0217586812
v -0.830706596 1.51058376 0.00235951482
v -0.841898739 1.47106051 0.0628897995
v -0.823350012 1.47703838 0.0471337698
v -0.806700647 1.50120509 0.00875039585
v -0.813456714 1.48916161 0.0201050024
v -0.813781202 1.481475 0.036682263
v -0.805645525 1.47844088 0.0610785075
v -0.838154256 1.37803817 0.0600491166
v -0.847091138 1.35356212 0.0290963035
v -0.853782415 1.3512814 0.0436393991
v -0.839682639 1.34810817 0.0144630931
v -0.820141137 1.38678169 0.0226409435
v -0.815437913 1.40183699 0.0334797651
v -0.805695593 1.42142177 0.0475590713
v -0.813572645 1.37364376 0.0081120627
v -0.802300751 1.42962015 0.0774952099
v -0.789079309 1.38438559 0.00204259437
v -0.794666171 1.41985297 0.0198598001
v -0.871252775 1.28869343 0.00884994492
v -0.87951827 1.24584603 0.00193102483
v -0.836855531 1.31108665 0.00151732541
v -0.807547212 1.35416317 0.0013444596
v -0.798177004 1.70690799 0.0887973085
v -0.842819512 1.65837967 0.0967717394
v -0.796314478 1.70417571 0.110380515
v -0.809578657 1.68082821 0.125190556
v -0.781354964 1.69979358 0.135063142
v -0.836885929 1.657377 0.117409341
v -0.862599969 1.60086644 0.139857054
v -0.84059459 1.64318228 0.129654035
v -0.834563375 1.63324201 0.140745938
v -0.854263842 1.58822989 0.14613688
v -0.814954162 1.63254035 0.146802545
v -0.787376881 1.63963711 0.14838697
v -0.761567533 1.70737982 0.142189771
v -0.866883099 1.53781617 0.148382679
v -0.825624168 1.52749479 0.14828077
v -0.718653738 1.55949068 0.148400858
v -0.862445414 1.46740019 0.0883188695
v -0.860987127 1.47928357 0.128997922
v -0.844319224 1.48907447 0.136235639
v -0.841022134 1.49912465 0.14285402
v -0.830938578 1.47836435 0.114721917
v -0.808393598 1.47858369 0.0899938047
v -0.815110207 1.51680052 0.14662002
v -0.814440966 1.48795748 0.126320004
v -0.799921334 1.5024941 0.140293926
v -0.79492569 1.48799384 0.125396535
v -0.859264672 1.34060335 0.111187227
v -0.834765315 1.37341559 0.116604552
v -0.852103233 1.33885145 0.126881838
v -0.812606812 1.41165268 0.10105712
v -0.842764616 1.34246075 0.134177342
v -0.808828115 1.39920914 0.128961295
v -0.82202822 1.35988736 0.14102298
v -0.804824591 1.41604424 0.116175339
v -0.792288303 1.40792561 0.138033375
v -0.815458536 1.34552264 0.14644751
v -0.884886742 1.26395965 0.140622467
v -0.838570654 1.3012954 0.147579372
v -0.840039253 1.31502545 0.145282581
v -0.835381269 1.257388 0.148423895
v -0.726087928 1.77403188 0.0489682406
v -0.756088316 1.74460721 0.0421833359
v -0.736257434 1.76676452 0.0699910745
v -0.733844161 1.75606918 0.0239696763
v -0.732631862 1.74855697 0.015042549
v -0.70481658 1.78644347 0.0305839851
v -0.773159862 1.69596267 0.00641600043
v -0.726020157 1.74239314 0.00701818941
v -0.775427103 1.51211858 0.00287655415
v -0.789272308 1.48631656 0.0243546106
v -0.781198382 1.45156157 0.0296472013
v -0.795718551 1.47724342 0.057828512
v -0.788097084 1.45295489 0.060111694
v -0.774388433 1.49634874 0.00897337031
v -0.779765546 1.48478866 0.0207261536
v -0.776970387 1.43172419 0.0102868574
v -0.786293745 1.47491705 0.0414246991
v -0.782768071 1.46485353 0.0417296365
v -0.788556039 1.47185814 0.0800431818
v -0.786415458 1.46503508 0.0800333694
v -0.774087071 1.47585177 0.0212114844
v -0.77101028 1.46259499 0.018522745
v -0.758690357 1.47833467 0.00737686548
v -0.761117339 1.45740783 0.00843271893
v -0.749336839 1.45476449 0.00274517969
v -0.758328915 1.42719471 0.00172302977
v -0.75155735 1.75146246 0.090011552
v -0.725658894 1.77485085 0.0977631882
v -0.725723028 1.76629055 0.121074773
v -0.692502677 1.78801715 0.130166531
v -0.767004251 1.72356653 0.126184449
v -0.759854794 1.73908496 0.111209035
v -0.74455601 1.70582426 0.146758988
v -0.712370574 1.76041734 0.138753057
v -0.732768774 1.69357955 0.148434758
v -0.771831691 1.51884437 0.147754371
v -0.79540962 1.47806883 0.0953080058
v -0.787294924 1.45275378 0.0941360369
v -0.783687115 1.45085454 0.113273658
v -0.785321057 1.48408449 0.123365931
v -0.785319805 1.47551966 0.109891698
v -0.781286299 1.46512496 0.110743806
v -0.771308362 1.46164572 0.129824564
v -0.781124115 1.43986475 0.12913096
v -0.770712018 1.49619055 0.140784159
v -0.773399711 1.47927189 0.129566178
v -0.759082556 1.48231876 0.14139618
v -0.758933306 1.4616847 0.140865743
v -0.773808062 1.42630398 0.141500771
v -0.749796331 1.50186408 0.147433698
v -0.751357377 1.4352262 0.14712368
v -0.744870961 1.47000003 0.145838603
v -0.731694877 1.46549785 0.14817813
v -0.775890648 1.40044606 0.146619722
v -0.778449714 1.37391508 0.148316115
v -0.599791586 1.4001224 0.148400441
v -0.655478537 1.83549321 0.0591775365
v -0.666799068 1.82670999 0.083057493
v -0.6449821 1.83599186 0.0294740163
v -0.628115177 1.85421145 0.0445661843
v -0.68162787 1.79895127 0.0201721396
v -0.67103523 1.79312158 0.00809933804
v -0.673355639 1.81829321 0.043797262
v -0.679452121 1.76883173 0.00236097514
v -0.638049781 1.82832277 0.0136772571
v -0.618277013 1.81789327 0.00195941492
v -0.630770087 1.84120703 0.0210630931
v -0.661125839 1.82929814 0.100804053
v -0.61760062 1.86058033 0.110786118
v -0.648040533 1.83478367 0.116118006
v -0.691772282 1.80003917 0.112183459
v -0.689445198 1.76862109 0.143836439
v -0.656971693 1.78336048 0.147000343
v -0.646850705 1.82977986 0.125952899
v -0.630427539 1.8354423 0.133592322
v -0.629414976 1.82639742 0.140848204
v -0.617056072 1.79810858 0.148396939
v -0.603408158 1.87624907 0.0662634969
v -0.610093117 1.8624779 0.0290131923
v -0.572026789 1.87111402 0.00832228269
v -0.575262964 1.88351345 0.0212707184
v -0.569731414 1.85678899 0.00235885684
v -0.581299186 1.88924646 0.041293487
v -0.546250701 1.89548123 0.0130440341
v -0.554437697 1.91078866 0.0702662468
v -0.5493958 1.91019535 0.0394312553
v -0.601054132 1.87756646 0.0899780095
v -0.585238755 1.87551355 0.128239021
v -0.573213875 1.86968601 0.140611738
v -0.578774989 1.88936877 0.11154943
v -0.553673804 1.8662225 0.146470979
v -0.534053981 1.924685 0.0850935578
v -0.547779381 1.91080594 0.110525809
v -0.400210798 1.48260748 0.148400068
v -0.512082756 1.93768513 0.0522430055
v -0.507222116 1.93616116 0.0349513441
v -0.516905904 1.92343175 0.0216527227
v -0.49023518 1.92772555 0.00972671527
v -0.463002235 1.96707368 0.0643165037
v -0.480575711 1.94558656 0.0231495183
v -0.458982319 1.94406247 0.00863957498
v -0.522295594 1.88549304 0.00144098164
v -0.48557514 1.91097617 0.00189566577
v -0.504164755 1.94235647 0.0954085886
v -0.51219666 1.92930901 0.121896073
v -0.492256671 1.93277991 0.132624462
v -0.494891405 1.94432843 0.110654846
v -0.499913603 1.91924965 0.140457749
v -0.534485161 1.90960848 0.12926814
v -0.482559383 1.88812566 0.148431346
v -0.483088821 1.90994692 0.147083417
v -0.444589823 1.80653322 0.14840731
v -0.515625477 1.29480469 0.148432136
v -0.481835306 1.41354454 0.148536235
v -0.491338849 1.36592817 0.149496645
v -0.501490474 1.3057282 0.149879441
v -0.500803232 1.27902603 0.150632843
v -0.487960547 1.33395123 0.157225937
v -0.489372253 1.28636241 0.159955174
v -0.475301832 1.36684716 0.165760666
v -0.483663112 1.33020389 0.166804463
v -0.484151661 1.26969671 0.185096309
v -0.480458319 1.32334387 0.188718408
v -0.480232209 1.29161322 0.201005414
v -0.452475995 1.93238914 0.00246672821
v -0.456699878 1.96653032 0.0389003009
v -0.451628894 1.96068907 0.0211591665
v -0.406235218 1.95017469 0.00147555384
v -0.400945842 1.97677219 0.013891018
v -0.415103644 1.97702241 0.0209107064
v -0.402237594 1.99402678 0.071221903
v -0.390716136 1.96977448 0.00617448892
v -0.402970403 1.98696041 0.0300722569
v -0.408128679 1.99038363 0.0511819869
v -0.445837677 1.97487366 0.0908882618
v -0.460922509 1.96316302 0.112931699
v -0.447362602 1.96310973 0.126509383
v -0.451939374 1.94764745 0.140051395
v -0.426269114 1.97987282 0.110489748
v -0.401041567 1.97571421 0.135610923
v -0.407228827 1.94771075 0.147414282
v -0.398098439 1.96807885 0.14189221
v -0.399330348 1.99395394 0.0904663503
v -0.403010041 1.98086393 0.128604978
v -0.39428091 1.99055314 0.115876734
v -0.41458562 1.46091235 0.149246976
v -0.447206676 1.4338007 0.150208652
v -0.426816702 1.44330716 0.153627008
v -0.405663341 1.45197451 0.156386614
v -0.375967056 1.46892786 0.151155442
v -0.46908772 1.4089365 0.149800852
v -0.475658655 1.3786515 0.157115057
v -0.447816223 1.42145264 0.156728774
v -0.429652989 1.3722223 0.156718507
v -0.420702487 1.37375379 0.150293455
v -0.41589275 1.39614129 0.160618037
v -0.407894999 1.38234949 0.148888707
v -0.388055861 1.40415835 0.151035115
v -0.450963795 1.2792747 0.159482986
v -0.440732837 1.35321641 0.159693271
v -0.444610268 1.3189919 0.156326547
v -0.439317375 1.2684772 0.149977893
v -0.434529036 1.33084643 0.149868071
v -0.421802044 1.31582022 0.148314476
v -0.421981484 1.27914584 0.149654165
v -0.371249974 1.31500113 0.148443833
v -0.402688861 1.29932022 0.14948906
v -0.405866355 1.28426266 0.156534061
v -0.411465198 1.44338298 0.164220721
v -0.393017143 1.45143521 0.165027753
v -0.40102765 1.43830335 0.202796072
v -0.468434542 1.3688978 0.194763422
v -0.461601704 1.39604294 0.164464802
v -0.454863995 1.39532685 0.195390195
v -0.457510471 1.3836472 0.20339489
v -0.459951639 1.36344004 0.21018444
v -0.452294409 1.4090544 0.165993765
v -0.450626016 1.377846 0.210226789
v -0.432441413 1.42924869 0.165766597
v -0.444273144 1.35748363 0.175206617
v -0.441568226 1.37021041 0.189787656
v -0.433846354 1.41629267 0.203053072
v -0.442089736 1.39830816 0.210454583
v -0.445492178 1.37449551 0.204157099
v -0.431448102 1.38016343 0.166173965
v -0.426342487 1.39444923 0.190455481
v -0.431711376 1.39833188 0.206555471
v -0.421918511 1.42954528 0.195152938
v -0.41171065 1.41779387 0.209013104
v -0.4148404 1.42402494 0.209658012
v -0.402867675 1.41438746 0.192213833
v -0.400899887 1.40965712 0.166256428
v -0.399845093 1.42858386 0.2109005
v -0.472002357 1.3408494 0.203133091
v -0.470002055 1.32170737 0.209926799
v -0.460329384 1.34716761 0.209778801
v -0.466274709 1.32527995 0.208391994
v -0.470199019 1.22964537 0.211053729
v -0.451149166 1.31997442 0.167909756
v -0.455739588 1.26000452 0.177440003
v -0.451081544 1.34442735 0.193012908
v -0.458602548 1.32202458 0.202193037
v -0.459812135 1.26811707 0.200271979
v -0.399054706 1.28188872 0.168650404
v -0.363042682 2.00197506 0.0732914731
v -0.36733672 1.99896133 0.0426546559
v -0.35002318 1.99851525 0.0418888852
v -0.341153562 1.99966621 0.0793260634
v -0.385046631 1.99647915 0.0498934351
v -0.353336692 1.98040938 0.00929667056
v -0.360688895 1.99101114 0.0208484698
v -0.359862238 1.89497435 0.00205896795
v -0.339752883 1.96660948 0.00716713909
v -0.340462983 1.9437592 0.00570643926
v -0.343518436 1.98793924 0.020844318
v -0.340670198 1.91406715 0.00843841862
v -0.329292655 1.97434878 0.0189040769
v -0.329251289 1.94381225 0.0142906494
v -0.331327558 1.98852348 0.0323299021
v -0.328593791 1.99279249 0.0540152453
v -0.328786463 1.9004339 0.0256531872
v -0.319541186 1.96169925 0.0296152383
v -0.319856197 1.93923891 0.030117467
v -0.319768697 1.97952461 0.0435516909
v -0.317979455 1.98212194 0.0805573463
v -0.371687174 1.82516766 0.00305960816
v -0.353886962 1.8570118 0.00893536676
v -0.340027153 1.88800061 0.0148106497
v -0.348533303 1.82494891 0.02093645
v -0.339738607 1.85996211 0.0249829385
v -0.337068856 1.84318042 0.0408177637
v -0.328659326 1.87395382 0.0490047522
v -0.32523492 1.88126326 0.0687440187
v -0.334814757 1.83926535 0.0800108984
v -0.32036978 1.91179609 0.0439107157
v -0.375231057 1.77600348 0.00129039888
v -0.36119628 1.80705082 0.00848062243
v -0.36573118 1.76867008 0.00275636022
v -0.354586869 1.77734089 0.00892221835
v -0.349178463 1.80057323 0.020814551
v -0.336740136 1.75546587 0.00807519536
v -0.342409194 1.77832294 0.0207155626
v -0.341256022 1.81994128 0.0389179215
v -0.33998844 1.79776645 0.0421545617
v -0.332615405 1.7809664 0.0425253361
v -0.329088062 1.76574528 0.0204771869
v -0.338202029 1.80924058 0.075711526
v -0.336040407 1.79530597 0.0800265744
v -0.330062926 1.78298664 0.0758428425
v -0.317364991 1.77117121 0.0427422635
v -0.323562264 1.77728653 0.0595340617
v -0.339030147 1.7389586 0.00189130101
v -0.302520603 1.74834836 0.00837791711
v -0.377878904 1.99829233 0.0984716117
v -0.35956943 1.99932706 0.106528133
v -0.370960265 1.99034607 0.126330957
v -0.360769302 1.97881174 0.140442684
v -0.388122886 1.85421824 0.148354992
v -0.361608684 1.96592724 0.145839289
v -0.358563483 1.94448662 0.148051292
v -0.346683919 1.98724174 0.130609557
v -0.337959796 1.99176085 0.117809542
v -0.338891625 1.96663392 0.140998527
v -0.34484458 1.9462415 0.144553095
v -0.328006685 1.99064541 0.104571901
v -0.328899533 1.97404218 0.129600078
v -0.339113742 1.92530894 0.140669793
v -0.327607065 1.93234873 0.130978167
v -0.319639564 1.97255838 0.113245159
v -0.319186658 1.92880416 0.112680078
v -0.319604993 1.94780612 0.119707853
v -0.372495264 1.87437356 0.147542477
v -0.360518873 1.88947928 0.145990655
v -0.362425625 1.8261354 0.141285881
v -0.345934093 1.88273287 0.138039201
v -0.350130051 1.82782125 0.130271792
v -0.340300471 1.83906424 0.115550265
v -0.338332415 1.88140392 0.129745379
v -0.324621111 1.88743508 0.0955086723
v -0.328206301 1.88837361 0.113664918
v -0.380670279 1.78306556 0.147757158
v -0.3616032 1.78793883 0.141614124
v -0.349592954 1.79466903 0.129138395
v -0.35225293 1.76918125 0.140932798
v -0.340277195 1.8108381 0.100505494
v -0.342518985 1.79975176 0.112347372
v -0.333853036 1.78060186 0.109838381
v -0.344150424 1.78044271 0.128735334
v -0.332116991 1.75290072 0.14038761
v -0.331650943 1.76915133 0.125778541
v -0.325121492 1.77693009 0.0975307822
v -0.315591305 1.76002979 0.129054502
v -0.341347396 1.72125006 0.148335069
v -0.350959688 1.74468541 0.146875098
v -0.327005416 1.7317183 0.147244617
v -0.369235128 1.46120238 0.158535942
v -0.33547169 1.48020399 0.149335414
v -0.297530949 1.47511232 0.152923882
v -0.322522879 1.46826422 0.157364264
v -0.365940958 1.39250743 0.148312271
v -0.372378081 1.3688966 0.148391441
v -0.379917383 1.41430557 0.157133088
v -0.350785792 1.41182268 0.149858743
v -0.358787715 1.42216504 0.159375712
v -0.295942158 1.40909731 0.14865154
v -0.318131536 1.42352581 0.156092852
v -0.289384961 1.41797709 0.150986448
v -0.392570645 1.28911686 0.156515226
v -0.352509171 1.2978586 0.149545729
v -0.306074947 1.28580022 0.157481447
v -0.374389589 1.44994104 0.198324233
v -0.378139913 1.44030559 0.210397124
v -0.354917765 1.46027231 0.166079089
v -0.337479621 1.45628309 0.192483991
v -0.333766282 1.4522512 0.203960732
v -0.354418665 1.44400132 0.208083168
v -0.356639087 1.43936348 0.209075272
v -0.308564216 1.46002662 0.19035241
v -0.309997857 1.46348369 0.169966221
v -0.390943885 1.42121506 0.195397139
v -0.383294404 1.42799687 0.203946918
v -0.374241441 1.42308378 0.172489956
v -0.352161974 1.43124568 0.192629784
v -0.32935071 1.43769526 0.202656776
v -0.311947465 1.43059361 0.167762443
v -0.370201111 1.28519142 0.163260117
v -0.384780496 1.27984107 0.19031845
v -0.363550723 1.2807616 0.179998487
v -0.314338684 1.27806056 0.182539895
v -0.314313143 1.96769595 0.0580615252
v -0.314762682 1.94622874 0.0474079847
v -0.314961523 1.92866647 0.0674779415
v -0.312615007 1.94998229 0.0800296068
v -0.308270812 1.75993145 0.0205320846
v -0.311086148 1.77245235 0.0799750909
v -0.300005674 1.76908779 0.0417015627
v -0.290071785 1.77342355 0.080013074
v -0.267171741 1.76348138 0.0162956566
v -0.26722911 1.7697767 0.025479367
v -0.273090541 1.77698421 0.061098583
v -0.26006794 1.77751124 0.0395996757
v -0.250077248 1.76101232 0.00882516894
v -0.207197964 1.79752231 0.0571031868
v -0.219099566 1.7939558 0.0885812491
v -0.292479396 1.73465109 0.00212594308
v -0.243864045 1.74681115 0.00195170357
v -0.314445138 1.96258342 0.09761291
v -0.315262675 1.93490553 0.0975934044
v -0.31194967 1.76834357 0.11027915
v -0.290388137 1.76915562 0.111198485
v -0.272794634 1.76277328 0.130936265
v -0.261071086 1.77438164 0.117212012
v -0.263656199 1.77871323 0.0975121036
v -0.223210052 1.76560819 0.141978547
v -0.291442752 1.74864876 0.14073424
v -0.274690509 1.73834276 0.146029279
v -0.214072615 1.72957122 0.14840281
v -0.157116324 1.75939834 0.148331195
v -0.188044667 1.62447727 0.148308888
v -0.195370525 1.55674326 0.148391739
v -0.201875016 1.49124968 0.148462802
v -0.227445036 1.47880888 0.150242686
v -0.248088986 1.46780324 0.159148976
v -0.306477159 1.36242437 0.148522884
v -0.264657348 1.38760149 0.148326874
v -0.294416428 1.35559916 0.150111273
v -0.27095294 1.37217927 0.150249824
v -0.24116537 1.42488384 0.156624645
v -0.21751231 1.36767697 0.14840211
v -0.247882769 1.36615372 0.150211766
v -0.302291036 1.29888511 0.149310932
v -0.286882609 1.30496061 0.157674417
v -0.289929509 1.28995645 0.161792502
v -0.286711454 1.34900892 0.156794235
v -0.275592834 1.35486197 0.161421776
v -0.264992625 1.35874224 0.160773948
v -0.254228145 1.3539561 0.160388187
v -0.243384138 1.33004653 0.156832784
v -0.241808027 1.30578697 0.15455699
v -0.240658596 1.28900182 0.159392506
v -0.30586946 1.44575286 0.208128944
v -0.301791817 1.45010531 0.210124716
v -0.276250988 1.45625281 0.20071511
v -0.270624459 1.44487035 0.207691297
v -0.257499814 1.46219063 0.180010289
v -0.224583 1.45998645 0.190662533
v -0.228234649 1.45029283 0.209802017
v -0.280413359 1.43047702 0.164322525
v -0.277485371 1.43853843 0.201823711
v -0.218158901 1.42996347 0.165427983
v -0.293952465 1.27998376 0.184709609
v -0.282281816 1.34306574 0.166834757
v -0.28079468 1.3205061 0.179698944
v -0.280852884 1.29617512 0.185995817
v -0.281052917 1.28498304 0.200671494
v -0.271941841 1.34976327 0.191742823
v -0.272579193 1.33885539 0.20296298
v -0.272615254 1.29633009 0.205253258
v -0.26657632 1.29587638 0.208813563
v -0.261585295 1.35100794 0.192057997
v -0.264926791 1.34051251 0.206350744
v -0.267412752 1.28342128 0.212424412
v -0.249843538 1.3405416 0.166605085
v -0.249844521 1.30100274 0.168465316
v -0.253693849 1.31250918 0.187561154
v -0.25069344 1.29209065 0.184078902
v -0.256824732 1.28957546 0.202938542
v -0.258776844 1.33940911 0.202559948
v -0.253287643 1.2737689 0.21182242
v -0.245779589 1.27715242 0.202476904
v -0.208524898 1.78642631 0.0215345807
v -0.192890912 1.77990222 0.00918474793
v -0.197331548 1.79697263 0.0373157188
v -0.203518003 1.75917614 0.00169105583
v -0.166518971 1.79260767 0.014005634
v -0.131215587 1.78732336 0.00413417816
v -0.146447137 1.81494892 0.0596070848
v -0.122692697 1.81041718 0.0213783588
v -0.130992234 1.81581151 0.0386492573
v -0.144016594 1.81598961 0.0800070539
v -0.149110258 1.67576575 0.00138476794
v -0.176190913 1.61009681 0.00267543667
v -0.1671924 1.61990607 0.00518285576
v -0.160145521 1.60075879 0.0116614532
v -0.172013491 1.56562138 0.00303735631
v -0.161846235 1.53794014 0.00175329472
v -0.161331356 1.58088541 0.00977143738
v -0.195139766 1.79003501 0.127605706
v -0.207118526 1.77708948 0.13773644
v -0.200211465 1.79593885 0.111906402
v -0.176245883 1.76876998 0.146294221
v -0.137548119 1.81602299 0.100485884
v -0.129438579 1.80157137 0.13558729
v -0.133377567 1.79353571 0.141143233
v -0.136972472 1.70554662 0.148299098
v -0.171107024 1.63909233 0.146780267
v -0.171735227 1.59621835 0.143900394
v -0.155861199 1.63439894 0.140590578
v -0.160077155 1.60001707 0.136540249
v -0.179039508 1.56347406 0.147358894
v -0.15618901 1.51911378 0.147979543
v -0.160632059 1.56880999 0.140151396
v -0.18371284 1.46683955 0.156841591
v -0.159999505 1.47144687 0.150038928
v -0.12772502 1.45138443 0.156199515
v -0.234168425 1.3433497 0.149304539
v -0.201149344 1.41751301 0.151633561
v -0.167079881 1.40736091 0.149420962
v -0.192772448 1.39875627 0.148379952
v -0.185235143 1.42316163 0.158492044
v -0.229568541 1.29942095 0.148835599
v -0.225472435 1.28433549 0.160118803
v -0.185927764 1.29710996 0.149900332
v -0.189991578 1.2874105 0.156943843
v -0.20357351 1.46057057 0.179644778
v -0.224347994 1.44579697 0.20812732
v -0.198934078 1.45263338 0.203673825
v -0.177971363 1.46035457 0.166091949
v -0.19137758 1.44534457 0.208248496
v -0.180590257 1.44074023 0.210340708
v -0.167060941 1.45043659 0.201491997
v -0.15662536 1.44049299 0.209589243
v -0.222064972 1.43801963 0.201376736
v -0.182179153 1.43679821 0.204197213
v -0.189130411 1.43193507 0.19046402
v -0.164291799 1.42203295 0.166592538
v -0.153701067 1.42383063 0.192580476
v -0.14636457 1.42584717 0.204168692
v -0.234620169 1.27854192 0.18493329
v -0.194971263 1.28298271 0.165148154
v -0.18789649 1.27986753 0.179931626
v -0.0972074047 1.78642654 0.00138782768
v -0.0342644192 1.82010961 0.00966154225
v -0.074315168 1.81687498 0.0149943475
v -0.0599220134 1.83587766 0.0649787635
v -0.0597001351 1.82995784 0.0312933885
v -0.0724260956 1.83178294 0.0493666194
v -0.0958120376 1.71731484 0.0013985883
v -0.137354076 1.66674316 0.0060296068
v -0.103421748 1.69048691 0.0093048308
v -0.0936261937 1.68027735 0.0270455908
v -0.0783915371 1.69921196 0.0165669043
v -0.0862526521 1.67847133 0.0487599261
v -0.086885497 1.67551327 0.0800072253
v -0.154392958 1.63226306 0.00913248863
v -0.148296431 1.61995077 0.0203378648
v -0.150409579 1.60077035 0.0242799297
v -0.126397014 1.6569339 0.0186544396
v -0.138240695 1.6390996 0.0207409374
v -0.141433477 1.61338365 0.0410426259
v -0.143814549 1.59737408 0.0425075367
v -0.139349282 1.60902655 0.0800137296
v -0.126928315 1.64415121 0.0349838473
v -0.131615326 1.62852168 0.0599559434
v -0.12009234 1.64516008 0.0599667095
v -0.108139962 1.66212106 0.0401675887
v -0.107434697 1.65862715 0.0624939129
v -0.149882078 1.5510354 0.0100243809
v -0.149429098 1.57723689 0.0230255779
v -0.125630572 1.52660525 0.0104245534
v -0.133163899 1.51035237 0.00222450844
v -0.138407379 1.55230284 0.0216641389
v -0.142098993 1.57705545 0.0413447469
v -0.139823824 1.5806812 0.06867183
v -0.140957296 1.59499538 0.0800248459
v -0.131140962 1.55633938 0.0406897888
v -0.130584195 1.56110072 0.0800113678
v -0.11221341 1.53291166 0.02854391
v -0.12091691 1.5490855 0.0599293746
v -0.110276945 1.53761184 0.0445639193
v -0.111355171 1.54101658 0.0814264342
v -0.10075634 1.52153754 0.0172252096
v -0.0906151086 1.5294764 0.0360328332
v -0.0948098153 1.5345577 0.0599333458
v -0.080005385 1.52139795 0.0184235163
v -0.0818390921 1.53386474 0.0599618144
v -0.110281557 1.51347554 0.00791436527
v -0.0888324156 1.50884151 0.00714101037
v -0.123279393 1.81575632 0.115865864
v -0.0887077898 1.8167274 0.129787505
v -0.0788828954 1.83131182 0.0905736238
v -0.0676434562 1.79659045 0.146258041
v -0.0610426702 1.83077931 0.114339165
v -0.0238360893 1.81858075 0.141247466
v -0.132510081 1.69062221 0.146849394
v -0.11975906 1.67104912 0.134729072
v -0.0629651919 1.7461642 0.14806208
v -0.125907958 1.6775533 0.142209843
v -0.0845580772 1.68685925 0.121416077
v -0.0908384323 1.70202112 0.140780851
v -0.0778341815 1.69999552 0.132307097
v -0.0690966323 1.73198748 0.14663592
v -0.102861606 1.66847134 0.111652263
v -0.150527641 1.60631633 0.124937482
v -0.140725508 1.6178987 0.110613912
v -0.14498584 1.59920859 0.110072404
v -0.140267089 1.63753819 0.128824979
v -0.12897867 1.63403511 0.0899576917
v -0.129560888 1.64008784 0.112942956
v -0.114401013 1.66596735 0.125137568
v -0.110938638 1.65583789 0.0899825543
v -0.150208399 1.57941616 0.126098469
v -0.141050547 1.54095829 0.137318537
v -0.141812921 1.57820535 0.105909847
v -0.132895336 1.55581105 0.112828977
v -0.142407015 1.55567718 0.129151806
v -0.135692194 1.52297461 0.142847836
v -0.120980076 1.52890575 0.133192182
v -0.112153754 1.53567755 0.11281535
v -0.107831866 1.53811264 0.0941848606
v -0.101478875 1.52259767 0.129704371
v -0.0877461955 1.53290045 0.0899075195
v -0.0910867229 1.52989042 0.111630887
v -0.0799533278 1.52151299 0.129639104
v -0.122086264 1.45868456 0.149256751
v -0.119711079 1.49919975 0.146769196
v -0.0909374878 1.48249531 0.148108155
v -0.0937058777 1.5088464 0.141410083
v -0.086128667 1.42989683 0.150044903
v -0.0649230033 1.43285072 0.148400724
v -0.0432852432 1.493451 0.148154929
v -0.131713495 1.36250353 0.148282349
v -0.144418076 1.41175568 0.160382062
v -0.12950103 1.38766825 0.150107414
v -0.128266364 1.40109634 0.160962343
v -0.109129459 1.35738158 0.149990231
v -0.0997036844 1.42689097 0.160076946
v -0.113683403 1.38520873 0.159718424
v -0.0978077129 1.35367143 0.15725933
v -0.0729918852 1.39913607 0.157219201
v -0.146168739 1.28755653 0.159436107
v -0.128125176 1.30874646 0.148513496
v -0.136563107 1.2980721 0.150317848
v -0.127723247 1.28534746 0.155318379
v -0.116128787 1.28879368 0.14941147
v -0.120670334 1.26977539 0.154193819
v -0.0985112116 1.32166314 0.149919316
v -0.0946353301 1.27732015 0.149519995
v -0.0883326605 1.32112932 0.157528728
v -0.0850260332 1.27137303 0.156535596
v -0.140822127 1.45036232 0.165815771
v -0.149972931 1.44852614 0.190008804
v -0.134852737 1.43937981 0.20137018
v -0.121939607 1.44129932 0.165005282
v -0.148987815 1.43471587 0.208719864
v -0.129654557 1.41704249 0.205838144
v -0.141736329 1.42920232 0.210392535
v -0.131848484 1.41138899 0.190555423
v -0.128571093 1.4279542 0.210842118
v -0.112365462 1.43105364 0.179575875
v -0.114822835 1.39702308 0.190106347
v -0.116244011 1.42636967 0.203647792
v -0.106584154 1.3973484 0.206161425
v -0.104776703 1.38143456 0.177786067
v -0.0986968875 1.36685908 0.167180061
v -0.101185679 1.41657567 0.196968734
v -0.0989556164 1.37920797 0.195838615
v -0.0929450393 1.4029808 0.20393236
v -0.0856992602 1.40857363 0.166489303
v -0.0849449411 1.35675418 0.202377126
v -0.0935222358 1.37958658 0.206087291
v -0.092039682 1.38966703 0.21105887
v -0.0800356194 1.3888377 0.197277457
v -0.0810498223 1.37360966 0.210113883
v -0.0760616064 1.35275722 0.208850697
v -0.1450039 1.27986372 0.191795647
v -0.135730982 1.28194761 0.165029451
v -0.0899592862 1.34488404 0.165940449
v -0.0834750384 1.31761742 0.166301027
v -0.0792840868 1.27011037 0.164500162
v -0.0784008056 1.31947458 0.192844734
v -0.00594622782 1.84528673 0.0515445285
v -0.00813792832 1.84608829 0.0826571733
v -0.00973737333 1.84065235 0.0337075964
v -0.0448215082 1.80163372 0.00210699439
v 0.00838719308 1.8373946 0.0204133652
v 0.00356203434 1.82339549 0.00729087042
v 0.0174154807 1.76290369 0.00186508207
v -0.0534842499 1.73491991 0.00303697702
v -0.0497386754 1.7226032 0.00933170225
v -0.0530565865 1.70894229 0.0222508106
v -0.0424468294 1.7082597 0.0340834148
v -0.0654169396 1.6900562 0.0624875948
v -0.0400168151 1.70512831 0.0498331264
v -0.0404407643 1.70340538 0.0700091645
v -0.0131665142 1.73631358 0.00999653153
v -0.00356001803 1.72531378 0.0281306375
v 0.00306443241 1.74676847 0.006815942
v -0.00236349786 1.71895206 0.0530289896
v 0.011605029 1.72299278 0.0861894041
v -0.0622894578 1.53029788 0.0273672082
v -0.0432562046 1.52832806 0.0163583402
v -0.0583168119 1.53777719 0.0504156463
v -0.0598643534 1.53900433 0.0800175369
v -0.0486144423 1.51914454 0.00907153822
v -0.028214762 1.53878164 0.0224903747
v -0.0300607141 1.54543841 0.0393845551
v -0.0217000768 1.55168581 0.0603129864
v -0.0157332793 1.5544399 0.0828504115
v 0.0335262343 1.53422487 0.00211275881
v 0.0214579962 1.56517732 0.0389937274
v 0.0218323618 1.54360557 0.00758152269
v 0.0246037859 1.55367315 0.0154746668
v 0.0166487321 1.55770802 0.0252342802
v -0.040873874 1.50850081 0.00294243172
v -0.0208804253 1.50703847 0.00110811088
v -0.0133976648 1.84033632 0.114251435
v 0.0409501605 1.85181189 0.102850646
v 0.0137508884 1.78499746 0.148561597
v -0.0183812771 1.83130026 0.129629284
v 0.0120115904 1.80810416 0.14717707
v 0.0544232838 1.77188325 0.14637734
v -0.0587878488 1.69515741 0.0975631252
v -0.0465045944 1.71181369 0.125382245
v -0.0492165685 1.72464681 0.140241504
v -0.0496817715 1.70487106 0.115476914
v -0.0203356761 1.73148954 0.135838404
v -0.0151869413 1.75062084 0.145503506
v -0.0302105788 1.70889521 0.0971450508
v -0.00847143494 1.71916938 0.107838541
v 0.0112506142 1.73431659 0.127464622
v 0.0212263763 1.7518084 0.141602501
v 0.0398389995 1.74918199 0.136044666
v -0.071406506 1.53147829 0.112438433
v -0.0494806692 1.53533745 0.117735706
v -0.0527938902 1.5217123 0.136103243
v -0.0363816768 1.54389 0.104644284
v -0.0355721675 1.53609598 0.125804976
v 0.000769802486 1.54060006 0.136691913
v -0.0567526557 1.51366949 0.141235486
v 0.0199421681 1.54164374 0.141309455
v 0.0182918776 1.56276643 0.113594428
v 0.0132715693 1.5531733 0.128201187
v 0.0344035886 1.53490865 0.146065399
v -0.0215012655 1.50809848 0.147242203
v 0.105198056 1.50210083 0.148400679
v -0.0575062223 1.38942838 0.150079787
v -0.0534022264 1.35174978 0.159278676
v -0.0384299569 1.34295082 0.149840936
v -0.0445445254 1.34089422 0.153636709
v -0.0223837215 1.3341502 0.14842841
v -0.0409457013 1.26939631 0.15816775
v -0.0307924636 1.28412783 0.149871111
v -0.0685730428 1.37815654 0.172730029
v -0.0689277872 1.36278307 0.201352254
v -0.0587695315 1.35833549 0.166053459
v -0.0740636885 1.26813507 0.189911664
v -0.0706594437 1.32624924 0.209225044
v -0.0716847256 1.30752409 0.203859836
v -0.07070788 1.25703299 0.202352405
v -0.0693455786 1.34420633 0.209513739
v -0.0595798232 1.33565199 0.200384676
v -0.0661713257 1.32457674 0.208120421
v -0.0641673356 1.2852211 0.208115876
v -0.0596910715 1.28088069 0.209799618
v -0.0460161939 1.29528034 0.166847289
v -0.0496102609 1.27964902 0.190788746
v -0.0580886155 1.30750155 0.204011023
v -1.19922614 0.335345536 0.0391924158
v -1.2061857 0.292001545 0.0609504692
v -1.19476867 0.403264821 0.0597102866
v -1.19544482 0.401149869 0.0801899433
v -1.19999397 0.249086782 0.0236602556
v -1.20533657 0.260720164 0.0398119986
v -1.20854032 0.261891872 0.0800065026
v -1.21152103 0.207164839 0.06161898
v -1.21337962 0.142693207 0.0599647798
v -1.20199227 0.154194266 0.0199331306
v -1.20961213 0.161014274 0.0376037583
v -1.21008706 0.0739828795 0.0389185548
v -1.21337819 0.0840534195 0.0624695197
v -1.2012651 0.0517388918 0.0196947753
v -1.21116102 0.0188588183 0.0672494471
v -1.19983006 -0.0408228524 0.0298924372
v -1.20751023 0.0143962773 0.0399852768
v -1.20034456 0.349559009 0.0947854891
v -1.20126522 0.291434824 0.115633428
v -1.20644951 0.268775523 0.100062855
v -1.19826138 0.23472096 0.129193857
v -1.21261406 0.173680812 0.0903491825
v -1.20978391 0.163705662 0.110490419
v -1.20163703 0.110756159 0.129897371
v -1.21288872 0.0761934146 0.0900955796
v -1.20966756 0.0711202174 0.110830583
v -1.21027839 0.0145107936 0.0906708762
v -1.20726514 0.0173726529 0.110048063
v -1.20016599 0.00930862781 0.126341879
v -1.16798139 0.574190736 0.0500352494
v -1.17673361 0.533169031 0.0752794594
v -1.16564584 0.53612119 0.022287922
v -1.15927017 0.596741021 0.0318101794
v -1.16747737 0.557701588 0.0350621454
v -1.16000521 0.619191885 0.0578244738
v -1.14944756 0.562152386 0.00887878798
v -1.15152156 0.602258801 0.0218204781
v -1.15214765 0.628021955 0.0452895947
v -1.15250397 0.633229792 0.0774985626
v -1.14317739 0.584526539 0.0108183287
v -1.14507377 0.619184315 0.028540682
v -1.13817477 0.620091796 0.0300503895
v -1.14169538 0.632482052 0.0483996049
v -1.14508128 0.636286497 0.0781261623
v -1.13327348 0.581668794 0.00923757069
v -1.13464177 0.550087273 0.00353716989
v -1.13204753 0.601672649 0.018886907
v -1.12696004 0.619914889 0.0463570617
v -1.13289976 0.631545544 0.0698778555
v -1.12250447 0.581350267 0.0159722958
v -1.10912561 0.537609816 0.0093974825
v -1.12735546 0.608710527 0.0293389242
v -1.11212409 0.571069777 0.0224439744
v -1.11260855 0.596827328 0.0800007209
v -1.18048394 0.468744338 0.0313522629
v -1.18390036 0.470665842 0.0444154106
v -1.18124878 0.500240147 0.0597457141
v -1.17988181 0.416449964 0.0175359417
v -1.15939796 0.505928218 0.00941832736
v -1.15933454 0.425848782 0.00348448055
v -1.1451385 0.490047187 0.00178405968
v -1.12167394 0.523616433 0.00148889225
v -1.19045448 0.399935246 0.0336801633
v -1.19127071 0.35514167 0.0241300166
v -1.17622864 0.379115105 0.00891540386
v -1.16076148 0.354452074 0.00147641834
v -1.19201016 0.29118517 0.0165498815
v -1.18017256 0.258343428 0.0050425441
v -1.19099379 0.203585744 0.00943936966
v -1.17251718 0.227907196 0.00171709061
v -1.18951261 0.071822986 0.00730064046
v -1.17322505 0.031238487 0.00155877741
v -1.1911509 -0.0253005531 0.0138451783
v -1.16971779 0.5656389 0.0975717604
v -1.15996385 0.616797328 0.0954475999
v -1.15972924 0.596460879 0.115410492
v -1.17235732 0.525038362 0.115309455
v -1.16106749 0.56334269 0.125575557
v -1.15007567 0.630906701 0.10168355
v -1.15171957 0.617737293 0.116093278
v -1.15189838 0.594894588 0.129115835
v -1.14892972 0.56266427 0.139620692
v -1.14500594 0.620224118 0.118107654
v -1.14593017 0.600689352 0.130764917
v -1.13824868 0.580566704 0.14030242
v -1.13643551 0.631412625 0.0967902392
v -1.13223338 0.617863774 0.116843864
v -1.13380826 0.600342155 0.130810067
v -1.13029981 0.527230144 0.147556305
v -1.12488794 0.61708194 0.0988265052
v -1.11409521 0.587698758 0.114509389
v -1.12236392 0.586028934 0.130205646
v -1.12454057 0.564352512 0.140744239
v -1.18553889 0.464189857 0.100374356
v -1.18227339 0.441516817 0.121917114
v -1.16861022 0.504041016 0.129554302
v -1.16338682 0.465210021 0.140756398
v -1.15929902 0.405233949 0.145855457
v -1.14442909 0.499296308 0.146307081
v -1.11479807 0.468364298 0.148457915
v -1.19045722 0.394732028 0.116500489
v -1.18849874 0.346881688 0.130190387
v -1.17925143 0.340286344 0.14018926
v -1.14877653 0.388753414 0.148084491
v -1.18033814 0.278851867 0.142560929
v -1.13976562 0.319218755 0.148412064
v -1.03731561 0.340996742 0.148317888
v -1.18819141 0.194268733 0.141337112
v -1.17510796 0.207192421 0.146225855
v -1.16253197 0.23945491 0.148095414
v -0.819038093 -0.0384115539 0.148400396
v -1.1900512 0.0848048031 0.14098677
v -1.14869213 0.0472948849 0.148475632
v -1.17508888 0.0428080894 0.146387368
v -1.16001999 0.00749858189 0.148261562
v -1.1898545 0.0121914316 0.138600454
v -1.1793381 -0.0651201233 0.141030625
v -1.10742688 0.579054594 0.0420018621
v -1.07933855 0.521417677 0.0651760325
v -1.10647142 0.487727016 0.0015894383
v -1.09214473 0.53728205 0.0326556042
v -1.0857662 0.474863917 0.00658427691
v -1.07272446 0.468744725 0.0145207839
v -1.08008897 0.50191474 0.0249999389
v -1.08667219 0.534860075 0.0493045449
v -1.06015646 0.470530123 0.036795456
v -1.05370665 0.466708958 0.0799103007
v -1.08232498 0.442679942 0.00212958455
v -1.047611 0.405516356 0.00804472342
v -1.04981625 0.437188029 0.0223810114
v -1.04617989 0.450122952 0.0523386896
v -1.04815817 0.382092386 0.00219535222
v -1.03846204 0.403238505 0.0136135332
v -1.10609722 0.578416407 0.0998898521
v -1.10466683 0.552187681 0.127396837
v -1.11188507 0.539580286 0.140230104
v -1.10259378 0.483179271 0.146327123
v -1.09524882 0.545294881 0.114646323
v -1.07891417 0.518719435 0.0956249163
v -1.08272779 0.504719853 0.125424474
v -1.08905661 0.50404036 0.133879527
v -1.0779016 0.451684088 0.143236324
v -1.07469928 0.502002835 0.111507505
v -1.06122756 0.46890831 0.116877943
v -1.07934308 0.418455213 0.147844464
v -1.05850625 0.424116135 0.140777484
v -1.04967999 0.455333471 0.0999878496
v -1.04192686 0.422778606 0.125250474
v -1.05068374 0.42567277 0.133814901
v -1.04707956 0.376610547 0.146591514
v -1.0310117 0.416606128 0.110682584
v -0.986687005 1.10201335 0.0216525346
v -0.975129306 1.14600098 0.0483685173
v -0.989636004 1.1102829 0.0352049284
v -0.976967573 1.14637351 0.0699860826
v -0.966269076 1.13170218 0.0144676352
v -0.956562519 1.16670823 0.0253717545
v -0.94986248 1.14685678 0.00757606653
v -0.948816359 1.19100726 0.0365578607
v -1.01925075 1.04014611 0.0303212609
v -1.01663184 1.05809247 0.0467102118
v -1.01794755 1.05986536 0.0699889958
v -1.01607561 1.0214051 0.0176822953
v -1.00331306 1.06049836 0.0177141614
v -1.00386381 1.08862889 0.0549658239
v -1.00389647 1.03047156 0.00921281055
v -0.985634089 1.06750643 0.00600894401
v -0.988018036 1.03419554 0.00463229744
v -0.972444177 1.06809437 0.00164018024
v -0.965163171 1.05505693 0.00135749101
v -0.959493339 1.10602677 0.00327438861
v -1.03078425 1.00545299 0.0393663011
v -1.02960134 1.02423918 0.0517992079
v -1.03107429 0.990422606 0.0519293882
v -1.03526998 0.999407947 0.0700120702
v -1.03191531 1.02130711 0.0737424418
v -1.03062594 0.986439705 0.0843895599
v -1.02179432 0.999163091 0.0280033909
v -1.01888418 0.988928378 0.0376850553
v -1.02501678 0.984373689 0.0624394752
v -1.01153636 0.995354891 0.0272616353
v -1.01521635 0.983018458 0.0598515309
v -0.998047352 1.01793969 0.00912009552
v -1.00078189 1.00461936 0.0178408809
v -1.00440013 0.988689363 0.0414212421
v -0.998650908 0.987419248 0.0737475753
v -0.98365885 1.00502479 0.0258337539
v -0.969208717 1.00579274 0.0495248772
v -0.962843001 1.03161204 0.0102616707
v -0.953892648 1.02041328 0.0327440165
v -0.968492687 1.0047456 0.0699943751
v -0.927715182 1.05884004 0.0083030751
v -0.932468712 1.03935456 0.0240787845
v -1.02710056 0.404116064 0.0286297835
v -1.025177 0.411386728 0.0497967638
v -1.02545321 0.415124714 0.0800693855
v -1.01138735 0.353461027 0.00806087069
v -1.00453579 0.323578417 0.00193851907
v -1.00382328 0.362191767 0.020045029
v -1.00656295 0.379367709 0.0386355296
v -1.00040543 0.37716949 0.0706243217
v -0.986192524 0.32414335 0.00729476241
v -0.980849862 0.348450959 0.0396237224
v -0.978587627 0.334782541 0.0196639188
v -0.972328365 0.343841672 0.0563421473
v -0.982807636 0.355193496 0.0890922248
v -0.965109408 0.339255363 0.0804086849
v -0.956707895 0.31950441 0.0217065364
v -0.955655217 0.328272045 0.0405456163
v -0.951328993 0.30360958 0.00930187944
v -0.94889468 0.28953737 0.0033211885
v -0.97344327 1.15228987 0.0900714025
v -0.97927475 1.1321665 0.112061493
v -0.977384746 1.12011874 0.127789989
v -0.955889404 1.17852628 0.110364713
v -0.951021552 1.17001259 0.128895804
v -0.96867913 1.11193371 0.140164733
v -1.02545524 1.03897166 0.0906921849
v -1.02212107 1.03334677 0.116632961
v -1.00856912 1.07786667 0.0980197415
v -1.00652647 1.070068 0.118036047
v -1.00388145 1.05746686 0.131458908
v -1.01207471 1.03019822 0.132759824
v -1.00165558 1.02728844 0.140618518
v -0.983382583 1.07377291 0.141862035
v -0.975840688 1.05534089 0.146831617
v -0.956105947 1.06132698 0.14732264
v -0.94779557 1.11166894 0.147478744
v -1.03222549 1.00697815 0.104556218
v -1.03068888 0.992799342 0.100730509
v -1.01917112 0.989069104 0.111149192
v -1.02340508 1.00743878 0.121573597
v -1.02010524 0.997345567 0.12039496
v -1.01221979 0.983760834 0.092347458
v -1.01418447 1.00997734 0.130473137
v -1.00537276 0.992228031 0.116631612
v -0.998692036 1.00694871 0.132346585
v -0.970281124 1.00462079 0.0956649855
v -0.990495503 0.997439682 0.113593802
v -0.989679873 1.02244771 0.140880674
v -0.973192632 1.01596022 0.128930345
v -0.95810324 1.01992714 0.120574236
v -0.941467106 1.04966259 0.140425563
v -1.02719879 0.372010052 0.141104206
v -1.00986004 0.376354665 0.121739954
v -1.01084244 0.363042921 0.133999243
v -1.00469077 0.379791319 0.100678936
v -1.00126755 0.327483475 0.144803882
v -0.988718212 0.326837599 0.140838459
v -0.978441119 0.345551312 0.109803997
v -0.989996433 0.350016147 0.123882011
v -0.974517822 0.330192417 0.129680172
v -0.948312342 0.321481854 0.113128006
v -0.959271371 0.273232669 0.148211613
v -0.960240304 0.289283276 0.146389276
v -0.953981221 0.315330416 0.129983991
v -0.949226081 0.301501155 0.140023962
v -0.933704615 1.22363234 0.0492308177
v -0.933583081 1.22723377 0.0749796107
v -0.92143476 1.21627784 0.0148310186
v -0.924110413 1.22389162 0.0235904679
v -0.90479064 1.22254884 0.00587262027
v -0.919445992 1.17785478 0.00224522362
v -0.924707532 1.07727849 0.00200893474
v -0.901511371 1.06721461 0.0148030296
v -0.917597711 1.04106724 0.0413974263
v -0.923377872 1.03381014 0.0797870606
v -0.888118565 1.09860444 0.00240849145
v -0.874274313 1.07622576 0.024216149
v -0.866118431 1.07251406 0.0473315455
v -0.86427784 1.07690895 0.0347382613
v -0.871471047 1.06714964 0.0624958538
v -0.948144734 0.327283144 0.080017902
v -0.938505113 0.313039273 0.0267659724
v -0.931448281 0.318684697 0.0575609989
v -0.912974715 0.286313951 0.00570433587
v -0.910536349 0.300422102 0.0174714085
v -0.926738918 0.314743847 0.0411146246
v -0.906195164 0.308289409 0.0301404428
v -0.905895531 0.313129544 0.0501933768
v -0.908662677 0.315042287 0.0801431388
v -0.880631685 0.296251625 0.00909269229
v -0.8720631 0.320448995 0.0669966564
v -0.931010306 1.22804046 0.100342683
v -0.93302989 1.21178687 0.12193206
v -0.911813855 1.23273325 0.133682102
v -0.929003477 1.1862098 0.140888602
v -0.906073213 1.18882513 0.147741571
v -0.87294209 1.25391197 0.146754339
v -0.917934835 1.17472816 0.146843672
v -0.915776968 1.10632062 0.14849259
v -0.822233021 1.1478982 0.148301572
v -0.911971748 1.05680656 0.12996316
v -0.91799438 1.04256129 0.112000987
v -0.912715614 1.08514702 0.146265715
v -0.884277523 1.05992842 0.0891300589
v -0.888469219 1.06381357 0.117175043
v -0.867183983 1.08395696 0.129494473
v -0.872681201 1.09382188 0.140735507
v -0.860315025 1.12375426 0.147585124
v -0.930178583 0.317711502 0.0941423401
v -0.920004785 0.274890184 0.146605477
v -0.929770589 0.309377849 0.123776987
v -0.914911985 0.289276332 0.141724005
v -0.910889387 0.310582936 0.112642929
v -0.910015762 0.301831484 0.129901931
v -0.888775706 0.289224029 0.143018723
v -0.845366061 0.274677485 0.148298904
v -0.887614846 0.31606999 0.0975713879
v -0.883011878 0.310520142 0.120954916
v -0.87289834 0.304160684 0.132786617
v -0.85807538 0.298724771 0.140740946
v -0.679139376 0.248688385 0.148405403
v -0.845200658 1.12048137 0.00265555945
v -0.805106223 1.1317749 0.00363263558
v -0.786347985 1.12330151 0.00953385327
v -0.840964317 1.10980475 0.00822648033
v -0.858964384 1.09337735 0.013643845
v -0.824598253 1.10328341 0.0208162311
v -0.825340986 1.0935328 0.0415977389
v -0.82202363 1.09241748 0.0700179338
v -0.782952607 1.11201942 0.0226200242
v -0.800525904 1.10187471 0.0415034704
v -0.862246752 0.324778527 0.0815188065
v -0.855444729 0.319655478 0.0271987896
v -0.868226051 0.319366723 0.0438437201
v -0.851516306 0.329991132 0.0496463366
v -0.804973245 0.341767132 0.00908581261
v -0.836148798 0.335352749 0.0299029574
v -0.828620136 0.349727154 0.0684907958
v -0.825301528 0.3508147 0.0488407239
v -0.805708706 0.350493371 0.0143462317
v -0.814050972 0.355638713 0.0291641131
v -0.810601175 0.319195211 0.00266690063
v -0.804646611 0.37843132 0.0501838364
v -0.805159509 0.38005352 0.0700020716
v -0.78622973 0.399362445 0.0341805369
v -0.870254815 0.309388578 0.0207787212
v -0.848870575 0.308570206 0.0101458896
v -0.841992557 0.291196764 0.00184091472
v -0.859375358 1.11250174 0.145293832
v -0.830565631 1.11466718 0.14124763
v -0.800009012 1.13505697 0.145514071
v -0.796678245 1.12420642 0.140411586
v -0.840837061 1.08510137 0.097395204
v -0.835575879 1.09453177 0.120784983
v -0.803602099 1.10994577 0.12727651
v -0.805249572 1.09856725 0.0903785005
v -0.801046908 1.1028589 0.110297069
v -0.865216494 0.318762779 0.11116486
v -0.84761852 0.331786275 0.103151567
v -0.836855054 0.333662689 0.120337151
v -0.828182638 0.349110037 0.0938660875
v -0.853960633 0.313807517 0.130295411
v -0.81495899 0.344326943 0.13027449
v -0.80737716 0.362425834 0.12185248
v -0.810091853 0.334018737 0.140763968
v -0.805410326 0.377813101 0.0972619206
v -0.781407475 0.407142341 0.114908703
v -0.7843678 0.333654195 0.147565737
v -0.840995193 0.293074012 0.146104664
v -0.802822053 0.307042927 0.14817512
v -0.74840641 1.13690674 0.00158934528
v -0.751538992 1.11888909 0.00775660248
v -0.788391113 1.10106301 0.0801689848
v -0.779759645 1.10407412 0.0424666628
v -0.770176828 1.10004032 0.0684131086
v -0.760729909 1.10907018 0.0209020339
v -0.762266994 1.10069585 0.0393740274
v -0.750788569 1.09064305 0.0496567823
v -0.753825426 1.09099209 0.0785055682
v -0.742779493 1.09483123 0.0223921463
v -0.734591246 1.08113992 0.0284204204
v -0.735975504 1.07354379 0.0459156707
v -0.740415812 1.07670844 0.06607382
v -0.720005751 1.10973418 0.00252307672
v -0.72484076 1.0889318 0.0111549171
v -0.722464144 1.03697729 0.0660680458
v -0.714540541 1.04426634 0.0229169037
v -0.72024864 1.03786206 0.0415419154
v -0.729925275 0.551612318 0.0319974013
v -0.734751403 0.551720917 0.0515637435
v -0.731734514 0.570809603 0.072635524
v -0.725460291 0.547012985 0.0207213685
v -0.717876315 0.633852363 0.0491740182
v -0.718741119 0.640238702 0.0799179226
v -0.748763919 0.493623406 0.0392460525
v -0.756619453 0.476880431 0.0523866676
v -0.752657473 0.493310094 0.0802775249
v -0.737746775 0.500608504 0.0200508796
v -0.725690722 0.504394889 0.00899577048
v -0.715523541 0.491265327 0.00253127678
v -0.783841729 0.411436766 0.0489535816
v -0.785807371 0.411227703 0.0700046048
v -0.787997067 0.385437667 0.020768106
v -0.766693532 0.424621642 0.0207308587
v -0.765256345 0.444555491 0.0339831784
v -0.770750761 0.4450818 0.0602404065
v -0.766629636 0.400296092 0.00926078577
v -0.746171713 0.449012488 0.00945482031
v -0.737745345 0.425765306 0.00201221206
v -0.750551224 0.465643615 0.0195979066
v -0.789137185 0.344405562 0.00328861782
v -0.769092023 0.374446958 0.0033795198
v -0.764266789 1.14088845 0.146862715
v -0.767537534 1.12217879 0.139301389
v -0.734941959 1.14825594 0.148375362
v -0.750318468 1.11605251 0.139691219
v -0.737784207 1.12710631 0.14650327
v -0.70151782 1.11317492 0.148325935
v -0.778894901 1.10749114 0.118167244
v -0.76948452 1.10053349 0.0900167376
v -0.761954665 1.10097265 0.110433415
v -0.759373605 1.10738826 0.125861511
v -0.750107348 1.09075844 0.10179054
v -0.741316199 1.08798194 0.116939105
v -0.740115345 1.07720232 0.0903209597
v -0.734603345 1.08895934 0.128169477
v -0.727545738 1.1002481 0.140757531
v -0.728658497 1.05542815 0.0969999209
v -0.724827468 1.06351507 0.121505022
v -0.719220877 1.08472264 0.139716417
v -0.719413042 1.03207517 0.103497386
v -0.707576632 1.04959869 0.135634765
v -0.731299698 0.570545912 0.0898474306
v -0.734254181 0.541365325 0.112537622
v -0.724886358 0.580490768 0.114658959
v -0.714807153 0.645851851 0.105291165
v -0.7280249 0.542379618 0.12515983
v -0.728065133 0.51499629 0.134335041
v -0.756001115 0.479404002 0.0921570361
v -0.75289464 0.476580173 0.114278294
v -0.741855443 0.524224401 0.101718999
v -0.740776956 0.49134776 0.12947011
v -0.741696358 0.455480963 0.140176639
v -0.713493228 0.539902508 0.140873522
v -0.784865439 0.410909176 0.0952452272
v -0.779427648 0.397202194 0.128922343
v -0.769491911 0.443765938 0.100016475
v -0.758705258 0.446108431 0.125726864
v -0.757494569 0.431066066 0.134421706
v -0.763852596 0.399742305 0.141013771
v -0.746996105 0.399485499 0.147040546
v -0.729137123 0.446592838 0.146414369
v -0.726984859 0.408665419 0.148389056
v -0.785378814 0.369510889 0.140078038
v -0.772641838 0.36383462 0.145951971
v -0.713619709 1.07037961 0.00965616573
v -0.701633513 1.08601201 0.00169295468
v -0.702822626 1.04357421 0.0095689632
v -0.687327921 1.04051447 0.00271583791
v -0.713065922 1.013852 0.0356939435
v -0.70712173 0.979569614 0.0398986004
v -0.711526334 0.987234771 0.062752828
v -0.702102482 0.998512149 0.02013034
v -0.700322986 0.951015711 0.0283479188
v -0.70300734 0.929297984 0.0453136116
v -0.708027124 0.956218183 0.0774993822
v -0.68902868 0.979760706 0.00957531761
v -0.67457962 0.921903253 0.00483633904
v -0.66497612 0.905627131 0.00194948167
v -0.699243307 0.864369631 0.0393055119
v -0.70332998 0.909371257 0.0625047162
v -0.702925563 0.875616193 0.0800167024
v -0.691556692 0.899007142 0.0203954019
v -0.681756616 0.896012723 0.00963741355
v -0.699492514 0.825706959 0.041882962
v -0.702020943 0.820626497 0.0625011772
v -0.691123903 0.819748104 0.020690741
v -0.679705024 0.813487709 0.00815215614
v -0.66459012 0.753427029 0.00145043083
v -0.702812135 0.722569227 0.0333748609
v -0.702808797 0.78125906 0.0499762893
v -0.707123935 0.718103468 0.0499960855
v -0.705970287 0.749676287 0.0737520158
v -0.695485175 0.727275312 0.0199272186
v -0.686414778 0.703187227 0.00760708423
v -0.674855113 0.749991119 0.00431055948
v -0.708155334 0.636745393 0.0212998204
v -0.712934971 0.643254757 0.034498442
v -0.713046193 0.684590936 0.079983823
v -0.702616155 0.675059855 0.0207514223
v -0.695444584 0.647770464 0.00918318424
v -0.680878639 0.629169106 0.00168397592
v -0.70931983 0.571748435 0.00907417666
v -0.714485168 0.585838556 0.0171260256
v -0.69990027 0.546254933 0.00225956901
v -0.641434193 0.484265029 0.00258545787
v -0.658066034 0.419954836 0.00227730745
v -0.64001447 0.438222438 0.00755481329
v -0.643114626 0.412657946 0.00900978874
v -0.654380441 0.309457242 0.00154657138
v -0.641067028 0.357114881 0.00971255917
v -0.646372736 0.311120927 0.00377753773
v -0.710498512 1.03321862 0.127159268
v -0.709986627 1.09375846 0.145339727
v -0.700542033 1.04828382 0.141039103
v -0.685998201 1.03997672 0.145865247
v -0.67000097 1.0390619 0.148181319
v -0.571610093 0.841946959 0.148400128
v -0.712325811 0.993916512 0.0897987485
v -0.708096206 0.992386878 0.112399638
v -0.698950887 0.985164344 0.128998056
v -0.702224076 0.946983933 0.114545099
v -0.689326346 0.996573627 0.140564114
v -0.667453766 0.970630825 0.147010088
v -0.674981415 0.968752325 0.145244882
v -0.649996161 0.844882905 0.148244992
v -0.703082323 0.911105156 0.0899852887
v -0.698939204 0.892598033 0.111017518
v -0.691345572 0.916711748 0.129690394
v -0.680125296 0.922830999 0.141087025
v -0.664926231 0.82437408 0.146182746
v -0.701620042 0.819525301 0.0908119604
v -0.698837519 0.814758897 0.110315278
v -0.690353632 0.810572028 0.128982887
v -0.679186285 0.811906159 0.140519947
v -0.68085736 0.74303472 0.141914234
v -0.705901146 0.733776927 0.0975332335
v -0.70082432 0.737926185 0.116730034
v -0.695122838 0.725607872 0.129385725
v -0.675776064 0.67257303 0.146443948
v -0.66485709 0.651114881 0.148321509
v -0.709455252 0.65465039 0.119066849
v -0.700231075 0.683765292 0.129777163
v -0.708977342 0.618004858 0.13067162
v -0.690723598 0.657655537 0.141532004
v -0.589296877 0.634628892 0.148400113
v -0.714435101 0.576063514 0.133570507
v -0.692326307 0.576848328 0.146307588
v -0.685871124 0.550959587 0.148154721
v -0.614174187 0.549236119 0.148385838
v -0.70998168 0.51812017 0.144985214
v -0.662109137 0.475282997 0.148286328
v -0.63499856 0.512499511 0.147516355
v -0.650169313 0.469691753 0.1467406
v -0.661249995 0.403731406 0.146859139
v -0.642380178 0.408423811 0.139122769
v -0.641660631 0.442475468 0.141960859
v -0.649882376 0.270970136 0.147444665
v -0.650782526 0.305503458 0.146266297
v -0.64249748 0.35886693 0.140023395
v -0.641577363 0.210143432 0.148307741
v -0.612769425 0.528959572 0.00193689112
v -0.621470153 0.49768427 0.00784163363
v -0.63033849 0.471152455 0.00960774347
v -0.616950572 0.480703801 0.0197502542
v -0.602643013 0.495714217 0.0267251227
v -0.613904953 0.471624047 0.0329332985
v -0.600262702 0.515571952 0.0103295781
v -0.599695504 0.488680243 0.0491030551
v -0.599721789 0.485147119 0.0804470628
v -0.584499121 0.542152941 0.00325796776
v -0.576318681 0.522883773 0.0178772416
v -0.587527096 0.50169909 0.048801817
v -0.587937951 0.499069721 0.080174692
v -0.57015419 0.536198616 0.00822881795
v -0.576627731 0.510611296 0.0413708203
v -0.570163608 0.510876238 0.0700140968
v -0.560218453 0.520284951 0.0299331192
v -0.558911681 0.515224159 0.050044015
v -0.632848024 0.406004012 0.0208670348
v -0.626276553 0.44715628 0.0200006794
v -0.626830816 0.417693377 0.0305057522
v -0.620969951 0.432460099 0.0450643972
v -0.625740647 0.390009373 0.0359341577
v -0.621639192 0.401247025 0.0625040755
v -0.617131889 0.442299366 0.0662643984
v -0.612334728 0.465290785 0.047316242
v -0.607998729 0.470230699 0.0800279155
v -0.629396439 0.344595671 0.0222111754
v -0.622295022 0.354224563 0.0422510281
v -0.616460443 0.289140314 0.0281489231
v -0.620875478 0.365091056 0.0700125471
v -0.613886654 0.303464115 0.0492201373
v -0.611323118 0.298517793 0.0700132474
v -0.630587995 0.288263589 0.0094606569
v -0.626577139 0.210911959 0.00195608777
v -0.61735332 0.234796807 0.00888017938
v -0.611153662 0.234894872 0.0149882883
v -0.603908241 0.232120499 0.0230178256
v -0.595258653 0.223093614 0.0356467962
v -0.594620466 0.229993269 0.0487642176
v -0.593391359 0.231647253 0.0696417168
v -0.606975675 0.190962091 0.00625236006
v -0.601837754 0.150683433 0.00212022359
v -0.581277251 0.153614283 0.0143182352
v -0.577633917 0.161275461 0.0228026584
v -0.568515956 0.109301865 0.0081386352
v -0.575659335 0.176461875 0.0415286906
v -0.57452023 0.180446103 0.0700012669
v -0.571330488 0.0855776742 0.00214387244
v -0.561436176 0.141130552 0.0380639657
v -0.551391006 0.107314199 0.024042733
v -0.554603398 0.135172114 0.066241622
v -0.470844746 0.679377258 0.148408368
v -0.543124616 0.562499523 0.147977203
v -0.623145163 0.464561313 0.128837585
v -0.612570286 0.521327853 0.144570738
v -0.632883787 0.47642073 0.141038194
v -0.609996557 0.476305127 0.112010971
v -0.603279769 0.501559198 0.129028827
v -0.614940584 0.48545596 0.129740268
v -0.599870801 0.520876169 0.140118241
v -0.596280158 0.496820629 0.110109642
v -0.584195852 0.54943192 0.147018686
v -0.585903168 0.516885161 0.129061639
v -0.577938795 0.511225462 0.110754222
v -0.570845306 0.532647967 0.138731524
v -0.570841134 0.511426449 0.0938908458
v -0.564635158 0.519807279 0.119914085
v -0.630025864 0.43030706 0.129559964
v -0.62867254 0.406258315 0.121273622
v -0.621520698 0.420158803 0.0972422212
v -0.619775891 0.448755771 0.111199483
v -0.615621567 0.450000703 0.0899997279
v -0.629001558 0.368244946 0.122399867
v -0.63731879 0.309637606 0.140680462
v -0.622606039 0.384379387 0.0975294262
v -0.618563712 0.336731642 0.0898519903
v -0.620178342 0.332413584 0.10806068
v -0.626101851 0.307561934 0.130023152
v -0.621091008 0.233797342 0.141855776
v -0.615421414 0.282815695 0.121126689
v -0.608696461 0.282571673 0.0978832841
v -0.612035513 0.247063279 0.130729496
v -0.595202267 0.233670801 0.0976558849
v -0.596968651 0.220588282 0.119929612
v -0.613333404 0.171495378 0.146683604
v -0.59763056 0.189528018 0.135798037
v -0.584034801 0.134271726 0.142325729
v -0.581747472 0.170253798 0.126225874
v -0.567235708 0.161210254 0.0902794152
v -0.57414186 0.169779316 0.110151552
v -0.578000307 0.145881221 0.134306327
v -0.548583031 0.00430719275 0.148403108
v -0.563964605 0.0681004897 0.146578848
v -0.560440481 0.13246347 0.118210725
v -0.554027379 0.103647858 0.130447656
v -0.539919496 0.550993562 0.00236206129
v -0.550019801 0.529906511 0.0155703845
v -0.549903214 0.514165401 0.0800063685
v -0.528506398 0.533557415 0.00902779493
v -0.540943563 0.517143548 0.0367139727
v -0.531173468 0.524698555 0.0180516131
v -0.530036151 0.511299968 0.0497463569
v -0.528538644 0.509122431 0.0701779202
v -0.515683293 0.51181221 0.0247167014
v -0.50351584 0.539147854 0.00170219224
v -0.505207777 0.519745409 0.00915131625
v -0.506286263 0.496819407 0.0384416096
v -0.504153907 0.490985304 0.0496960618
v -0.505140126 0.489875555 0.0700090155
v -0.481811762 0.496223539 0.00910604093
v -0.490357459 0.489761531 0.0205992311
v -0.473158985 0.511691332 0.0018027795
v -0.485419899 0.468061954 0.0394319966
v -0.482561797 0.457334548 0.0636198223
v -0.472146958 0.461277425 0.0203942601
v -0.478481144 0.448981375 0.0875060782
v -0.543578029 0.0798518211 0.0156488847
v -0.542409658 0.101585224 0.0372363999
v -0.524740636 0.0768550709 0.0625236705
v -0.519303083 0.0497320853 0.0236493628
v -0.515379786 0.0553382859 0.0392463058
v -0.522629797 0.0353794619 0.0100453189
v -0.530774355 0.0245023798 0.0032518846
v -0.504294932 0.00153062632 0.00664650928
v -0.488214761 0.018349871 0.0414421037
v -0.494253665 0.0309580974 0.0800111964
v -0.48938033 0.00562949479 0.0198082495
v -0.468645632 -0.000310944859 0.063568078
v -0.519999087 0.985429645 0.148363903
v -0.506754339 1.00671864 0.149414301
v -0.502415776 1.0197643 0.150689095
v -0.490804106 1.11166751 0.159436777
v -0.495637298 0.910668015 0.155825585
v -0.500802219 0.75646925 0.148573339
v -0.498827159 0.801781952 0.149900258
v -0.488505781 0.823610902 0.159312129
v -0.483713388 0.735785842 0.149956435
v -0.484329849 0.775945187 0.157590002
v -0.470909327 0.531310141 0.148371682
v -0.549795568 0.51903522 0.113289878
v -0.545924544 0.528714895 0.131546244
v -0.542007923 0.540016413 0.141787812
v -0.530517042 0.511232018 0.0980347469
v -0.525958896 0.517189384 0.12174236
v -0.517511487 0.540430486 0.1447483
v -0.516145349 0.505354583 0.109981932
v -0.519001782 0.524579465 0.13604562
v -0.513413191 0.498920709 0.0899793208
v -0.491078556 0.512319863 0.141154557
v -0.495259285 0.478179693 0.0900675282
v -0.496807963 0.485080093 0.10935051
v -0.50173533 0.505193055 0.130368143
v -0.487439573 0.528744817 0.146867096
v -0.484811485 0.484632194 0.130041182
v -0.48308894 0.465110362 0.111070789
v -0.548209488 0.118138909 0.100192204
v -0.534563184 0.0483612753 0.140501365
v -0.524686158 0.0760943294 0.0899557993
v -0.527689278 0.0762871653 0.107674174
v -0.537669122 0.0776381865 0.127543226
v -0.515619397 -0.0192132033 0.148033366
v -0.510980904 0.0419705845 0.120321833
v -0.518516183 0.000478743343 0.14643684
v -0.506581306 0.0207013674 0.133303836
v -0.486770272 0.0150114493 0.109952234
v -0.497996986 -0.0036220185 0.140848517
v -0.487571806 0.00620148983 0.124936774
v -0.475275338 0.00630642287 0.0899524167
v -0.472320139 -0.0185565073 0.132666528
v -0.487250358 1.09924722 0.16993843
v -0.485859603 1.19781244 0.174993828
v -0.483639598 1.07921875 0.189998269
v -0.480529308 1.143906 0.20177795
v -0.490344018 0.964365542 0.162986249
v -0.486512214 0.902182758 0.175067499
v -0.48388204 0.907339215 0.190078259
v -0.480639011 0.909241736 0.202767372
v -0.488517523 0.854179382 0.16161041
v -0.482625365 0.792830646 0.166730314
v -0.4805426 0.807952166 0.188195929
v -0.479948759 0.833626628 0.199689493
v -0.43690908 0.450368017 0.00187821803
v -0.459790945 0.428505659 0.0259477161
v -0.466230541 0.429935426 0.0400539227
v -0.441785753 0.431624025 0.00648931367
v -0.456747442 0.40226081 0.0494369268
v -0.453843713 0.390998751 0.0699363351
v -0.446961731 0.419795096 0.0138455536
v -0.44465667 0.377917558 0.0353255719
v -0.40258503 0.359710246 0.0016337937
v -0.440203041 0.354731858 0.0500068218
v -0.436249882 0.371379197 0.0222478546
v -0.420280635 0.368666053 0.00715626776
v -0.421581268 0.342388332 0.015278928
v -0.423128635 0.31695044 0.0293942466
v -0.424457639 0.303303689 0.0501798391
v -0.420315892 0.28437084 0.0750018805
v -0.393105954 0.274388283 0.00820483454
v -0.396205842 0.260495782 0.014467652
v -0.401928574 0.255387336 0.0242314395
v -0.407763541 0.254289538 0.0394006744
v -0.396501034 0.206925765 0.0638425946
v -0.395025074 0.218918443 0.0339271426
v -0.4662925 -0.0181865208 0.0206980538
v -0.467482895 -0.00593488943 0.0400725827
v -0.450926661 1.06640589 0.158490166
v -0.440283239 1.12700522 0.150465071
v -0.429735661 1.15109372 0.148668572
v -0.421274304 1.25546062 0.149909496
v -0.418750644 1.23375428 0.148456246
v -0.403954715 1.23930359 0.149996981
v -0.37740165 1.23300374 0.148478821
v -0.410241008 1.26719737 0.160020724
v -0.404029816 1.2562623 0.16042541
v -0.424999267 1.06781244 0.148438528
v -0.408746362 1.16343617 0.14847444
v -0.409102052 1.10257363 0.149245456
v -0.399385482 1.15101933 0.150054231
v -0.401730299 1.07589364 0.149412349
v -0.378945231 1.05156219 0.148432136
v -0.439523786 0.973381817 0.149685711
v -0.450443685 0.895088494 0.157783598
v -0.410695344 1.00747979 0.148620531
v -0.42058304 0.985799074 0.149584517
v -0.422088265 0.969019115 0.149987802
v -0.404737413 0.964683533 0.159382209
v -0.390988082 0.9990623 0.153594539
v -0.403803498 0.985853612 0.160318464
v -0.406726718 0.974990368 0.162060395
v -0.438257784 0.846165001 0.149948135
v -0.425005019 0.936876655 0.14837265
v -0.398779422 0.940147638 0.148769096
v -0.40296641 0.875634074 0.148459688
v -0.399427831 0.953482866 0.156080946
v -0.38770023 0.946375668 0.15182671
v -0.450475901 0.826011181 0.161353141
v -0.431301028 0.782541752 0.149536639
v -0.420004368 0.808592856 0.148288637
v -0.403088123 0.823696136 0.149901256
v -0.400732845 0.788195312 0.150430858
v -0.475126714 0.741693318 0.157533377
v -0.46331659 0.701426804 0.152227715
v -0.439818799 0.770232499 0.157966986
v -0.430176765 0.735602081 0.161962777
v -0.42185238 0.735313833 0.153211609
v -0.402863503 0.716423333 0.149782851
v -0.402505428 0.751247644 0.148142472
v -0.448032886 0.673725367 0.150035977
v -0.463143498 0.717242956 0.159707025
v -0.441399306 0.683056831 0.159399882
v -0.39687863 0.611399174 0.148388952
v -0.407628417 0.642239094 0.149986252
v -0.408136249 0.652105272 0.156946182
v -0.404204577 0.701947987 0.160047024
v -0.4610264 0.465845823 0.14038685
v -0.452791363 0.4761208 0.145773843
v -0.432671785 0.467257649 0.148235217
v -0.464311838 0.41900894 0.0904057696
v -0.469371855 0.438073009 0.109918989
v -0.461436659 0.441440314 0.129232004
v -0.450229198 0.392705321 0.112220801
v -0.445815384 0.397913843 0.12546815
v -0.426919043 0.35228315 0.130397767
v -0.424178243 0.377646983 0.140747726
v -0.419883132 0.410301328 0.146663532
v -0.377206653 0.329604566 0.148350686
v -0.190344825 0.285048813 0.148401201
v -0.441612422 0.356594056 0.0899917334
v -0.433619559 0.34353742 0.112744927
v -0.41718927 0.307611018 0.124624573
v -0.395887345 0.26455611 0.135521352
v -0.401401699 0.30920589 0.141522184
v -0.413437307 0.268808872 0.102918275
v -0.414114803 0.282179177 0.114871472
v -0.387879163 0.179698288 0.0891558081
v -0.386773676 0.209977254 0.125839278
v -0.475875646 1.09999835 0.206989989
v -0.460014492 1.13605034 0.199426234
v -0.45286715 1.18921828 0.165031746
v -0.456451863 1.12312436 0.180021018
v -0.40444532 1.27605581 0.166872412
v -0.402832091 1.26411355 0.180327281
v -0.401037723 1.27077615 0.193076089
v -0.470097959 1.01093912 0.210375592
v -0.461762965 1.04652786 0.198980004
v -0.454412878 0.98093611 0.164856568
v -0.460330456 0.945694804 0.194214612
v -0.465639234 0.918239534 0.204657942
v -0.456878603 0.943431377 0.174882323
v -0.395112395 0.988825321 0.165481195
v -0.400485069 0.979457498 0.190717831
v -0.399455965 0.968813062 0.190033764
v -0.469536722 0.863152981 0.211289883
v -0.459464461 0.850687444 0.201086789
v -0.391362309 0.958013594 0.165431157
v -0.471991807 0.785657167 0.203055322
v -0.469969869 0.808982372 0.209720999
v -0.465814382 0.79503262 0.208071411
v -0.45043382 0.803723037 0.168409869
v -0.458288163 0.806605339 0.201850116
v -0.47259742 0.747918725 0.166644648
v -0.47027415 0.76025486 0.194598317
v -0.457063645 0.710917413 0.165408075
v -0.459381312 0.734192729 0.201012626
v -0.460515469 0.75704515 0.209286943
v -0.460231155 0.780313909 0.209462687
v -0.450657129 0.777306497 0.194465712
v -0.453527898 0.746866822 0.20843485
v -0.449072212 0.71921277 0.205129817
v -0.449005812 0.732027888 0.210926518
v -0.441353172 0.761417508 0.166133747
v -0.440317512 0.744067848 0.190189496
v -0.435554683 0.729127824 0.197549209
v -0.446172178 0.742929578 0.204516456
v -0.435951173 0.720289886 0.206215918
v -0.418125182 0.714831591 0.164426982
v -0.445427865 0.705197692 0.198685184
v -0.435770243 0.687926233 0.190583944
v -0.436315984 0.70693177 0.210847333
v -0.420971632 0.671242356 0.18050535
v -0.421535403 0.710953653 0.191076949
v -0.427489817 0.687637568 0.206410214
v -0.413444161 0.661711991 0.165812463
v -0.41158244 0.671281755 0.202650666
v -0.42035535 0.699822605 0.206766874
v -0.400906801 0.671540141 0.210984543
v -0.405071914 0.693375587 0.192227319
v -0.401469201 0.683255553 0.206824481
v -0.38880381 0.649572313 0.165568799
v -0.392720282 0.659341753 0.200602859
v -0.387380093 0.670416236 0.210456789
v -0.380963355 0.279925346 0.0021254539
v -0.35685271 0.202376813 0.00211339025
v -0.383550376 0.174665526 0.0397122018
v -0.378234744 0.178033859 0.0243109018
v -0.374819577 0.130420268 0.0651259795
v -0.366020918 0.180018663 0.00932847988
v -0.364969611 0.139269456 0.0197996013
v -0.340099335 0.164971456 0.00102073967
v -0.368026972 0.113274053 0.0410580412
v -0.354007602 0.0909345448 0.0200866424
v -0.359306425 0.06678316 0.0423565917
v -0.364038646 0.0800220147 0.0700027272
v -0.335094154 0.104751155 0.0035350793
v -0.342873335 0.0814695656 0.00983495079
v -0.322209179 0.0600047 0.00202872069
v -0.359763592 0.00699402299 0.0652821586
v -0.358994633 0.0395826735 0.0737509057
v -0.348883837 0.0318008065 0.023467781
v -0.355900556 0.0135012288 0.0388465822
v -0.356276602 0.0349768922 0.042417597
v -0.34186396 -0.0110424552 0.00970837194
v -0.336949348 0.0167116318 0.0093159657
v -0.354005486 -0.0106237428 0.0244050641
v -0.393120706 1.24476421 0.155624837
v -0.381685406 1.1962595 0.149761766
v -0.34838745 1.23006344 0.149745658
v -0.350210905 1.21600389 0.155951127
v -0.371583164 1.1992085 0.153933302
v -0.321984112 1.2419728 0.158697009
v -0.319122881 1.23608375 0.156959578
v -0.320179641 1.22785676 0.159071729
v -0.391049683 1.13913298 0.158464745
v -0.381877333 1.1755861 0.156515017
v -0.355833381 1.09262121 0.156516805
v -0.340914577 1.12612391 0.149973422
v -0.33688277 1.16620195 0.156935468
v -0.350380778 1.13825929 0.159969851
v -0.331509948 1.15739059 0.149929449
v -0.320123255 1.16838503 0.149093702
v -0.322504997 1.12468934 0.148230359
v -0.316993088 1.18353486 0.15982227
v -0.397995234 1.09989202 0.156999469
v -0.387880385 1.08475769 0.160589889
v -0.37601921 1.08173692 0.162281632
v -0.372305363 1.06656241 0.149756074
v -0.37056458 1.07694542 0.156392485
v -0.349266738 1.07896614 0.148903355
v -0.365602136 1.08547461 0.160698637
v -0.271484047 1.04679167 0.148402661
v -0.272743285 1.0079037 0.148911074
v -0.274990141 1.00164223 0.150965616
v -0.286200255 0.993652821 0.15720956
v -0.395314962 0.859293342 0.149633199
v -0.358186185 0.939750969 0.148987815
v -0.379723907 0.89503175 0.149414852
v -0.380740017 0.874085486 0.15497306
v -0.359537512 0.913766682 0.150770336
v -0.364492863 0.89239949 0.159627274
v -0.338891774 0.933948696 0.150310427
v -0.347647309 0.911370516 0.159330696
v -0.304449111 0.950395644 0.159237131
v -0.328336507 0.926931262 0.156971857
v -0.325090617 0.876682162 0.157680348
v -0.389013916 0.826314986 0.161135808
v -0.34556213 0.841090143 0.157463387
v -0.354089081 0.788259149 0.157310113
v -0.338724673 0.804073393 0.149412528
v -0.346581995 0.7920205 0.15235275
v -0.333200783 0.848365366 0.150039598
v -0.320005685 0.831408679 0.148300171
v -0.319078922 0.871443391 0.151119992
v -0.385034502 0.768822134 0.149843127
v -0.357990772 0.758905768 0.148477167
v -0.351965517 0.705929279 0.148301914
v -0.388852686 0.797065437 0.164427966
v -0.384276152 0.785676003 0.160388887
v -0.373336881 0.781756461 0.161671638
v -0.359911531 0.770860553 0.150475889
v -0.375640243 0.696449816 0.150037348
v -0.382043809 0.690227449 0.157147065
v -0.360019505 0.638614237 0.159354076
v -0.330160439 0.686034858 0.149993315
v -0.351044893 0.678097367 0.159130111
v -0.293801188 0.675822139 0.156469673
v -0.368283033 0.627250016 0.149252847
v -0.243930668 0.603764117 0.148424581
v -0.301720947 0.621215105 0.149737
v -0.308133543 0.631857038 0.157448992
v -0.381759912 0.28864333 0.146591112
v -0.369318426 0.20607914 0.141721815
v -0.357813537 0.226155341 0.147651225
v -0.381600082 0.171263903 0.112651102
v -0.393892139 0.216457784 0.115460545
v -0.368644416 0.174596325 0.135294199
v -0.357740015 0.115647703 0.130264983
v -0.355034798 0.189989939 0.14562802
v -0.328538686 0.132949486 0.147723913
v -0.337902009 0.127862424 0.145805746
v -0.31459251 0.115790538 0.148345083
v -0.370349824 0.116306774 0.0982504189
v -0.364839911 0.115098998 0.117680289
v -0.360170633 0.0599442087 0.0899417028
v -0.35926652 0.0730782524 0.108912989
v -0.342755049 0.0907390341 0.140107483
v -0.361831397 -0.00194841123 0.0801744163
v -0.356703043 0.0169165879 0.103891686
v -0.351007104 0.0299975686 0.121363409
v -0.350442678 0.0631419644 0.127070382
v -0.350824803 -0.00700875325 0.127233937
v -0.33918047 0.0255946033 0.136625886
v -0.327557564 0.032269638 0.144180268
v -0.342531919 -0.0192848165 0.139924556
v -0.392075866 1.25178814 0.165074617
v -0.39547962 1.26338601 0.200188503
v -0.390274048 1.25928366 0.200164735
v -0.39106375 1.27299964 0.20313783
v -0.376287371 1.26525438 0.207483605
v -0.34168911 1.24739909 0.165049031
v -0.352396637 1.25316715 0.18825455
v -0.348759115 1.25830698 0.203945592
v -0.36317879 1.19641757 0.165404797
v -0.340731412 1.272205 0.2039738
v -0.349622726 1.20974493 0.165021345
v -0.339598656 1.209674 0.192218125
v -0.298421443 1.26441705 0.208292872
v -0.34119755 1.19930744 0.210362181
v -0.324686199 1.22044408 0.166747957
v -0.323852181 1.21202624 0.201966703
v -0.385992736 1.14900029 0.164243996
v -0.374741673 1.1797049 0.163931698
v -0.392801493 1.10084796 0.168521434
v -0.379997641 1.14125073 0.200468704
v -0.382525235 1.10588968 0.20278956
v -0.370064348 1.17028213 0.200699568
v -0.369340062 1.15123808 0.210262239
v -0.371599019 1.1279254 0.209568217
v -0.359282196 1.19164968 0.19553484
v -0.361115962 1.11909914 0.191038087
v -0.356436402 1.18410766 0.209241599
v -0.356605798 1.15968859 0.204710469
v -0.366801947 1.12541807 0.205438465
v -0.358223587 1.17094052 0.210958228
v -0.352738619 1.14611685 0.173748657
v -0.360569566 1.09703422 0.166397959
v -0.350266755 1.15996456 0.189809933
v -0.340151906 1.16950715 0.166784674
v -0.338610888 1.17885172 0.19235687
v -0.343722552 1.18555665 0.210153893
v -0.329261065 1.18036687 0.16739884
v -0.319947004 1.19665813 0.205707997
v -0.318097383 1.19136512 0.193662256
v -0.317499131 1.20218253 0.210119531
v -0.391243845 1.0919987 0.166061252
v -0.382090688 1.09573305 0.199594751
v -0.379748762 1.08883691 0.193115681
v -0.375313699 1.09772301 0.204093516
v -0.36914438 1.09027803 0.189481914
v -0.369400769 1.09929466 0.201610371
v -0.388694346 0.981775701 0.201285288
v -0.389945894 0.97556299 0.2044525
v -0.389009446 0.968720734 0.202414945
v -0.382679313 0.991108537 0.165758014
v -0.381511778 0.960596681 0.182037771
v -0.318735093 0.98983115 0.16280669
v -0.330314845 0.986404717 0.178722337
v -0.341338009 0.960178614 0.192832246
v -0.345395982 0.974290967 0.207858443
v -0.341819406 0.969278991 0.209176421
v -0.30130896 0.980445504 0.203599438
v -0.285938352 0.969323337 0.211335897
v -0.373933613 0.872665465 0.1650334
v -0.328412652 0.956218004 0.172363773
v -0.353727728 0.896974444 0.183706626
v -0.356586367 0.883644581 0.20429945
v -0.358827442 0.867685139 0.210958436
v -0.340527922 0.908143282 0.190583795
v -0.331374854 0.899403036 0.210984543
v -0.328437746 0.92165637 0.165837497
v -0.326183468 0.880348563 0.165185705
v -0.330440044 0.889637291 0.204987094
v -0.325601965 0.909416139 0.208903655
v -0.317806095 0.920366049 0.194914937
v -0.319080412 0.891870499 0.190553933
v -0.307995051 0.902910233 0.205220789
v -0.382587224 0.851666272 0.165821806
v -0.380668372 0.829285443 0.200694382
v -0.381069899 0.800912797 0.200967684
v -0.369141459 0.864989936 0.200795069
v -0.370587826 0.841481924 0.209862337
v -0.374330401 0.812898695 0.207439542
v -0.36925599 0.817232966 0.209335938
v -0.360407382 0.803863287 0.190727696
v -0.356689483 0.850771248 0.20350796
v -0.36344412 0.853286803 0.208658099
v -0.36747697 0.796961486 0.201453716
v -0.351885527 0.834427536 0.166712269
v -0.357792258 0.793334901 0.166929007
v -0.350148946 0.850167572 0.184973478
v -0.348843038 0.871277034 0.207824141
v -0.341426641 0.860197484 0.164756119
v -0.34172675 0.868955672 0.189953953
v -0.38100943 0.79047507 0.189361781
v -0.37040168 0.788840711 0.192896202
v -0.374961346 0.796313465 0.202215582
v -0.364959925 0.785481989 0.165570259
v -0.391010404 0.689788759 0.165946916
v -0.382165223 0.680151641 0.19036825
v -0.381534845 0.674506128 0.203483984
v -0.381166339 0.665508747 0.208744392
v -0.366662294 0.678300917 0.168627426
v -0.352045566 0.648294687 0.201964915
v -0.372873336 0.659434855 0.209583819
v -0.358024031 0.640955269 0.163646847
v -0.347674578 0.65973264 0.210011199
v -0.345018834 0.669370532 0.19209668
v -0.345965862 0.655410111 0.208507851
v -0.31870681 0.671615958 0.165482998
v -0.321010321 0.637007415 0.166475073
v -0.318757594 0.666628599 0.188009128
v -0.301897466 0.646854281 0.204518646
v -0.306272298 0.660882711 0.203315184
v -0.308982193 0.641061544 0.19004412
v -0.317500204 0.654989958 0.20805496
v -0.300436825 1.16960609 0.14990814
v -0.298792481 1.10752261 0.149693295
v -0.305098742 1.18530667 0.15949969
v -0.288302034 1.17297709 0.159594715
v -0.287474126 1.09163642 0.157246038
v -0.239483565 1.18218791 0.158298343
v -0.245087475 1.16837633 0.1566405
v -0.298438728 1.0657028 0.148587659
v -0.290219426 1.07243514 0.149810836
v -0.271409273 1.06107366 0.150365382
v -0.281589061 1.08603704 0.163613245
v -0.27505213 1.07568288 0.15884769
v -0.26499784 1.07318413 0.15933083
v -0.247167006 1.06650805 0.150190145
v -0.241521657 1.08507085 0.153491646
v -0.255947888 1.076285 0.159647122
v -0.232204214 1.07189131 0.148703098
v -0.163437411 1.02000105 0.148522869
v -0.298953772 0.939420462 0.159868896
v -0.305521131 0.89159137 0.160384521
v -0.290660709 0.89015007 0.159114167
v -0.24242349 0.876474023 0.159567073
v -0.299937189 0.876240075 0.149101213
v -0.30250597 0.797498941 0.148623928
v -0.290566772 0.78964448 0.149905071
v -0.292170525 0.852500677 0.150662541
v -0.286083281 0.874545932 0.156466395
v -0.281034976 0.831420422 0.159693897
v -0.277389884 0.79226917 0.159816176
v -0.240248784 0.791328073 0.159604013
v -0.279358715 0.762935162 0.148636699
v -0.272620529 0.780635476 0.160216033
v -0.259995192 0.760193169 0.149677858
v -0.241865426 0.745898902 0.148399889
v -0.259708375 0.771944642 0.157825857
v -0.241121635 0.766111553 0.149901539
v -0.246204481 0.778454602 0.159391046
v -0.23520422 0.684333146 0.149955094
v -0.211835414 0.701242805 0.148335457
v -0.218098342 0.676589608 0.156268895
v -0.220010206 0.618929505 0.149242595
v -0.22811164 0.630956709 0.156430364
v -0.314043611 -0.00468807528 0.14784804
v -0.297280818 1.21885443 0.195168704
v -0.309671462 1.21213543 0.204719201
v -0.299306482 1.24023759 0.168846294
v -0.298372388 1.22864604 0.171500996
v -0.297636539 1.24943697 0.183586866
v -0.296200305 1.25667393 0.204418063
v -0.291385889 1.27301359 0.204267576
v -0.302354127 1.20783579 0.209611878
v -0.288962662 1.23060107 0.177888304
v -0.288982093 1.24120939 0.178819254
v -0.280359179 1.23546326 0.198197618
v -0.282497615 1.24822915 0.203942761
v -0.284210056 1.22435045 0.201782659
v -0.277312994 1.21924782 0.212393299
v -0.268439323 1.20344162 0.216517866
v -0.266638815 1.26380825 0.216748253
v -0.270288527 1.2413286 0.210869163
v -0.268179387 1.21520364 0.215691701
v -0.263784379 1.23666 0.209575936
v -0.245676816 1.24101937 0.182710618
v -0.256106675 1.23063886 0.203914315
v -0.252661794 1.25602126 0.211978912
v -0.254031658 1.24636722 0.204793885
v -0.237713948 1.26432157 0.208391815
v -0.243889421 1.20836878 0.211176693
v -0.243468508 1.23436189 0.177511841
v -0.240397453 1.22776973 0.178480938
v -0.239677399 1.25625312 0.203918666
v -0.242323235 1.22007513 0.19977808
v -0.304969758 1.19799554 0.203284964
v -0.290245533 1.18230784 0.166534662
v -0.294311821 1.1907872 0.184948191
v -0.287828147 1.19470012 0.203622982
v -0.284467757 1.1299938 0.16753611
v -0.280407429 1.17422223 0.193854854
v -0.280255944 1.09664905 0.178973213
v -0.279753417 1.12485504 0.191819802
v -0.280471802 1.18393743 0.200879127
v -0.271422595 1.18745911 0.211479753
v -0.270341724 1.15279901 0.210600093
v -0.272854716 1.11736202 0.204906613
v -0.269118845 1.1287756 0.209781945
v -0.265602231 1.17804027 0.208866969
v -0.250029564 1.17373753 0.165955856
v -0.250270396 1.13433945 0.165082395
v -0.249365121 1.1855191 0.184627563
v -0.258043051 1.17867172 0.201668695
v -0.255034328 1.19514155 0.210066691
v -0.258006155 1.09074223 0.201601282
v -0.246161461 1.19471955 0.201130643
v -0.271935701 1.08081913 0.180713817
v -0.27064237 1.08901882 0.202220052
v -0.264969796 1.08005762 0.185729608
v -0.26489225 1.09855545 0.206396595
v -0.249901399 1.08960485 0.166808888
v -0.25387767 1.09660935 0.187403157
v -0.257734388 1.08109367 0.180781484
v -0.294764906 0.959806323 0.197520137
v -0.262113988 0.989094138 0.166369185
v -0.247521222 0.981844306 0.202678427
v -0.259922296 0.975192547 0.211599573
v -0.258153766 0.962563038 0.212948605
v -0.254560977 0.948431194 0.203833923
v -0.245366037 0.958905816 0.201943919
v -0.234109521 0.973325074 0.20898141
v -0.306086183 0.929697871 0.165492088
v -0.30918324 0.919413686 0.203717053
v -0.290034503 0.928446054 0.191933095
v -0.29912433 0.910885453 0.210626841
v -0.290821761 0.950728834 0.169770256
v -0.289286345 0.945675433 0.16829744
v -0.290631682 0.937298357 0.169173598
v -0.294774532 0.900183618 0.190707624
v -0.287727684 0.923874557 0.20459576
v -0.289704174 0.914983034 0.209749922
v -0.289373577 0.906652033 0.204703525
v -0.279701442 0.880260587 0.167423904
v -0.28326422 0.895776749 0.190430939
v -0.275923073 0.893886864 0.201406404
v -0.279267013 0.954716086 0.202480972
v -0.28143543 0.941506684 0.186217308
v -0.269257426 0.931140423 0.212212265
v -0.275931031 0.905624568 0.211767003
v -0.273480773 0.94154489 0.20292601
v -0.272432834 0.883691728 0.201478779
v -0.261241138 0.947326362 0.210373849
v -0.266504198 0.884365499 0.207203165
v -0.264091849 0.915496409 0.21685341
v -0.259506375 0.886785984 0.210425302
v -0.253834635 0.936180592 0.206385374
v -0.246566176 0.895327806 0.198715433
v -0.249796316 0.88363272 0.193453044
v -0.239725873 0.905751348 0.204603106
v -0.255117506 0.926148176 0.213150293
v -0.256972164 0.900041223 0.212173983
v -0.241436049 0.89016819 0.168733016
v -0.239649072 0.952141702 0.175919756
v -0.239180505 0.945119321 0.171871454
v -0.240803972 0.936455369 0.179510102
v -0.248708948 0.944977582 0.19267121
v -0.245898113 0.930994689 0.201879933
v -0.23379685 0.913734496 0.209125444
v -0.277707219 0.852503717 0.17078276
v -0.271450609 0.840057433 0.201323003
v -0.270059824 0.793538094 0.19758898
v -0.260411382 0.799063981 0.211028218
v -0.249991566 0.844479203 0.195640787
v -0.258915097 0.837300181 0.21010755
v -0.249205172 0.791862667 0.200595811
v -0.245257095 0.842174292 0.169899791
v -0.244492218 0.795995951 0.175083354
v -0.260189652 0.777178824 0.167996004
v -0.266102791 0.785362005 0.190564364
v -0.256324917 0.779514015 0.183224306
v -0.263602436 0.790466249 0.203155085
v -0.253676921 0.788550079 0.202526286
v -0.267813325 0.668342292 0.171670496
v -0.229994953 0.654625714 0.207875699
v -0.257499874 0.664819896 0.189991936
v -0.239544421 0.640424967 0.19089891
v -0.229374871 0.670148611 0.165744692
v -0.214295194 0.661600947 0.203292459
v -0.273748815 0.636604965 0.169950858
v -0.201457575 0.637177587 0.165958524
v -0.209949374 0.639125466 0.178111941
v -0.207560614 1.24220872 0.158650547
v -0.210728392 1.23608077 0.156993061
v -0.209903806 1.22810841 0.159209669
v -0.172761261 1.21234047 0.155963644
v -0.182224318 1.23015487 0.149797335
v -0.167495906 1.23675478 0.151041299
v -0.140589908 1.22856474 0.148516014
v -0.156911924 1.20808625 0.149940208
v -0.232242599 1.17031312 0.149074957
v -0.237681493 1.1424973 0.150997639
v -0.21683912 1.17168403 0.148870304
v -0.219153434 1.18301332 0.156304538
v -0.194081813 1.07656264 0.148357868
v -0.18582809 1.12996566 0.149101213
v -0.199678838 1.17042589 0.153917611
v -0.188575447 1.14761233 0.14988479
v -0.1810707 1.15392458 0.158072695
v -0.170727625 1.11989796 0.15817675
v -0.175148264 1.08225679 0.149506688
v -0.146855369 1.05078065 0.148399189
v -0.165208429 1.08681047 0.156326622
v -0.151276469 1.06617177 0.149902001
v -0.190106183 0.99622947 0.159116045
v -0.157472566 1.00710738 0.150182858
v -0.23361823 0.890262723 0.159122646
v -0.220827356 0.877965152 0.148871005
v -0.218942836 0.953097343 0.159443423
v -0.221403405 0.945947707 0.156750008
v -0.223470107 0.937858522 0.160203531
v -0.222771585 0.892710984 0.159006238
v -0.187764987 0.932946086 0.151654303
v -0.200177729 0.928365469 0.159641847
v -0.197996184 0.879136086 0.157173231
v -0.189888805 0.94163698 0.149870634
v -0.167502165 0.944553435 0.149864212
v -0.166270092 0.952863812 0.155946091
v -0.182210207 0.919193625 0.160388321
v -0.151880696 0.927502155 0.148363546
v -0.152618021 0.908309579 0.150171995
v -0.160936907 0.899522364 0.161082387
v -0.230501518 0.870375574 0.149962604
v -0.230021402 0.833332062 0.150001511
v -0.228155136 0.785875738 0.149990827
v -0.196039483 0.8664819 0.149755225
v -0.192808583 0.821407735 0.148336202
v -0.218438029 0.768984616 0.148438185
v -0.181275174 0.865074873 0.159940019
v -0.176939726 0.831462324 0.150505871
v -0.172256649 0.797908664 0.149903268
v -0.168142796 0.830958724 0.157183722
v -0.161937281 0.798925996 0.157007575
v -0.151845589 0.732978404 0.148383215
v -0.155886829 0.765682697 0.148808464
v -0.155544519 0.784513175 0.153933197
v -0.181708857 0.687994182 0.150778204
v -0.146727711 0.703874826 0.148994952
v -0.179335654 0.677459896 0.160470888
v -0.155118018 0.687722564 0.156972766
v -0.139709964 0.643764794 0.155479982
v -0.181362391 0.634299397 0.156690046
v -0.160537034 0.628858507 0.150035352
v -0.161285028 0.437324345 0.148237959
v -0.150311425 0.532968283 0.14839758
v -0.231960878 1.24227309 0.170680434
v -0.23191531 1.23130238 0.168711752
v -0.233028054 1.24966872 0.182423458
v -0.230046406 1.27209747 0.203372896
v -0.228690863 1.20851171 0.209694684
v -0.194173142 1.24764884 0.166399211
v -0.217513993 1.2208463 0.18029955
v -0.220303103 1.21313727 0.203999832
v -0.201921538 1.21993208 0.165818125
v -0.184680402 1.25308108 0.187951148
v -0.184929416 1.27249694 0.203836411
v -0.18499808 1.25837636 0.203831702
v -0.20543389 1.20164526 0.210539833
v -0.212136552 1.19947672 0.208711281
v -0.196045086 1.21010745 0.200787097
v -0.191467509 1.20013618 0.210535333
v -0.181047872 1.21070683 0.165584818
v -0.176681831 1.19856131 0.200353339
v -0.14753361 1.25131261 0.164952502
v -0.162831649 1.1947149 0.166348487
v -0.155738041 1.26582742 0.207963839
v -0.224123776 1.18956995 0.167778894
v -0.235649213 1.18938255 0.1682809
v -0.232031986 1.19884562 0.202500775
v -0.205171764 1.19150221 0.199943841
v -0.199905425 1.18076479 0.165797979
v -0.190764889 1.17252874 0.163827211
v -0.19032751 1.18022299 0.192468509
v -0.179425582 1.15871322 0.165438667
v -0.178179651 1.16569972 0.190828279
v -0.180379704 1.17944765 0.20746164
v -0.169347107 1.13323736 0.166794032
v -0.166266233 1.14658856 0.198087662
v -0.17045328 1.18131649 0.210428149
v -0.163990989 1.15103877 0.204789251
v -0.15958561 1.15483737 0.210649893
v -0.160035744 1.18307757 0.191590533
v -0.158399686 1.11574471 0.202106789
v -0.159999162 1.17047846 0.206588745
v -0.162016749 1.09364355 0.166728824
v -0.159641385 1.10434067 0.191403583
v -0.233934104 0.966185093 0.204365969
v -0.198191121 0.988166273 0.188148394
v -0.205001742 0.982004285 0.204203352
v -0.180882365 0.963704348 0.187903866
v -0.185625494 0.975410998 0.208193809
v -0.185628593 0.968869746 0.204030544
v -0.159706473 0.989288568 0.186454654
v -0.161639586 0.993240237 0.1666639
v -0.152482718 0.982024074 0.204248369
v -0.224770993 0.930405319 0.172661051
v -0.235839635 0.89882642 0.185500458
v -0.224883646 0.901256144 0.191058218
v -0.234415576 0.923682153 0.203812703
v -0.222330719 0.91254282 0.210348979
v -0.221047759 0.906747997 0.204813734
v -0.207730159 0.957247078 0.166349992
v -0.211684719 0.891781807 0.163893238
v -0.206069827 0.920392931 0.2002673
v -0.192912906 0.880715609 0.165359899
v -0.200505674 0.891947269 0.190037951
v -0.19673951 0.89790976 0.207674474
v -0.203690022 0.90992099 0.211176589
v -0.183064938 0.912011445 0.187431082
v -0.191816971 0.910292983 0.205632165
v -0.178975478 0.881193161 0.204978824
v -0.178651363 0.891109943 0.211074442
v -0.163722545 0.958872557 0.166749269
v -0.180320367 0.874699712 0.1891056
v -0.173868105 0.894863546 0.20713973
v -0.16418466 0.894398153 0.190239117
v -0.168713555 0.847008049 0.166775391
v -0.163567841 0.855655909 0.202389881
v -0.161541745 0.824156523 0.168217853
v -0.155510798 0.79756844 0.166797668
v -0.157885328 0.828183889 0.190899804
v -0.153607383 0.870146453 0.205015048
v -0.159099057 0.863118768 0.210994855
v -0.212445572 0.66842401 0.17931965
v -0.219987556 0.647345424 0.204571262
v -0.190748096 0.666931748 0.195635945
v -0.182492822 0.644610465 0.187512413
v -0.171696007 0.649621546 0.202744409
v -0.184107766 0.657834053 0.209511057
v -0.173743427 0.670345426 0.198414907
v -0.181063384 0.663349152 0.20567894
v -0.160383403 0.680781066 0.167074367
v -0.154700115 0.645114601 0.166064426
v -0.158716843 0.659927607 0.210861161
v -0.11958731 0.548666418 0.00160825532
v -0.0791030526 0.580569327 0.00215180032
v -0.0940894485 0.552835763 0.00779587217
v -0.0817062259 0.555142045 0.0128138326
v -0.155037388 0.45000127 0.00105558697
v -0.147100404 0.467437446 0.00252244342
v -0.131134272 0.486920595 0.00727348635
v -0.119977906 0.472284585 0.0210010353
v -0.113417245 0.530726433 0.00683515286
v -0.111387856 0.503166258 0.0210283175
v -0.10859292 0.486100018 0.0412650779
v -0.101512834 0.526360273 0.0182351489
v -0.0946288705 0.517703831 0.0438597575
v -0.0988355726 0.503411651 0.0800197348
v -0.106965698 0.481724411 0.0663948432
v -0.0854519829 0.535845637 0.0303106606
v -0.0910167992 0.518079579 0.0800134614
v -0.0759087652 0.538323939 0.0500154272
v -0.0752138272 0.537381589 0.0700192377
v -0.146776691 0.370987266 0.00119230011
v -0.133482724 0.443424463 0.00932634249
v -0.130568877 0.391897291 0.00884232484
v -0.124400988 0.445081502 0.0194059853
v -0.119670667 0.398346245 0.0223022439
v -0.115909562 0.449919134 0.0360692963
v -0.111763552 0.396158099 0.0428088568
v -0.11313615 0.441251278 0.0512426272
v -0.108769543 0.39041093 0.0616324395
v -0.110330105 0.459857017 0.0774978325
v -0.111828789 0.439994395 0.0800070539
v -0.130756065 0.321100354 0.00194578804
v -0.117865339 0.338768661 0.0100841541
v -0.105597109 0.353603065 0.0335195623
v -0.104726508 0.32828787 0.021700941
v -0.0922805071 0.313652605 0.0388197377
v -0.0966696069 0.338892639 0.0661906675
v -0.1093411 0.395640701 0.0839174613
v -0.109608516 0.263434321 0.00210504746
v -0.0993294194 0.273271412 0.00807076693
v -0.0897093043 0.270219952 0.0147756832
v -0.0842694864 0.275292814 0.0250253174
v -0.0690886602 0.216481537 0.0113389483
v -0.0805707648 0.28333351 0.0429476053
v -0.0768387988 0.280263066 0.0700075403
v -0.141590223 1.24792075 0.157931522
v -0.132190362 1.19683409 0.14847517
v -0.125182241 1.24408138 0.150587201
v -0.131599367 1.25685525 0.160751551
v -0.107717723 1.2542944 0.148829281
v -0.104996838 1.17046857 0.148393512
v -0.0929572284 1.11469853 0.14991954
v -0.0851317868 1.05393696 0.155062258
v -0.149283573 1.18780291 0.155294374
v -0.127625465 1.17150187 0.149190024
v -0.13797608 1.15955591 0.157810673
v -0.126242518 1.14936268 0.151439175
v -0.129311785 1.11523438 0.160228133
v -0.115223728 1.10892498 0.149916694
v -0.146192297 1.08150208 0.161757648
v -0.127219155 1.07462895 0.150258407
v -0.131268516 1.09415984 0.162496984
v -0.134990975 1.08532917 0.159586981
v -0.110622458 1.06469059 0.148288161
v -0.128471524 0.995827138 0.156473741
v -0.113993645 0.996855676 0.151579872
v -0.109926127 1.0052501 0.148726895
v -0.116934277 0.963454902 0.159114704
v -0.116544664 0.983609021 0.158544213
v -0.115353793 0.975301564 0.160170019
v -0.101125263 0.972327232 0.149821937
v -0.0912552997 0.96803087 0.150022
v -0.137455031 0.874211192 0.155979007
v -0.128091618 0.943756044 0.150232017
v -0.113123491 0.933754563 0.148424685
v -0.115469158 0.880700529 0.14827092
v -0.123475075 0.863527715 0.149972975
v -0.12825413 0.955546618 0.159226313
v -0.110368468 0.952216029 0.149921671
v -0.0897945538 0.881050289 0.149854839
v -0.122583233 0.830138803 0.156819984
v -0.123331726 0.803927839 0.160102099
v -0.110406138 0.802368581 0.150427654
v -0.0983189791 0.780469477 0.14929013
v -0.0895950794 0.835414827 0.149989113
v -0.0798284635 0.808149457 0.15985617
v -0.139738649 0.772942483 0.150222898
v -0.142863303 0.784906507 0.159204528
v -0.120766126 0.781401277 0.149867117
v -0.123631716 0.714825213 0.153773427
v -0.109163046 0.745761633 0.150231242
v -0.10687492 0.725503147 0.162341863
v -0.088309519 0.771614611 0.159261808
v -0.0971020609 0.747755945 0.159571365
v -0.120709918 0.641804874 0.149572268
v -0.113794111 0.657691538 0.15631552
v -0.0895574242 0.668281496 0.149933159
v -0.0772850439 0.660429597 0.148488775
v -0.0791973472 0.692641497 0.156656682
v -0.127189159 0.628753841 0.148532629
v -0.131481022 0.540863872 0.147937208
v -0.0791220665 0.597716808 0.148313046
v -0.119483277 0.547954142 0.146836787
v -0.0736218244 0.585935295 0.14637804
v -0.0759515464 0.559534192 0.13513273
v -0.075882718 0.569134593 0.141083419
v -0.147830874 0.490045339 0.147270948
v -0.132823437 0.448299587 0.138220891
v -0.128996894 0.492226601 0.140638828
v -0.118447952 0.487117738 0.129388079
v -0.109293036 0.487214535 0.11018125
v -0.104966067 0.520464599 0.129126206
v -0.109224372 0.535209835 0.140779763
v -0.107514612 0.481832862 0.0897387117
v -0.0973041728 0.516676903 0.111570641
v -0.0869674683 0.542094529 0.12842463
v -0.0735739097 0.539490461 0.0901699588
v -0.0799663365 0.537983239 0.111489646
v -0.148533106 0.370972872 0.147487208
v -0.141654536 0.439365745 0.143751264
v -0.131692588 0.38828966 0.140871078
v -0.122310065 0.454672724 0.127651349
v -0.119143888 0.429273307 0.120741077
v -0.118270256 0.388849348 0.125532195
v -0.11526119 0.44460234 0.107598893
v -0.11097914 0.388694435 0.108123034
v -0.12615706 0.306510597 0.146199286
v -0.120921545 0.335572898 0.14091
v -0.105601527 0.344917029 0.119364589
v -0.113477878 0.345371813 0.131813347
v -0.0980820805 0.339929193 0.095156543
v -0.0851479545 0.290079683 0.112293817
v -0.089865759 0.285879433 0.125449091
v -0.116282709 0.240012497 0.148290709
v -0.096523717 0.284469545 0.13445121
v -0.100974336 0.275248677 0.141103223
v -0.0898638219 0.214530423 0.146667421
v -0.076993607 0.279136002 0.090643622
v -0.0671687424 0.201365873 0.140675157
v -0.0549535863 0.118554749 0.148411438
v 0.0356708728 -0.0830452219 0.148400933
v -0.145410851 1.25962007 0.201342434
v -0.150250882 1.27071369 0.209077075
v -0.137554973 1.26123023 0.194416553
v -0.129353464 1.27293551 0.166984752
v -0.129398093 1.26525855 0.167239502
v -0.139081031 1.27111733 0.201916501
v -0.0799470022 1.14021027 0.161749244
v -0.145925969 1.16977978 0.164331272
v -0.149772957 1.15728128 0.201615542
v -0.154478565 1.13954592 0.208463177
v -0.149860442 1.11676514 0.210471973
v -0.149285093 1.13334489 0.20938091
v -0.137875393 1.14635038 0.16609548
v -0.140063718 1.12791228 0.198923409
v -0.133609578 1.10688579 0.179320946
v -0.154927686 1.08542979 0.165375203
v -0.152151659 1.08999062 0.191802457
v -0.149334371 1.09633613 0.203335643
v -0.141094029 1.08887434 0.192032695
v -0.145697013 1.11244905 0.207234621
v -0.139307305 1.0995487 0.201138854
v -0.135318056 0.990473628 0.166999012
v -0.137122914 0.961476147 0.185192987
v -0.140346885 0.974944055 0.206583783
v -0.130118996 0.96835649 0.202084616
v -0.128716871 0.979931355 0.200969458
v -0.122336552 0.98436904 0.167547971
v -0.119834617 0.972410142 0.182010442
v -0.123385042 0.966509759 0.180082396
v -0.149461359 0.88149184 0.167303488
v -0.148777142 0.869699538 0.195772275
v -0.149629772 0.801258564 0.199665055
v -0.153820604 0.837047875 0.205006912
v -0.147859797 0.838209927 0.209751368
v -0.138635784 0.863958955 0.164319873
v -0.139763147 0.844406903 0.20131135
v -0.144957468 0.807886004 0.205330685
v -0.129449815 0.835703373 0.166543871
v -0.129406363 0.806391537 0.189785257
v -0.137690589 0.819915652 0.204732552
v -0.138795659 0.799116135 0.202227071
v -0.128983229 0.800082803 0.179695874
v -0.143677607 0.789891839 0.17446214
v -0.145429716 0.796237588 0.194052711
v -0.130619869 0.790858567 0.164197803
v -0.13385798 0.794812381 0.180616289
v -0.0970684588 0.735880852 0.178535372
v -0.106183946 0.715465724 0.191892639
v -0.0958612412 0.723255575 0.204172611
v -0.0873865411 0.758458495 0.17625019
v -0.0884515122 0.743396401 0.197784066
v -0.104282826 0.704909623 0.209659293
v -0.077330865 0.791233063 0.180418164
v -0.0782412887 0.774262369 0.195494413
v -0.084145546 0.74413383 0.204676285
v -0.0803494826 0.720513344 0.204231456
v -0.0787955597 0.738054991 0.21081917
v -0.15035516 0.679310918 0.193141744
v -0.136724874 0.659588516 0.199211076
v -0.140301436 0.677909255 0.205465719
v -0.139687851 0.67255944 0.210821211
v -0.139120162 0.690573096 0.167162269
v -0.123427704 0.704057753 0.164143637
v -0.122003064 0.658685088 0.165006712
v -0.128966063 0.692023039 0.191583723
v -0.128137395 0.67253685 0.210940763
v -0.107665017 0.675014913 0.186839521
v -0.12182384 0.667975605 0.199413538
v -0.104710087 0.685396075 0.204183862
v -0.101582229 0.675803661 0.16677472
v -0.0900828838 0.698778033 0.199442208
v -0.092936568 0.70711267 0.210339293
v -0.0812737644 0.6990363 0.165149376
v -0.0772419944 0.716195047 0.191545293
v -0.0471363477 0.579614341 0.00827181246
v -0.0510026328 0.567146242 0.0194481481
v -0.0674287453 0.552211285 0.0288568251
v -0.0525841825 0.559904039 0.0299520828
v -0.0359749272 0.561442018 0.044418972
v -0.0147137968 0.592859089 0.00430079922
v -0.0179359708 0.580234051 0.0121698156
v -0.0210449528 0.570264518 0.0248727351
v -0.0313407145 0.559904099 0.0787514523
v -0.0150004178 0.561317801 0.0800094008
v -0.0100189578 0.564010918 0.0424248278
v 0.0069133481 0.57050693 0.0213125218
v 0.00311633432 0.559743464 0.080241926
v -0.0591834337 0.551003754 0.0493647121
v -0.0507875755 0.553503454 0.0789479539
v -0.0603188314 0.220534682 0.0247197095
v -0.0585926287 0.226411074 0.0341250673
v -0.0571987331 0.231678888 0.0501129478
v -0.0548022762 0.230225027 0.0700025782
v -0.0622590408 0.186451048 0.00600495376
v -0.0422117077 0.129638016 0.0017929835
v -0.040710941 0.168062255 0.0140213668
v -0.0352209508 0.179679975 0.0308550149
v -0.0321187265 0.183598846 0.0492871813
v -0.0272803903 0.177823171 0.0700079203
v -0.0106179211 0.13135688 0.0228417385
v -0.0188230686 0.157593787 0.0392936133
v 0.00650675548 0.123102851 0.0626646653
v -0.0230462588 0.128330529 0.00876513962
v -0.0195351355 0.0953146443 0.00181494502
v 0.00190958194 0.0989042446 0.0129043916
v 0.00248337514 0.123546295 0.039064195
v 0.0138854431 0.0722819194 0.00791855622
v 0.0122894738 0.0520018116 0.00195870036
v -0.0405038483 1.11152041 0.157963142
v -0.0288424008 1.11373961 0.149784818
v -0.0150004076 1.01492178 0.148437053
v -0.00952122826 0.850539505 0.148411289
v -0.0783119425 0.93255198 0.158940092
v -0.027850816 0.950316131 0.150557026
v -0.0397682786 0.956042707 0.160363168
v -0.0264851544 0.820492208 0.149707809
v -0.0421419181 0.784639657 0.157327384
v -0.0382514484 0.84094888 0.159852758
v -0.0552127808 0.746861875 0.159808457
v -0.0387889445 0.758798778 0.150026232
v -0.0614773147 0.705591381 0.149988115
v -0.0461239815 0.678091228 0.148337409
v 0.0998926535 0.720580995 0.1484029
v -0.0693634897 0.55145061 0.120579213
v -0.0235154275 0.61124593 0.148233026
v -0.0412477665 0.560769022 0.108433902
v -0.0466109142 0.569066167 0.129542515
v -0.0272948612 0.583359301 0.139588714
v -6.90212109e-05 0.597918749 0.14574565
v -0.0214389432 0.567655802 0.119064972
v 0.000467282138 0.564752221 0.11073602
v -0.00367707899 0.572345614 0.127727702
v -0.0597230084 0.551361382 0.102482535
v -0.0641175434 0.232957795 0.120436497
v -0.068944931 0.221850097 0.134069324
v -0.0551709607 0.22839506 0.0974747762
v -0.0595411584 0.160221621 0.146211311
v -0.0390276872 0.183994979 0.120796576
v -0.0299872793 0.181613594 0.0899295062
v -0.0327990763 0.149324536 0.137069389
v -0.0204967931 0.159487173 0.110275917
v -0.0253475513 0.125893429 0.141580075
v -0.0299709439 0.115018614 0.145729095
v -0.0012163386 0.0495323688 0.148224682
v -0.0106893955 0.128461197 0.128344819
v 0.00149809499 0.129141942 0.0973019525
v 0.0199810266 0.0740806237 0.13538602
v -0.00746190827 0.0825274289 0.145722419
v 0.0127937691 0.104630321 0.116331488
v -0.075988099 1.07999706 0.175064012
v -0.0739763156 1.08569956 0.187594429
v -0.0661765039 1.1998347 0.206806093
v -0.0598562211 1.12642455 0.210930228
v -0.0506714061 1.24746704 0.196834594
v -0.0500940159 1.16379869 0.196257308
v -0.0445780233 1.18718553 0.167417243
v -0.0468875878 1.12296629 0.179944322
v -0.0706818849 1.05750191 0.201501667
v -0.0615469739 1.00424922 0.210426852
v -0.0530003421 0.954102933 0.206169248
v -0.042508021 0.932188332 0.170742556
v -0.0461883955 0.944220781 0.190065235
v -0.0495487191 1.03224373 0.20129481
v -0.0737870559 0.8482669 0.172311872
v -0.0698389262 0.901342392 0.195431009
v -0.0600513257 0.893360734 0.210605204
v -0.049073115 0.864999652 0.20216772
v -0.0700247362 0.836635888 0.195665404
v -0.0706739128 0.809397876 0.201016143
v -0.0609993823 0.829828441 0.210028991
v -0.0642534569 0.793963015 0.208389312
v -0.0595774725 0.798484325 0.210636392
v -0.0495397151 0.805304587 0.198955014
v -0.0438752063 0.811661184 0.171295255
v -0.0445458218 0.848435223 0.182542011
v -0.0707743838 0.734907329 0.201083064
v -0.0728635415 0.776384056 0.204489127
v -0.0751307383 0.74961096 0.208275586
v -0.0680789053 0.772874177 0.209288999
v -0.0702967048 0.757394195 0.210092664
v -0.0664522052 0.726412773 0.165964395
v -0.0581751838 0.755089402 0.181143239
v -0.0599050708 0.767664611 0.202224508
v -0.0484803021 0.779543698 0.166682348
v -1.34726191 -0.155024603 0.0497312695
v -1.3699894 -0.1621131 0.0787639171
v -1.41010427 -0.209937364 0.0393029563
v -1.41122878 -0.198678866 0.0600610971
v -1.41059899 -0.224835932 0.055639036
v -1.41343713 -0.211235508 0.0780836493
v -1.40042555 -0.204904959 0.0202909335
v -1.40078294 -0.218609035 0.0201293454
v -1.39881289 -0.193552524 0.0251568314
v -1.40336192 -0.231883362 0.0357898064
v -1.3985064 -0.182980105 0.0454100259
v -1.40055597 -0.182145566 0.0661945865
v -1.39892876 -0.247162402 0.0699638426
v -1.38685775 -0.200247005 0.00895062648
v -1.38665497 -0.223710686 0.00768824341
v -1.38967073 -0.230591044 0.0137568088
v -1.38902819 -0.2470074 0.0275492426
v -1.38549519 -0.17511563 0.0358840153
v -1.381706 -0.182243213 0.0197008941
v -1.38128829 -0.168055773 0.0620125383
v -1.36090994 -0.181831315 0.00910763256
v -1.36722255 -0.226152629 0.00190077885
v -1.36443019 -0.171140045 0.0217183288
v -1.34963012 -0.191647157 0.0025304181
v -1.34878016 -0.159816042 0.0327648073
v -1.39636409 -0.246936098 0.0479795299
v -1.37045479 -0.257694185 0.018245751
v -1.37450004 -0.26774016 0.0423004739
v -1.37539101 -0.270579338 0.0800410435
v -1.34569943 -0.264851302 0.00869794004
v -1.3473407 -0.282328218 0.0284337327
v -1.34211552 -0.292767644 0.0496843532
v -1.35591209 -0.158417702 0.10077662
v -1.4100045 -0.197748691 0.09378732
v -1.41061282 -0.223832235 0.0945146084
v -1.40974498 -0.209047005 0.109578267
v -1.39980125 -0.182061225 0.0900655687
v -1.40117741 -0.242822319 0.0906432867
v -1.40148282 -0.190642446 0.114548951
v -1.40166914 -0.230556041 0.119406238
v -1.40041745 -0.209776908 0.129941404
v -1.39132118 -0.180119619 0.113278076
v -1.39080739 -0.191282168 0.130411878
v -1.38296998 -0.2488406 0.127118409
v -1.38774562 -0.233424038 0.134925351
v -1.38280976 -0.170197502 0.0982821956
v -1.37291217 -0.17322287 0.124093436
v -1.38591456 -0.203951821 0.140724987
v -1.38743377 -0.219263479 0.140697643
v -1.36352885 -0.184748963 0.14088358
v -1.36215556 -0.201146632 0.146743849
v -1.36654568 -0.22081089 0.147551626
v -1.36557972 -0.247466847 0.140818208
v -1.35150337 -0.167900383 0.129115358
v -1.38737488 -0.253542691 0.112000659
v -1.36010242 -0.276626647 0.11236386
v -1.35086882 -0.287801892 0.0902192891
v -1.34619141 -0.276604533 0.12932916
v -1.34895813 -0.154256955 0.0699902922
v -1.31799781 -0.14668642 0.0662207156
v -1.3137033 -0.158117563 0.0191923678
v -1.31755626 -0.149819151 0.0402581021
v -1.27840579 -0.148764431 0.0290673878
v -1.27775025 -0.14382115 0.0486672558
v -1.29068649 -0.142946154 0.0800240859
v -1.27613497 -0.158828139 0.0141876806
v -1.32931256 -0.170878157 0.00906232186
v -1.33596528 -0.252164364 0.00156102015
v -1.30008006 -0.179463387 0.00254461728
v -1.26739764 -0.17007494 0.00608789362
v -1.32618427 -0.28747952 0.0161653571
v -1.32167196 -0.307991564 0.0699945688
v -1.29505241 -0.313824505 0.0237313062
v -1.28951037 -0.301876754 0.00852970406
v -1.30155897 -0.314763486 0.0333772041
v -1.28424156 -0.288834274 0.00212487997
v -1.28722489 -0.328921229 0.0499873906
v -1.25798428 -0.327541739 0.010895201
v -1.25391722 -0.354632676 0.0699678063
v -1.33880472 -0.158340156 0.119493365
v -1.32209647 -0.148593888 0.0977553949
v -1.30011165 -0.148682237 0.113983572
v -1.2979759 -0.156912908 0.131062895
v -1.27227843 -0.148839563 0.118842453
v -1.27117872 -0.144046187 0.097634241
v -1.34584856 -0.242788106 0.147126108
v -1.31644166 -0.170311809 0.141053379
v -1.31429768 -0.183239222 0.146302924
v -1.31594431 -0.19997336 0.148447454
v -1.24939942 -0.232502431 0.148409069
v -1.31784916 -0.260367751 0.147631228
v -1.27223182 -0.16815263 0.141998783
v -1.3324343 -0.296321988 0.111004762
v -1.32165396 -0.27988708 0.140603587
v -1.29870772 -0.309143454 0.128139406
v -1.28441787 -0.331854701 0.0899690911
v -1.29065537 -0.323825032 0.110825017
v -1.25891745 -0.321487099 0.140986726
v -1.24467015 -0.299042851 0.148248419
v -1.27047813 -0.295969814 0.146606356
v -1.20221722 -0.0635772049 0.0498304889
v -1.20640635 -0.0404055566 0.0800309852
v -1.19979525 -0.0889445767 0.0699921325
v -1.26589334 -0.143366411 0.0664158612
v -1.2485019 -0.15907076 0.0212196596
v -1.24987042 -0.149728358 0.0422289707
v -1.23638523 -0.152274296 0.0724913925
v -1.22933447 -0.158598244 0.0410753153
v -1.21710682 -0.161276951 0.0591748357
v -1.24689865 -0.188868836 0.00171811238
v -1.24471581 -0.171266422 0.00980304834
v -1.22199881 -0.169464886 0.023518011
v -1.22021651 -0.200789705 0.00186775229
v -1.21262956 -0.187823653 0.00826936774
v -1.21077049 -0.179627866 0.0158474352
v -1.19086182 -0.190928191 0.00706505124
v -1.20504177 -0.166539669 0.0418359265
v -1.20504248 -0.16291292 0.080035843
v -1.24203134 -0.31658268 0.00181048806
v -1.25315297 -0.350961328 0.0387640633
v -1.23715293 -0.35677585 0.0256236829
v -1.23223829 -0.35280019 0.0160811432
v -1.2229284 -0.379399896 0.0624071509
v -1.21549487 -0.352001876 0.00649032835
v -1.21175957 -0.384777278 0.0398590751
v -1.17630887 -0.370713353 0.0019357116
v -1.19004452 -0.390019059 0.016751565
v -1.18947172 -0.399473459 0.0267520063
v -1.16973794 -0.397195905 0.00789562613
v -1.18573892 -0.413547158 0.0549166985
v -1.18284357 -0.417728573 0.0725059956
v -1.19794822 -0.0935351178 0.0975657776
v -1.20079601 -0.0448893942 0.115099028
v -1.2571671 -0.158359632 0.130064651
v -1.24825513 -0.148721889 0.0972532406
v -1.23550749 -0.158030003 0.114364669
v -1.21652198 -0.161710307 0.089217335
v -1.2494998 -0.191730052 0.147366047
v -1.22093761 -0.217501476 0.148266479
v -1.24141514 -0.174887151 0.140228093
v -1.21002638 -0.17713733 0.129043579
v -1.20312881 -0.210035756 0.147327736
v -1.2070992 -0.168349802 0.111164957
v -1.20112288 -0.191576079 0.141246647
v -1.25688243 -0.343615085 0.120321423
v -1.23911393 -0.362098813 0.108444579
v -1.22580802 -0.356491119 0.133364096
v -1.21812427 -0.382585853 0.0900948942
v -1.22744572 -0.361814469 0.126833349
v -1.21260655 -0.338597178 0.146600351
v -1.2123822 -0.356974214 0.140936971
v -1.20160854 -0.395761788 0.102681674
v -1.19620919 -0.394169211 0.120225787
v -1.18104839 -0.399190128 0.131476268
v -1.18030345 -0.0732861683 0.00902164634
v -1.18878639 -0.102860458 0.0248141047
v -1.16955411 -0.0755622536 0.0038022385
v -1.15729558 -0.0968550146 0.00135918998
v -1.18853509 -0.136161849 0.0427939259
v -1.19050658 -0.154310182 0.0575442128
v -1.1901623 -0.142188236 0.0671109781
v -1.19126308 -0.15417853 0.0870180055
v -1.17988181 -0.14933303 0.0240812749
v -1.16997039 -0.132925928 0.00938075222
v -1.17018449 -0.165405065 0.0104140453
v -1.15524817 -0.177893385 0.00227422267
v -1.17999113 -0.205037206 0.00152153464
v -1.19056225 -0.175542429 0.0206441209
v -1.19487214 -0.163967073 0.0420214832
v -1.19797897 -0.161197364 0.0813672021
v -1.18623006 -0.164484069 0.0280356221
v -1.17637289 -0.181153849 0.00845407601
v -1.16702473 -0.425113767 0.0283622146
v -1.13990176 -0.444248646 0.0149399424
v -1.15646386 -0.443937898 0.0395514853
v -1.15543032 -0.450463444 0.0624926277
v -1.1425513 -0.456693828 0.0288693588
v -1.13138163 -0.434061259 0.00490898453
v -1.13345015 -0.479330689 0.0497496091
v -1.13332844 -0.481996208 0.070006907
v -1.10501242 -0.483657509 0.00845569186
v -1.10139704 -0.50353235 0.0151193133
v -1.11985672 -0.491287291 0.0297215208
v -1.10317528 -0.524468124 0.0398165174
v -1.19166625 -0.0911321118 0.121887319
v -1.19091821 -0.0374594219 0.133182347
v -1.16485715 -0.0718472078 0.146331325
v -1.15167713 -0.110350102 0.147639498
v -0.909586132 -0.285370469 0.14840062
v -1.19189787 -0.125867665 0.0973227099
v -1.1897943 -0.143837571 0.0864612535
v -1.18684566 -0.150508493 0.107451491
v -1.18068027 -0.120390847 0.130612716
v -1.17989028 -0.152756095 0.124354534
v -1.16901314 -0.148464516 0.137739033
v -1.15815485 -0.154865876 0.144142762
v -1.13875031 -0.159062892 0.148195207
v -1.19462693 -0.165179744 0.109106511
v -1.19052029 -0.176255882 0.128891915
v -1.18125343 -0.199992418 0.145729065
v -1.1849848 -0.165115327 0.122965105
v -1.18039954 -0.186206043 0.140834495
v -1.16809952 -0.172446534 0.140846878
v -1.15410101 -0.190202504 0.147975951
v -1.16624248 -0.400679797 0.140808225
v -1.12225294 -0.408094972 0.148354277
v -1.14710498 -0.399848193 0.146526933
v -1.16502953 -0.437062919 0.0901906192
v -1.16445661 -0.432978243 0.110467598
v -1.16013658 -0.429344416 0.124381252
v -1.13892436 -0.452465057 0.12904571
v -1.13268888 -0.482032716 0.0901242718
v -1.13725293 -0.469648421 0.110366665
v -1.11772001 -0.476757258 0.133621544
v -1.1026001 -0.486763895 0.140446052
v -1.11948001 -0.491684169 0.118776314
v -1.1017369 -0.527726233 0.106344506
v -1.0887289 -0.484228015 0.00208190666
v -1.08009648 -0.565744281 0.0498698056
v -1.08957982 -0.553137124 0.0699911788
v -1.09459376 -0.526063621 0.0231522229
v -1.07391167 -0.565461695 0.0290734041
v -1.05502093 -0.565900147 0.00845264923
v -1.07065415 -0.552287579 0.0140555026
v -1.05027235 -0.544669092 0.00175427238
v -1.05582011 -0.60579896 0.0816337168
v -1.05020523 -0.609379828 0.0422124155
v -1.04552698 -0.600476384 0.0204625651
v -1.11058521 -0.445385158 0.146980211
v -1.08114612 -0.489254326 0.147190914
v -1.0319581 -0.529803932 0.148410305
v -1.08499563 -0.559551477 0.0900684521
v -1.09479117 -0.529698312 0.121617489
v -1.07205868 -0.559001327 0.128643364
v -1.06966531 -0.577870727 0.110232025
v -1.05396736 -0.566213608 0.140689313
v -1.0553726 -0.531412125 0.147220254
v -1.02979994 -0.574893475 0.146839201
v -1.04935491 -0.607247353 0.11275214
v -1.04881454 -0.595485687 0.127991021
v -1.03021932 -0.637645721 0.0976122916
v -1.02146506 -0.59144491 0.0022361083
v -1.02083182 -0.63176018 0.0193497818
v -1.02556217 -0.634817004 0.0295416638
v -1.02113569 -0.646266818 0.0448776558
v -1.02686787 -0.643258274 0.0651648566
v -1.01858771 -0.61909771 0.00886933133
v -0.991263986 -0.630681694 0.00265437015
v -0.964080751 -0.64845252 0.00181032845
v -1.00883687 -0.652601182 0.0290614311
v -1.00830197 -0.662669957 0.0729969069
v -0.984262168 -0.654079676 0.00884114392
v -0.993739724 -0.655685365 0.0166316163
v -0.993493199 -0.670189977 0.0401858017
v -0.972701788 -0.67733258 0.0263244752
v -0.978212595 -0.683057487 0.0594825037
v -0.955584466 -0.669455349 0.00976826157
v -0.958591104 -0.688715756 0.0499382503
v -0.98992449 -0.601525903 0.148386151
v -1.02488434 -0.635455728 0.119036578
v -1.02239251 -0.628356159 0.130620524
v -1.01524913 -0.622216284 0.140355557
v -0.988727689 -0.626867652 0.146958008
v -0.962102413 -0.643141091 0.148036107
v -1.00952947 -0.658920825 0.0997034535
v -1.00457978 -0.656422317 0.119168311
v -0.982972682 -0.665643752 0.130547255
v -0.984825313 -0.679260314 0.0902619883
v -0.98360157 -0.67584157 0.111187205
v -0.985546947 -0.650583386 0.140662849
v -0.951828003 -0.668439746 0.140332669
v -0.959251463 -0.689287543 0.0940373316
v -0.96014142 -0.680245399 0.124870799
v -0.919077694 -0.383748949 0.00211779634
v -0.890683115 -0.344873726 0.00179553987
v -0.895516396 -0.374172896 0.0092420876
v -0.909408152 -0.40578267 0.0100890305
v -0.881456912 -0.357779503 0.00891376752
v -0.893235207 -0.390910178 0.0205770023
v -0.894520164 -0.403829485 0.0280867852
v -0.865181804 -0.329444677 0.00213975809
v -0.880291104 -0.377373725 0.0257335212
v -0.880311847 -0.389601409 0.0530434623
v -0.888201237 -0.40800795 0.0800876021
v -0.936088204 -0.452489853 0.0023683731
v -0.925041735 -0.456264168 0.00679766713
v -0.920246661 -0.48563394 0.0107358666
v -0.918131351 -0.440231711 0.00973625109
v -0.910259664 -0.480577886 0.0231353529
v -0.905195534 -0.434811383 0.0244710334
v -0.900544643 -0.448180526 0.0418728739
v -0.903009772 -0.481881678 0.0424362905
v -0.900245011 -0.481314361 0.079992421
v -0.892455876 -0.414688021 0.049900692
v -0.896943986 -0.439914405 0.0700105801
v -0.935219467 -0.556886911 0.00184217212
v -0.920440495 -0.537558556 0.00870412309
v -0.908303678 -0.551440239 0.0208576303
v -0.901415706 -0.531899214 0.0419613086
v -0.894976795 -0.578389108 0.0494279936
v -0.900147498 -0.509888589 0.0600635298
v -0.899023294 -0.53018868 0.0749781951
v -0.897384107 -0.589538991 0.0330849774
v -0.927323997 -0.629025161 0.0017450531
v -0.921126604 -0.585038602 0.00528162299
v -0.910656512 -0.630277097 0.00980318338
v -0.909070849 -0.589976192 0.0136779072
v -0.897461891 -0.623386145 0.0264560916
v -0.890982926 -0.620037973 0.049826391
v -0.891104996 -0.59869957 0.0699949265
v -0.889725387 -0.625622869 0.0794791952
v -0.942806065 -0.652400613 0.00182050001
v -0.949153364 -0.680829704 0.0217275228
v -0.948035419 -0.688685119 0.0412700847
v -0.952311456 -0.691278279 0.0699251145
v -0.938539147 -0.670101404 0.00978858303
v -0.931048632 -0.682941377 0.0295836646
v -0.930371702 -0.68989116 0.0711554363
v -0.921215415 -0.655529678 0.0088647157
v -0.919897974 -0.669507921 0.0197429303
v -0.919840217 -0.681589842 0.0419809557
v -0.907310486 -0.653383315 0.0214162618
v -0.908940196 -0.669665992 0.0376600586
v -0.912101686 -0.678654373 0.0615973882
v -0.898738325 -0.655169547 0.0424319208
v -0.89865458 -0.661220729 0.0797694474
v -0.894680262 -0.650107086 0.069992058
v -0.917030096 -0.34699288 0.148338631
v -0.946247041 -0.419063181 0.148264423
v -0.913164198 -0.369256169 0.14664863
v -0.931000412 -0.416031361 0.146391928
v -0.902177751 -0.380640954 0.140488386
v -0.894893825 -0.408767074 0.116117246
v -0.893769979 -0.39026314 0.129008383
v -0.872498751 -0.320001125 0.148026288
v -0.877637863 -0.385777593 0.0927878991
v -0.880018651 -0.383321077 0.112132616
v -0.877035499 -0.365918607 0.129963234
v -0.871010602 -0.355446011 0.135484263
v -0.875324488 -0.341615617 0.144272774
v -0.949999094 -0.533281028 0.148212507
v -0.937502265 -0.514380813 0.146087512
v -0.920679212 -0.432394445 0.141206622
v -0.923751056 -0.481260091 0.140497595
v -0.909747422 -0.442452461 0.129733831
v -0.91189307 -0.480836213 0.128031284
v -0.897589445 -0.438191146 0.0940664932
v -0.901893258 -0.449544638 0.110137783
v -0.904139817 -0.482501149 0.110014245
v -0.90553838 -0.417551488 0.130222127
v -0.921008646 -0.542607129 0.140327871
v -0.924943864 -0.59436965 0.145026252
v -0.910147846 -0.543171585 0.129152864
v -0.899069786 -0.536091864 0.089812696
v -0.901839495 -0.540463388 0.109869592
v -0.898639441 -0.590809584 0.119735576
v -0.939965725 -0.621877849 0.14833875
v -0.940017521 -0.649202049 0.146899745
v -0.920646906 -0.645410657 0.142725483
v -0.910932362 -0.620234728 0.139395922
v -0.900862277 -0.615473807 0.127489656
v -0.899814904 -0.641039848 0.121084951
v -0.892019272 -0.597751141 0.0950898603
v -0.893150151 -0.640159726 0.0975980312
v -0.893783808 -0.625037372 0.110172816
v -0.949264765 -0.687652588 0.11029797
v -0.9387151 -0.690879881 0.0896432325
v -0.940261543 -0.680660665 0.126314133
v -0.930018902 -0.682548165 0.118751742
v -0.933139324 -0.667409599 0.138773486
v -0.920159936 -0.681487978 0.106399812
v -0.919828892 -0.666832507 0.130910069
v -0.912284255 -0.678350031 0.0900264084
v -0.910308778 -0.670217514 0.113648444
v -0.909980476 -0.655135989 0.129683673
v -0.899855733 -0.656406105 0.106635407
v -0.862482488 -0.345350772 0.00924692769
v -0.869592965 -0.363274992 0.0217746869
v -0.87219882 -0.380357534 0.0599489883
v -0.853478909 -0.353440076 0.0214431845
v -0.860793829 -0.367440701 0.044693023
v -0.859129786 -0.369249374 0.0800017715
v -0.84501338 -0.358563572 0.040637657
v -0.830650866 -0.336175799 0.00896545313
v -0.821957886 -0.348192334 0.0235628262
v -0.839908481 -0.36035502 0.065707691
v -0.819999516 -0.32433024 0.00331330253
v -0.827558696 -0.356054574 0.0426393822
v -0.820004642 -0.358235031 0.0662474781
v -0.800395846 -0.33885923 0.00946804415
v -0.799841762 -0.356733143 0.0402572751
v -0.797284484 -0.360153228 0.0582241751
v -0.800308049 -0.359964579 0.0880391151
v -0.841975331 -0.319484502 0.146877855
v -0.762657702 -0.314691663 0.148325145
v -0.864365876 -0.367323369 0.112557374
v -0.850601673 -0.338016033 0.140945807
v -0.84955883 -0.359713852 0.110297188
v -0.850772321 -0.350240976 0.130311117
v -0.84043324 -0.359995693 0.0901608616
v -0.829944849 -0.352781653 0.11824245
v -0.819995224 -0.339406043 0.136220023
v -0.814996779 -0.35716632 0.0975002944
v -0.813740015 -0.327752948 0.144165218
v -0.80606997 -0.35150218 0.121390887
v -0.768898964 -0.330734432 0.0023163408
v -0.786507785 -0.351254344 0.0198537484
v -0.777694106 -0.366280645 0.0800094157
v -0.75857836 -0.351049125 0.0100518288
v -0.745755136 -0.366488785 0.0208591465
v -0.757860899 -0.370659053 0.0425271653
v -0.747302055 -0.378299147 0.0774959251
v -0.718676507 -0.367631048 0.00914142933
v -0.719420433 -0.386299133 0.0341128856
v -0.720805526 -0.390879452 0.0542516895
v -0.699808896 -0.359705061 0.00179341447
v -0.70543915 -0.387967259 0.0208292846
v -0.781647444 -0.360950917 0.110322379
v -0.772840202 -0.355697364 0.127190754
v -0.77970022 -0.341115117 0.140412077
v -0.769969046 -0.329863816 0.146098062
v -0.750945389 -0.374215692 0.10251803
v -0.74456048 -0.360044688 0.135239825
v -0.740451097 -0.375221699 0.115577295
v -0.719887435 -0.363948673 0.141065225
v -0.719601691 -0.378351897 0.128937006
v -0.717557788 -0.351256788 0.146193415
v -0.702504635 -0.348757565 0.147853702
v -0.715828001 -0.393959194 0.0899801999
v -0.713328838 -0.392200619 0.109385736
v -0.695209503 -0.408477694 0.0700017065
v -0.679442704 -0.391823053 0.00843014196
v -0.652255833 -0.418136925 0.0143721784
v -0.643527329 -0.399402857 0.00206961576
v -0.683287263 -0.413461328 0.0404324196
v -0.663050652 -0.419143647 0.0236103553
v -0.656574011 -0.433726281 0.0556747429
v -0.642411053 -0.414765388 0.00777217932
v -0.643236279 -0.43653819 0.0352910571
v -0.612460256 -0.285595953 0.148359224
v -0.690068245 -0.410744011 0.097459875
v -0.681087911 -0.403912395 0.128706336
v -0.66914469 -0.39914614 0.140250102
v -0.658516228 -0.359845042 0.148500443
v -0.657724977 -0.384157836 0.147459567
v -0.634518206 -0.411527812 0.144379407
v -0.676153243 -0.414950818 0.116234653
v -0.651490867 -0.43571344 0.0991340652
v -0.651566029 -0.422734886 0.129673168
v -0.637640774 -0.437854797 0.11740388
v -0.61988163 -0.439700007 0.129787102
v -0.581276655 -0.237477839 0.00141053263
v -0.544706106 -0.215435162 0.00178542873
v -0.569999456 -0.246292546 0.00604151702
v -0.59094137 -0.265940338 0.00227112276
v -0.591144264 -0.311927319 0.00301775313
v -0.580897152 -0.287588984 0.0079713827
v -0.566261888 -0.257653356 0.0131254392
v -0.568190455 -0.279764891 0.0190312155
v -0.568711996 -0.306465626 0.0202845577
v -0.550436974 -0.249004185 0.0194204338
v -0.559266448 -0.26896143 0.0288602896
v -0.558615565 -0.281959176 0.042810645
v -0.55960083 -0.319218546 0.0402392223
v -0.583326221 -0.384471178 0.00286371494
v -0.570686162 -0.372616708 0.00984040648
v -0.569583237 -0.342454106 0.0151077835
v -0.559890151 -0.348711014 0.0289088357
v -0.558651745 -0.401601821 0.0210206695
v -0.62321502 -0.43917045 0.0201359298
v -0.622411668 -0.452222377 0.0662233904
v -0.606583059 -0.437563747 0.0105871782
v -0.613495231 -0.453240037 0.0420008227
v -0.591882885 -0.415274262 0.000851478311
v -0.601471782 -0.424152553 0.00307146017
v -0.60914135 -0.450257093 0.0289916918
v -0.592374861 -0.462142259 0.0769963637
v -0.586025596 -0.439805806 0.00939745456
v -0.586833537 -0.450644016 0.0206383839
v -0.587213933 -0.459825993 0.0427544601
v -0.571704149 -0.428393364 0.00904062856
v -0.572104275 -0.451283067 0.0261480398
v -0.571630299 -0.460737556 0.0608159639
v -0.56015718 -0.422871053 0.019874109
v -0.567088425 -0.440859079 0.0199650116
v -0.558753014 -0.438606709 0.0292529128
v -0.559101641 -0.450925201 0.0493592881
v -0.575107336 -0.223370984 0.147990525
v -0.537730753 -0.191731215 0.148448452
v -0.580021441 -0.244986579 0.145774618
v -0.551197886 -0.234345138 0.14125514
v -0.599532068 -0.328735918 0.147654727
v -0.592531264 -0.274864405 0.146115586
v -0.578679919 -0.343717158 0.141343638
v -0.569540799 -0.313675612 0.129638925
v -0.579307437 -0.280399382 0.139534011
v -0.567876697 -0.248368904 0.140850112
v -0.560184598 -0.281410843 0.111358128
v -0.559004545 -0.32763508 0.108726591
v -0.563423932 -0.262350589 0.130351096
v -0.568299294 -0.280731291 0.129062772
v -0.589399874 -0.369311154 0.146755606
v -0.569347143 -0.364972681 0.136030897
v -0.570147574 -0.411583006 0.140313357
v -0.562284827 -0.339279473 0.121527411
v -0.557742 -0.377766401 0.122704297
v -0.61644876 -0.454435378 0.0878012925
v -0.616231501 -0.45066756 0.111317307
v -0.612106025 -0.431974232 0.140046939
v -0.599748015 -0.41664657 0.147387177
v -0.592234015 -0.459888548 0.10274896
v -0.58992517 -0.455802441 0.117080964
v -0.58667928 -0.449209422 0.129592881
v -0.588254273 -0.437443167 0.140420884
v -0.578484297 -0.426899225 0.143244684
v -0.57453084 -0.460275799 0.0966062844
v -0.5718472 -0.451839626 0.120721906
v -0.568956435 -0.440415978 0.131122738
v -0.559105515 -0.450538814 0.100733541
v -0.559388518 -0.417730242 0.128272846
v -0.490216404 -0.0289051142 0.00245137326
v -0.549752951 -0.236045152 0.00876893476
v -0.508477211 -0.221334711 0.0139989136
v -0.514428854 -0.233615994 0.0269919354
v -0.504351616 -0.200464502 0.00209206506
v -0.509782255 -0.2146063 0.00789942965
v -0.508048892 -0.234479457 0.0349603668
v -0.510225058 -0.240082651 0.0542888381
v -0.486704588 -0.230019748 0.0299416967
v -0.487506002 -0.234915733 0.0500223339
v -0.487515897 -0.236332327 0.0700055063
v -0.452989638 -0.198550612 0.00208791043
v -0.44882223 -0.214303479 0.00911082607
v -0.550587773 -0.265209675 0.0491748787
v -0.556815982 -0.300008744 0.0762489662
v -0.55531162 -0.331246525 0.0662479922
v -0.549857736 -0.267487973 0.080022797
v -0.555187285 -0.280511618 0.0800116807
v -0.539540648 -0.253060997 0.0407079719
v -0.54169333 -0.258799255 0.0800255761
v -0.523209035 -0.246781826 0.0698342621
v -0.550946474 -0.39353025 0.0415289961
v -0.553363085 -0.358206332 0.0500726737
v -0.549726009 -0.375449538 0.072027266
v -0.54750663 -0.407497078 0.0743786991
v -0.551286399 -0.420366704 0.0402129665
v -0.549885631 -0.431682795 0.0577104278
v -0.550406158 -0.436566561 0.0791216567
v -0.458822846 -0.0663858727 0.147845849
v -0.474934638 -0.0393168703 0.144707784
v -0.42751953 -0.110039055 0.148403347
v -0.537469208 -0.212558553 0.146210864
v -0.528946519 -0.235873446 0.129166201
v -0.506933331 -0.215912923 0.138898343
v -0.51332593 -0.237370804 0.112356573
v -0.458437741 -0.18249768 0.148227319
v -0.504351616 -0.20820874 0.143430188
v -0.510132611 -0.240183577 0.09037707
v -0.496706456 -0.230093151 0.119585052
v -0.490520418 -0.223517388 0.129781619
v -0.487484932 -0.235200197 0.0975097567
v -0.455420434 -0.198291138 0.146233723
v -0.555362821 -0.334693253 0.0899953172
v -0.550413847 -0.261509478 0.10883335
v -0.552192748 -0.250127316 0.129293963
v -0.542735517 -0.251218438 0.117231585
v -0.532701075 -0.25087449 0.0976579338
v -0.549845874 -0.396873444 0.101170026
v -0.551149309 -0.419123858 0.108881168
v -0.557859242 -0.439070374 0.116996393
v -0.464672983 -0.0382317491 0.00679317815
v -0.44456923 -0.0358899869 0.0197119527
v -0.451692671 -0.0162114985 0.0640436187
v -0.4380005 -0.068517372 0.0020949766
v -0.438195169 -0.051419422 0.00908538885
v -0.445476294 -0.0241900347 0.0417233929
v -0.422376692 -0.0467421412 0.0200725831
v -0.429913729 -0.0323212557 0.0500345938
v -0.429074138 -0.0308421459 0.0800097212
v -0.40628618 -0.0616395772 0.0079586897
v -0.416467309 -0.0387951024 0.0414553098
v -0.409175158 -0.0374330655 0.0800150782
v -0.380935609 -0.0717927963 0.00270143128
v -0.399362952 -0.0491612442 0.021125678
v -0.398389935 -0.0407053083 0.0417357646
v -0.448589116 -0.221188158 0.0154788587
v -0.454956055 -0.229912311 0.0301833879
v -0.45143339 -0.235183522 0.050215587
v -0.449376404 -0.236743629 0.0679248571
v -0.42682004 -0.233466446 0.024787657
v -0.396052808 -0.238791168 0.0173669979
v -0.411385328 -0.244455501 0.0399592444
v -0.395813465 -0.218511045 0.00355896214
v -0.388731658 -0.232120231 0.00866906997
v -0.397505462 -0.253187448 0.0662573949
v -0.457874864 -0.015984077 0.110036984
v -0.452238113 -0.0453928597 0.140501633
v -0.452058047 -0.0165288709 0.0911655575
v -0.458895653 -0.0231172387 0.125464499
v -0.440002948 -0.03885068 0.128770068
v -0.419454992 -0.0603501573 0.140362024
v -0.430918515 -0.0340522937 0.109317698
v -0.414813906 -0.0495906435 0.129395753
v -0.419976652 -0.0795519948 0.147486642
v -0.409863174 -0.0413531139 0.110233657
v -0.389062554 -0.088750653 0.148184389
v -0.460021704 -0.234837964 0.0975286439
v -0.450437605 -0.229803964 0.1194335
v -0.446373343 -0.21708478 0.137832314
v -0.438263357 -0.238582045 0.0988151729
v -0.408708066 -0.236505419 0.128198236
v -0.403370678 -0.225387841 0.140631899
v -0.403203249 -0.246087849 0.112561867
v -0.402708054 -0.203347147 0.14810057
v -0.380355835 -0.219931781 0.1462235
v -0.397536367 -0.252280414 0.0906319246
v -0.395278931 -0.0369349234 0.0800235271
v -0.373264521 -0.0536087267 0.00932571478
v -0.377771348 -0.0441103913 0.0201439243
v -0.380497634 -0.0353983641 0.0389847234
v -0.381352752 -0.0318075642 0.0800123513
v -0.368550092 -0.025277596 0.0368210822
v -0.369129866 -0.0197118726 0.0800001994
v -0.358177751 -0.0431945361 0.00882605743
v -0.351244301 -0.0619222745 0.00131995033
v -0.355565906 -0.0266595855 0.0170882661
v -0.361453772 -0.0102535393 0.0422605202
v -0.338523746 -0.0357887708 0.00331562571
v -0.34188813 -0.241264015 0.00202660379
v -0.382863313 -0.257735431 0.0407174118
v -0.364139318 -0.25799793 0.0203068834
v -0.340909272 -0.28431347 0.0701552629
v -0.353515148 -0.274619162 0.0449006408
v -0.334650576 -0.269169837 0.0143752517
v -0.322820395 -0.282748163 0.0196612272
v -0.317652941 -0.274993628 0.00960312411
v -0.304489553 -0.26545161 0.0021378696
v -0.329526126 -0.28981474 0.0424769819
v -0.309829593 -0.300324142 0.0309693981
v -0.389675319 -0.0404687822 0.11121469
v -0.390361369 -0.049081251 0.128726259
v -0.385510683 -0.0603340827 0.140772074
v -0.366977662 -0.0697676316 0.146542042
v -0.371308297 -0.0295363199 0.111145496
v -0.37323913 -0.0447261743 0.132552966
v -0.36012122 -0.0106369667 0.110636689
v -0.362737924 -0.0294392277 0.125869676
v -0.359185725 -0.0431527123 0.13944982
v -0.339862406 -0.0698077306 0.148396224
v -0.33124429 -0.0337123834 0.146434858
v -0.275004894 -0.265994549 0.148390055
v -0.357664227 -0.247744083 0.140657455
v -0.319905877 -0.249788061 0.147170126
v -0.37670514 -0.255345225 0.121652596
v -0.338927567 -0.285064518 0.0897843018
v -0.345130533 -0.2776483 0.109904781
v -0.334103614 -0.274705321 0.1285391
v -0.319089502 -0.271362245 0.140581742
v -0.307803959 -0.304753751 0.110186443
v -0.268527806 -0.315392375 0.13722074
v -0.289220482 -0.321738601 0.0494780242
v -0.295065403 -0.319006473 0.0700008944
v -0.275385439 -0.301928461 0.0067468225
v -0.282703042 -0.319625646 0.0279816557
v -0.261122853 -0.332628161 0.0195693839
v -0.260164708 -0.349318087 0.0594880059
v -0.286557972 -0.325208873 0.088820532
v -0.25959003 -0.346091658 0.0399525054
v -0.218483105 -0.358631372 0.00863662921
v -0.258369505 -0.351515114 0.087340191
v -0.227570623 -0.371968031 0.0292923823
v -0.279241055 -0.318921953 0.125132218
v -0.26345408 -0.296364784 0.146317005
v -0.266255766 -0.310480028 0.141308844
v -0.277499914 -0.328676641 0.110168405
v -0.255428851 -0.345168769 0.119561173
v -0.234903976 -0.354102373 0.131519839
v -0.228667349 -0.378658324 0.0974496827
v -0.228268608 -0.371675819 0.11837177
v -0.215088174 -0.36035794 0.140767679
v -0.211728111 -0.347911388 0.00271094078
v -0.217146948 -0.37278071 0.0177513584
v -0.216167033 -0.392528534 0.0525963828
v -0.228638217 -0.380555838 0.0674884915
v -0.198827729 -0.401325494 0.0261096489
v -0.184910446 -0.429464132 0.0700052828
v -0.163132548 -0.431047857 0.0151227321
v -0.150062352 -0.412306488 0.00188476325
v -0.161693856 -0.418196738 0.00703321397
v -0.194544911 -0.413930506 0.0401044078
v -0.164212495 -0.453072011 0.0493786037
v -0.166705921 -0.440994889 0.0286722071
v -0.155258775 -0.467903465 0.0699980035
v -0.230446786 -0.748632789 0.068653591
v -0.230067074 -0.747419536 0.0806471035
v -0.221113086 -0.750928581 0.0339031667
v -0.21752058 -0.764748573 0.0291379299
v -0.225103185 -0.759484649 0.0412808582
v -0.221297175 -0.738259315 0.0530121587
v -0.225249782 -0.767958343 0.0624441318
v -0.21425876 -0.789932907 0.0737451762
v -0.228471488 -0.756604016 0.0932204649
v -0.21102652 -0.748695791 0.0275538061
v -0.209998459 -0.783574641 0.0294397641
v -0.204064324 -0.803789496 0.0447413959
v -0.214932114 -0.736326993 0.0800270736
v -0.207569763 -0.765051425 0.0183572732
v -0.200829878 -0.781799257 0.0156151652
v -0.189405948 -0.815844655 0.0250734873
v -0.196637988 -0.74741888 0.0276900306
v -0.200314656 -0.738616347 0.0558559857
v -0.201983422 -0.737605572 0.0780147463
v -0.189014032 -0.768252492 0.00929905195
v -0.190400168 -0.784138799 0.00842667557
v -0.190170616 -0.757724285 0.0166230109
v -0.167269275 -0.750528157 0.0495742671
v -0.167356431 -0.796819389 0.00227758242
v -0.169470921 -0.835469246 0.0134207141
v -0.167457998 -0.755011559 0.0319001116
v -0.165952399 -0.771532476 0.00953102484
v -0.141202927 -0.757453978 0.0661667883
v -0.149878591 -0.792522609 0.002293756
v -0.174505636 -0.860337317 0.0494579598
v -0.185776725 -0.841489434 0.0700001866
v -0.171669945 -0.858045518 0.0335793458
v -0.1541401 -0.85092783 0.00797234941
v -0.163421676 -0.887402594 0.0700036138
v -0.152817979 -0.886567652 0.0228688102
v -0.113881104 -0.429518908 0.148315206
v -0.194109797 -0.360761911 0.146595836
v -0.188858002 -0.419403344 0.11048539
v -0.205862865 -0.395459354 0.119640432
v -0.184663653 -0.410847753 0.129608035
v -0.162735805 -0.414361358 0.142425731
v -0.130788788 -0.433254302 0.147025138
v -0.185585886 -0.427759469 0.0906078368
v -0.159239054 -0.460481077 0.0983640775
v -0.155302688 -0.459785432 0.114450678
v -0.14733927 -0.440146834 0.140101552
v -0.14329575 -0.462828279 0.129723832
v -0.220343009 -0.738976657 0.0990423411
v -0.220947385 -0.769782007 0.108326048
v -0.221641302 -0.750486672 0.113128275
v -0.213751808 -0.770329416 0.123500787
v -0.207275227 -0.801069617 0.090858005
v -0.209384486 -0.791292965 0.109394953
v -0.213219896 -0.749511778 0.120590284
v -0.200615078 -0.740477204 0.103625253
v -0.200628728 -0.747245669 0.120780565
v -0.200575784 -0.756708205 0.130372763
v -0.205434695 -0.769790947 0.131881446
v -0.189995229 -0.813174427 0.125108853
v -0.18629609 -0.769188225 0.13959229
v -0.189884692 -0.776679695 0.140764028
v -0.183051065 -0.798187077 0.14039053
v -0.171239167 -0.833049953 0.134527981
v -0.17691803 -0.749393106 0.109833911
v -0.1807473 -0.758318782 0.130298555
v -0.142912671 -0.757428586 0.0897118226
v -0.156255871 -0.774869204 0.139386505
v -0.140340149 -0.76122576 0.109940775
v -0.142921224 -0.766640723 0.124416754
v -0.158673912 -0.794036746 0.146723315
v -0.188056827 -0.834340155 0.098354727
v -0.179057509 -0.84208554 0.115981467
v -0.16451332 -0.882466912 0.098024793
v -0.160851508 -0.866651654 0.127437562
v -0.152494192 -0.821243227 0.146911949
v -0.144530609 -0.876468062 0.13956961
v -0.148359865 -0.910605609 0.113438763
v -0.133783191 -0.491236061 0.039276462
v -0.136018679 -0.475519419 0.0214768238
v -0.119047053 -0.477573544 0.00837761071
v -0.112584725 -0.462351739 0.00184215582
v -0.0815925375 -0.50895685 0.00177709188
v -0.12918514 -0.503577352 0.0637589097
v -0.105714254 -0.509989619 0.0141377933
v -0.112555377 -0.52456373 0.0396479033
v -0.124291472 -0.511094153 0.085095793
v -0.106587291 -0.523086905 0.0246837065
v -0.0980014205 -0.552113175 0.0503445789
v -0.0877526179 -0.559441686 0.0292802174
v -0.0896079689 -0.569911361 0.0650425851
v -0.0804730877 -0.55644393 0.016600674
v -0.0679468215 -0.554931879 0.00627409853
v -0.0702949688 -0.595381737 0.0291741211
v -0.0675074235 -0.612857997 0.048557505
v -0.0811015069 -0.588252306 0.080028519
v -0.139087021 -0.768996358 0.0213548709
v -0.122830994 -0.783826709 0.00919221435
v -0.134837121 -0.762162387 0.0398101956
v -0.110036306 -0.777876854 0.017130807
v -0.113783412 -0.764764488 0.0475449227
v -0.094566457 -0.789508343 0.00635985378
v -0.104450241 -0.770186901 0.0298578553
v -0.102403983 -0.763928652 0.0700142533
v -0.0896294191 -0.765382469 0.0422907136
v -0.0751842558 -0.780250847 0.010222408
v -0.0789208487 -0.769668996 0.0246314239
v -0.0798420236 -0.759944558 0.080150269
v -0.150089264 -0.811379969 0.000476147368
v -0.149593845 -0.836066127 0.00278496952
v -0.139491275 -0.897751331 0.0128321908
v -0.124119587 -0.888282657 0.00242312439
v -0.150500789 -0.908883095 0.0391683802
v -0.141440928 -0.935648024 0.0497308224
v -0.133929104 -0.95858115 0.0699675605
v -0.128103524 -0.960285723 0.0339502655
v -0.124952763 -0.951696813 0.020880824
v -0.107356176 -0.956566453 0.00650577806
v -0.1027546 -0.997699678 0.0139300618
v -0.0986005068 -0.940385103 0.00148305215
v -0.125765458 -0.977596045 0.0489996374
v -0.106670335 -1.00703478 0.0222905576
v -0.105061978 -1.02981508 0.0332905054
v -0.109535344 -1.02978098 0.0526190959
v -0.107631274 -1.03943086 0.0803143755
v -0.0810473561 -1.05032289 0.00872084219
v -0.0685070455 -1.04448187 0.00228187884
v -0.0965387449 -1.07485688 0.0501249954
v -0.0838432759 -1.08397162 0.0201963354
v -0.0903421715 -1.07866859 0.029576797
v -0.0828682333 -1.13231826 0.0475038961
v -0.0914597139 -1.10119367 0.0700079873
v -0.0797047466 -1.13468969 0.035368029
v -0.0741528198 -1.19007111 0.062505424
v -0.12715435 -0.493649662 0.120680168
v -0.114859261 -0.484068304 0.140319124
v -0.0938438997 -0.483407795 0.147259533
v -0.12073271 -0.513194203 0.103326395
v -0.0917212591 -0.563714564 0.0961071029
v -0.0942946151 -0.549862325 0.115545422
v -0.098682642 -0.529503524 0.129628196
v -0.0997360274 -0.503381908 0.141509235
v -0.0715263709 -0.575889826 0.131164327
v -0.0702074319 -0.556821823 0.140450612
v -0.0681686774 -0.529041588 0.14672479
v -0.127404749 -0.781779408 0.138610467
v -0.132415071 -0.802071214 0.147496223
v -0.109974734 -0.764394104 0.0975317359
v -0.110155225 -0.770192027 0.119776033
v -0.1000029 -0.789740503 0.142268956
v -0.0896728486 -0.779750526 0.133859128
v -0.0905014351 -0.763998806 0.0975849777
v -0.0886823907 -0.769922078 0.119883612
v -0.0645441264 -0.781578779 0.141082391
v -0.133467704 -0.861220002 0.14665024
v -0.0993299261 -0.903409839 0.148354843
v -0.0857595503 -0.811611116 0.148234382
v -0.145460248 -0.928263962 0.0901208296
v -0.137349412 -0.921456277 0.126444742
v -0.128324822 -0.971706927 0.0975108445
v -0.125024945 -0.968497097 0.115457416
v -0.123139292 -0.907258332 0.143653139
v -0.113923557 -0.979266882 0.129160479
v -0.111512043 -0.952694893 0.140475214
v -0.0972269103 -0.942891359 0.146968648
v -0.115209483 -1.00885034 0.100492135
v -0.100425921 -1.06073999 0.0980167761
v -0.104527839 -1.03045237 0.115807101
v -0.0966698304 -1.03325784 0.129231393
v -0.0857781172 -1.03297257 0.14022699
v -0.0879717618 -1.11245704 0.0973506495
v -0.0835756734 -1.11213171 0.114862457
v -0.0823595449 -1.09067047 0.128142104
v -0.0705998018 -1.20658779 0.097791329
v -0.078295134 -1.15696204 0.10074994
v -0.0658281595 -0.621678233 0.0698680133
v -0.0564588718 -0.601265728 0.0138665242
v -0.054348845 -0.638582885 0.0323236994
v -0.0422508307 -0.620798767 0.00873659644
v -0.0483769067 -0.636620402 0.0195211954
v -0.0352887325 -0.60674566 0.00311362208
v -0.0176544469 -0.665224493 0.0032878255
v -0.0438855179 -0.679859519 0.0314503387
v -0.0486619063 -0.676622808 0.0500147417
v -0.0510017611 -0.721658587 0.0799931362
v -0.0544239879 -0.660137415 0.0800167099
v -0.0503441319 -0.678671539 0.0775333047
v -0.040133778 -0.720013618 0.0235214997
v -0.0468224473 -0.710110843 0.0430293195
v -0.0493011065 -0.70124954 0.0800124556
v -0.0286676846 -0.683278561 0.00990451965
v -0.037066225 -0.677014351 0.0183148626
v -0.0285098292 -0.718576074 0.00955117214
v -0.0181531888 -0.7343086 0.00316215097
v -0.0643344522 -0.791481555 0.00310624577
v -0.0607511699 -0.763918936 0.0185213815
v -0.0745687485 -0.760605872 0.0413220003
v -0.0604253933 -0.747802675 0.0417811647
v -0.0680666193 -0.752242506 0.0599077456
v -0.0597808585 -0.741533756 0.0797709227
v -0.0452655479 -0.76976788 0.00605153712
v -0.0491888858 -0.748181283 0.0193768442
v -0.0507390462 -0.72974062 0.0418093279
v -0.0353486203 -0.742519319 0.00928000268
v -0.0707591921 -1.11714089 0.0140410522
v -0.0484885573 -1.12843335 0.00230098981
v -0.0709482804 -1.14923024 0.0220752545
v -0.0690691769 -1.19173181 0.0343279578
v -0.0650010705 -1.24617898 0.048828382
v -0.0559868999 -1.16558075 0.00890904386
v -0.0611523949 -1.20787072 0.021940928
v -0.0547477454 -1.24843442 0.0202184971
v -0.030526422 -1.21506321 0.00158442277
v -0.0663518682 -1.249825 0.0700664595
v -0.0590714216 -1.27649105 0.0348202959
v -0.0489678159 -1.27445567 0.0156639367
v -0.0426140055 -1.26347923 0.00877676159
v -0.0349901766 -1.28124905 0.00535885803
v 0.075670816 -0.0425480641 0.148377553
v -0.0338584371 -0.574965656 0.148099676
v -0.0656480566 -0.620254278 0.0934807435
v -0.0688618049 -0.59928 0.117826782
v -0.0589767173 -0.609799325 0.126521692
v -0.0572587587 -0.636258721 0.110021114
v -0.0494189747 -0.648593187 0.121350065
v -0.0498932302 -0.614494383 0.135164306
v -0.0425121151 -0.589380443 0.14538455
v -0.0370488577 -0.633397222 0.140688807
v -0.00359010417 -0.648320198 0.14824231
v -0.0129650105 -0.669956326 0.146310568
v -0.0473969281 -0.676514208 0.107535332
v -0.0454539694 -0.709997594 0.11000777
v -0.0396599509 -0.673187733 0.127196014
v -0.0395977646 -0.718128145 0.125510454
v -0.0283781793 -0.669499338 0.140386745
v -0.0273749847 -0.710611701 0.139314815
v -0.0149413459 -0.727509618 0.14569138
v -0.00703218672 -0.763593256 0.148297295
v -0.0713920444 -0.757886231 0.10336078
v -0.0659086406 -0.767016172 0.12907812
v -0.054955136 -0.787580073 0.145366549
v -0.0605004393 -0.752071083 0.114723675
v -0.0491104275 -0.728681922 0.110276893
v -0.0481389202 -0.744671941 0.127410024
v -0.0418516919 -0.758265138 0.140351743
v -0.0376612544 -0.794368505 0.148186013
v -0.0299703088 -0.733913302 0.140553087
v -0.023780562 -0.762493491 0.147206411
v 0.196261451 -1.18947434 0.148400173
v -0.0588363186 -1.07432652 0.146525189
v -0.0545369759 -1.04019713 0.148217365
v -0.0720758364 -1.13104701 0.129858166
v -0.0696243867 -1.09416556 0.140337795
v -0.0178146847 -1.21181679 0.148293033
v -0.0646455064 -1.21550477 0.116118759
v -0.060780257 -1.1993432 0.128827602
v -0.0548031926 -1.16420186 0.140649766
v -0.0386099555 -1.17107916 0.146477059
v -0.041914396 -1.25109625 0.14109917
v -0.0650582388 -1.25744808 0.0899025351
v -0.0594493635 -1.28253758 0.111504801
v -0.052442655 -1.26381552 0.12957859
v -0.0247807167 -1.2718612 0.146711394
v -0.0599476658 -1.31117761 0.0496494249
v -0.0594457313 -1.33444977 0.0699827075
v -0.0485151112 -1.33784378 0.0220820531
v -0.0517946966 -1.35720992 0.0354862064
v -0.0558799654 -1.34884584 0.0499199741
v -0.0382317305 -1.33389521 0.00947333127
v -0.0277744513 -1.37617767 0.00838277955
v -0.0222549308 -1.32811618 0.00178106944
v -0.0127389915 -1.37244475 0.00192699197
v -0.0442555659 -1.38706696 0.0414241478
v -0.0497802943 -1.38079202 0.0800161138
v -0.0375226699 -1.3828814 0.0214551166
v -0.0395414829 -1.40111661 0.0569218099
v -0.0283110831 -1.40946805 0.0348272771
v -0.0268651284 -1.41796291 0.0653433353
v -0.0201589931 -1.40667999 0.0187189374
v -0.0144640878 -1.42449129 0.0414222591
v 0.00342805963 -1.41292346 0.00859557278
v -0.0101761594 -1.42991972 0.0853458494
v 0.00571046211 -1.39801228 0.00224924763
v 0.000368355628 -1.42688692 0.0265060216
v 0.00912582688 -1.43838525 0.0596194267
v -0.0604954585 -1.31600726 0.0898563638
v -0.0574311279 -1.32795501 0.105290115
v -0.0559342131 -1.35385871 0.0900539607
v -0.0511361361 -1.33332956 0.123143598
v -0.0502959974 -1.36596179 0.109420657
v -0.0406534374 -1.33695042 0.136515111
v -0.0296478774 -1.36603105 0.141000241
v -0.0201702751 -1.33752871 0.146764532
v 0.00311945728 -1.35562682 0.148468539
v -0.0405984372 -1.39886379 0.0908604935
v -0.041669365 -1.39020991 0.110105649
v -0.0380360708 -1.38299453 0.126143485
v -0.0267429408 -1.41711235 0.0914082378
v -0.0303701255 -1.40754652 0.112385117
v -0.0181884952 -1.41685784 0.119376384
v -0.0206673574 -1.38972592 0.139843524
v -0.00925431587 -1.40633583 0.138373211
v -0.00695413537 -1.38124788 0.147002846
v 0.00996006466 -1.43774927 0.0956652984
v 0.00559740001 -1.43353117 0.111482576
v 0.00656551868 -1.42595124 0.127556503
v 0.108258054 1.79296315 0.000292724086
v 0.125503168 1.82181931 0.00106326304
v 0.272241622 1.81170142 -0.000138342191
v 0.262345225 1.60401034 0.000173489359
v 0.49153319 1.36426342 -1.3237721e-07
v 0.285101056 1.79256487 9.28848604e-05
v 0.352154791 1.75969136 -8.23103983e-06
v 0.3142896 1.62315404 0.000106731801
v 0.423951834 1.80158782 0.000223796203
v 0.357904822 1.69138253 0.000223814888
v 0.408809394 1.6870662 0.000736753689
v 0.418355703 1.64366829 0.000344348868
v 0.467436552 1.77597022 0.000422718207
v 0.420345634 1.73801887 0.000114487906
v 0.561393738 1.56327546 1.24469477e-06
v 0.656886041 1.51693499 -8.70757412e-06
v 0.732044518 1.45130134 -0.00011438092
v 0.822695315 1.09258425 -1.16186712e-07
v 0.839626253 1.34784853 0.000184801014
v 0.907136619 1.28162932 0.000103824001
v 1.02594423 1.29557371 0.000234555657
v 1.13956296 0.799009681 -1.42773104e-07
v 1.04635704 1.35926056 0.000228708916
v 1.07094741 1.32952011 -3.35636178e-05
v 1.11126626 1.27079177 -3.9419333e-06
v 0.068040587 0.595157325 1.79152141e-06
v 0.157469109 0.790468395 0.000155334201
v 0.114021122 0.664881766 0.00048960303
v 0.103076793 0.598499835 0.00017182481
v 0.233684912 0.894362152 4.87994002e-05
v 0.21731247 0.859555721 0.000632153999
v 0.336684227 0.978588462 5.91992575e-05
v 0.268360049 0.926678658 6.10523421e-05
v 0.314679056 0.946711838 0.00112502044
v 0.378515095 1.00859213 -6.14473975e-05
v 0.431680977 1.03253675 7.12525798e-05
v 0.463095784 1.04807687 5.98483857e-05
v 0.546478987 1.07556522 0.000278162712
v 0.642535329 1.08866608 0.000155241476
v 0.719905794 1.06015599 0.000459628907
v 0.750882864 1.0055728 0.000473191263
v 0.743078113 0.958788514 0.000150021573
v 0.71969223 0.938064039 0.000546845724
v 0.818809152 0.930048585 0.000346939079
v 0.975937426 1.26906657 0.000444562873
v 0.906825721 0.89122963 0.000257224048
v 0.970543206 0.846427917 0.000218099609
v 1.0490973 0.730775118 0.000678274373
v 1.07608545 0.716476619 -3.79088669e-05
v 1.10690761 0.646447062 -2.42025944e-05
v 1.13154697 1.24318945 6.47813722e-05
v 1.17582846 1.16291881 -2.92334244e-05
v 1.16470051 0.583608687 1.44909864e-05
v 1.20710206 0.615512013 0.000565052265
v 1.28028977 0.95203203 0.000547360047
v 1.30603921 0.85268724 0.00026630715
v 1.24948013 0.630830705 0.000364200707
v 1.32531214 0.734400988 2.96941562e-06
v 1.30651689 0.611272395 0.000208222584
v 1.3387301 0.595684707 2.03837153e-05
v 0.123900756 -0.0741824508 0.000381887075
v 0.181248993 -0.110578619 0.000208016165
v 0.479937166 -0.422925979 -2.29214251e-07
v 0.224472895 -0.112077117 0.000697853975
v 0.339006722 -0.0856832489 -0.000263091672
v 0.268936485 -0.103890643 0.000443813275
v 0.371546626 -0.126812249 6.95534472e-05
v 0.411996305 -0.194305375 3.29988397e-05
v 0.397660106 -0.653367281 0.000370995753
v 0.381617546 -0.746617556 0.000424327794
v 0.417447001 -0.89888531 0.000154376175
v 0.488799453 -0.311670423 -2.48474203e-06
v 0.466315746 -0.586454451 9.23502666e-05
v 0.462087601 -1.03241718 -3.76427852e-06
v 0.49739936 -1.14176714 7.73636839e-06
v 0.531260312 -0.374212265 5.97114149e-06
v 0.568609715 -0.432485044 -2.28197473e-06
v 0.58315593 -0.570735276 0.000447295373
v 0.526899397 -1.28929186 -6.71610833e-05
v 0.60949254 -0.462150097 0.000647361099
v 0.649797201 -0.533263206 -8.3306054e-07
v 0.0331902951 -1.39409375 0.000108007684
v 0.0889549553 -1.41113734 0.000217225272
v 0.128978938 -1.43676317 0.000346794171
v 0.257109404 -1.51864254 -1.18563293e-07
v 0.136504665 -1.87936521 4.09644508e-06
v 0.19825545 -1.78725433 -3.38822247e-07
v 0.169073254 -1.90821946 -0.000137068302
v 0.169318199 -1.50831378 0.000223674782
v 0.188162953 -1.59971178 0.000266843854
v 0.178330213 -1.70549095 0.000361757178
v 0.222823516 -1.84048796 3.21038624e-06
v 0.293923736 -1.67371321 5.76222737e-06
v 0.3689197 -1.46929026 0.000271667697
v 0.421009302 -1.43336606 0.000131710432
v 0.338691115 -1.54218602 0.000274174759
v 0.476798236 -1.46732342 0.000275132188
v 0.522124231 -1.45694375 -2.07999838e-05
v 0.534341574 -1.44854069 0.000182288757
v 0.52158761 -1.54259849 0.000493446598
v 0.0643271357 1.85120952 0.0313399993
v 0.0492177419 1.8536309 0.0501333028
v 0.0637957528 1.85721481 0.0800118223
v 0.0877037197 1.83921313 0.00985877216
v 0.113755301 1.85127401 0.0206955988
v 0.114797562 1.86249804 0.0637181923
v 0.0475851186 1.81927955 0.00261364575
v 0.0686228946 1.77086234 0.00298007578
v 0.12749888 1.78501296 0.00151117041
v 0.0563962646 1.74561036 0.0201884024
v 0.0352142565 1.73016882 0.0498856157
v 0.0491115414 1.73217738 0.069991976
v 0.0405040756 1.73615539 0.031061979
v 0.0691837072 1.75695443 0.00999832712
v 0.0829170644 1.74118912 0.0417160615
v 0.0726248622 1.58695042 0.0492358953
v 0.0579415113 1.58296359 0.0699914396
v 0.0715932772 1.57663369 0.0217013992
v 0.080322735 1.58571637 0.0332068019
v 0.138223022 1.58914757 0.00880650524
v 0.115725204 1.58780003 0.0151176974
v 0.0662238002 1.85069859 0.118794665
v 0.0500167571 1.8421905 0.129981697
v 0.120796666 1.85051286 0.129809529
v 0.0321465172 1.82943535 0.140269086
v 0.105288051 1.82523811 0.146117255
v 0.114045538 1.83923483 0.140741959
v 0.12249881 1.81001318 0.148407429
v 0.116251253 1.78999078 0.147851378
v 0.0929488465 1.76411545 0.140815467
v 0.0294056423 1.7316829 0.112501934
v 0.0602505803 1.74684334 0.129170209
v 0.0743638203 1.74087203 0.110909455
v 0.0701422691 1.73665881 0.0900435448
v 0.057716202 1.5823257 0.0901483744
v 0.0863870457 1.57987726 0.130132541
v 0.106096365 1.5968405 0.111268617
v 0.0764785409 1.53376448 0.14835979
v 0.0860007107 1.5865289 0.118524335
v 0.138853341 1.58794391 0.140615538
v 0.0975989103 1.55791235 0.146407634
v 0.13827993 1.8614043 0.0394499898
v 0.165744364 1.84359503 0.00889970735
v 0.170015469 1.85285044 0.0175972059
v 0.175605997 1.86517465 0.0499282256
v 0.174654871 1.86701655 0.0737416372
v 0.200779259 1.86075008 0.0291428678
v 0.116730362 1.76535189 0.00902585313
v 0.1631172 1.83514261 0.00445708353
v 0.159408554 1.77203715 0.00708255498
v 0.114067085 1.74314892 0.0636362806
v 0.119746163 1.75022268 0.0293756444
v 0.124979265 1.75807381 0.0174555704
v 0.155682385 1.75049388 0.0390064009
v 0.152479574 1.746665 0.072504133
v 0.166078791 1.75885129 0.0204922166
v 0.177496329 1.74938178 0.050283052
v 0.13321723 1.61057258 0.0876689181
v 0.154214978 1.61292684 0.033640597
v 0.131874233 1.59935725 0.0223588403
v 0.153827995 1.61708534 0.0518765077
v 0.200646192 1.61787105 0.014749066
v 0.115855291 1.56622875 0.00228620111
v 0.178513691 1.58753395 0.00197560759
v 0.116563931 1.86223507 0.0900264233
v 0.121065013 1.85981297 0.109075159
v 0.192635357 1.85979927 0.121112466
v 0.189656228 1.86606848 0.0976248384
v 0.173190579 1.85092199 0.133787915
v 0.183142364 1.84255886 0.140875235
v 0.166589633 1.77160013 0.141028479
v 0.179999217 1.78508461 0.146157175
v 0.119034052 1.74934828 0.116524652
v 0.113809504 1.74353552 0.0901697278
v 0.111249067 1.75511909 0.129220501
v 0.154396504 1.74796021 0.0976987854
v 0.158681497 1.75934327 0.129328087
v 0.171052277 1.75287545 0.114645645
v 0.168976888 1.62022209 0.107895061
v 0.15861477 1.60660005 0.12971285
v 0.157981426 1.5772965 0.147046193
v 0.167187199 1.56125069 0.148397669
v 0.217488632 1.84782457 0.0109442277
v 0.245001361 1.864802 0.0398853868
v 0.253761619 1.8679949 0.0624529757
v 0.258120924 1.84645987 0.00924912095
v 0.255910009 1.85996866 0.026227707
v 0.231879488 1.78571868 0.00179594813
v 0.219989493 1.77138484 0.00726719806
v 0.208086327 1.75846338 0.0195078589
v 0.257500172 1.82502663 0.000974738854
v 0.277504146 1.83524847 0.00362796453
v 0.23902297 1.75815105 0.0178860575
v 0.205002174 1.74794281 0.0625063106
v 0.215780035 1.75055587 0.0396718644
v 0.250978708 1.75005066 0.0284606684
v 0.239971548 1.74463415 0.0800077617
v 0.248754993 1.74485266 0.0500029996
v 0.213477746 1.63790214 0.0503927283
v 0.211178765 1.63108599 0.0281764586
v 0.228290707 1.64461362 0.0700054914
v 0.238543078 1.60932255 0.00211352343
v 0.250514746 1.62901616 0.00867135637
v 0.24806872 1.64035475 0.0208994504
v 0.241279632 1.85265088 0.132973924
v 0.251884073 1.86765218 0.0900352895
v 0.250630766 1.86438143 0.110116646
v 0.249669597 1.860147 0.121993825
v 0.25125438 1.84475923 0.140394673
v 0.216248542 1.8350718 0.144759998
v 0.257343292 1.79999459 0.148505747
v 0.225314811 1.77248037 0.141738147
v 0.194002345 1.75919306 0.129884616
v 0.263906687 1.82004583 0.148114458
v 0.227184206 1.76032054 0.130978882
v 0.258750975 1.78500855 0.147303164
v 0.20272024 1.74866128 0.0947628841
v 0.218832031 1.75447547 0.119833045
v 0.242202595 1.7475394 0.106787808
v 0.249724463 1.75086653 0.120537944
v 0.228114888 1.64400995 0.0899453834
v 0.189892307 1.62376988 0.11936073
v 0.236043796 1.6215384 0.141258866
v 0.215128541 1.62693834 0.129146785
v 0.240165979 1.64528596 0.110091485
v 0.220329002 1.60085249 0.146727502
v 0.257666349 1.64180636 0.130864829
v 0.255179703 1.59929991 0.1483448
v 0.185276493 1.00811148 0.148400187
v 0.285002738 1.85104632 0.0143342679
v 0.320689976 1.85362017 0.0205952656
v 0.307401747 1.86087382 0.0334599838
v 0.304400742 1.86472619 0.049936112
v 0.349624515 1.84010255 0.00851585157
v 0.310059041 1.86605966 0.0800286829
v 0.279207915 1.77180433 0.0029142003
v 0.268724203 1.7603265 0.00968575012
v 0.307829171 1.76302612 0.00175508554
v 0.383825004 1.82077229 0.00194601039
v 0.270316958 1.74079502 0.0418878831
v 0.269810706 1.73826337 0.0700044632
v 0.295688689 1.74949753 0.0100114327
v 0.28722629 1.74184 0.0237702746
v 0.290181756 1.73194265 0.0414434448
v 0.287091166 1.73027003 0.0778723359
v 0.304448098 1.71960819 0.0397167355
v 0.300419599 1.71885264 0.0668096766
v 0.300440609 1.68221009 0.0696014017
v 0.318576574 1.73236144 0.00928652287
v 0.305775732 1.73041713 0.0207831338
v 0.31462872 1.71835625 0.0206486564
v 0.312372148 1.67823529 0.020663565
v 0.309672564 1.70305979 0.0424505919
v 0.308084249 1.6953162 0.0482531041
v 0.303321153 1.68190813 0.0426512174
v 0.306010306 1.70491695 0.0800299793
v 0.3058227 1.6950525 0.0800283924
v 0.318579018 1.69991696 0.0215167832
v 0.267192811 1.65564859 0.0369082205
v 0.264749855 1.65890396 0.0618621334
v 0.288722485 1.62880206 0.00191321271
v 0.280143529 1.65306973 0.0196579825
v 0.284348935 1.66647041 0.0454340316
v 0.294236571 1.65058041 0.00969680678
v 0.299798399 1.66929746 0.025874285
v 0.288812131 1.67185032 0.0615348108
v 0.318912536 1.66692519 0.00802391209
v 0.321107239 1.64997745 0.0022425896
v 0.301188052 1.85925138 0.120219335
v 0.313745409 1.86259329 0.107224621
v 0.309641689 1.84062171 0.141900524
v 0.340705514 1.85010648 0.130848885
v 0.278464764 1.76125693 0.140602514
v 0.34499979 1.77781188 0.148430854
v 0.294637203 1.77088332 0.146673217
v 0.375304461 1.81986642 0.14697051
v 0.333031833 1.75873494 0.148276538
v 0.269359499 1.75208223 0.130233184
v 0.269735932 1.73913705 0.0952487364
v 0.284754753 1.73562574 0.109204128
v 0.289663613 1.74348652 0.129361227
v 0.300009012 1.72131932 0.0980032086
v 0.301033765 1.68122816 0.0966868028
v 0.301955789 1.72787213 0.118735164
v 0.306748986 1.7377739 0.135043249
v 0.30895853 1.70946598 0.108246453
v 0.310870171 1.69505501 0.111148171
v 0.30865103 1.68539858 0.115690663
v 0.315249115 1.71987319 0.129110903
v 0.31556946 1.74926043 0.144287944
v 0.319525123 1.69672322 0.128057241
v 0.291341007 1.62979734 0.14629212
v 0.278654039 1.66481102 0.0942417756
v 0.284341663 1.6549958 0.129053459
v 0.285807639 1.66452253 0.11294882
v 0.303638011 1.65210676 0.140920803
v 0.30094263 1.67036748 0.122825094
v 0.338597894 1.64952767 0.148035482
v 0.311319858 1.6720233 0.131880865
v 0.749781668 1.32634771 0.148400426
v 0.364682972 1.85923588 0.0496578701
v 0.371734411 1.85345626 0.0306065716
v 0.360375434 1.86129463 0.0775046349
v 0.407976359 1.84214377 0.0194076542
v 0.423594773 1.84602177 0.0328355357
v 0.420715421 1.85046232 0.0492884889
v 0.434486806 1.84937525 0.0695542991
v 0.425833076 1.82937694 0.0094286995
v 0.332277596 1.74209237 0.00165015238
v 0.33080855 1.71001208 0.00763737597
v 0.328400761 1.68957794 0.00933830719
v 0.339987189 1.67358756 0.00204129075
v 0.346728235 1.71119893 0.00184968137
v 0.369542688 1.85837519 0.100517794
v 0.365080804 1.85450923 0.11732053
v 0.415072292 1.84276068 0.125549689
v 0.431812346 1.84935689 0.090123862
v 0.426430911 1.84722257 0.110471137
v 0.368363917 1.83659971 0.140653536
v 0.398203939 1.79875386 0.148428395
v 0.427135378 1.82727516 0.140405372
v 0.327064067 1.72187114 0.140532717
v 0.331486434 1.69826913 0.140646905
v 0.326796621 1.67825353 0.140689611
v 0.341245085 1.72913778 0.146872729
v 0.337662369 1.6624161 0.147139266
v 0.345087349 1.68998933 0.14616397
v 0.359435946 1.70786142 0.148316458
v 0.41398713 1.73324072 0.148331478
v 0.407508671 1.68796909 0.147884056
v 0.424296945 1.63519013 0.148368135
v 0.484502077 1.83420718 0.0400277525
v 0.480801791 1.83821881 0.0625587404
v 0.464883715 1.80869985 0.00339255133
v 0.481997579 1.82731867 0.0220894106
v 0.44687888 1.74871981 0.00162326766
v 0.488594443 1.79156876 0.00184620963
v 0.483575702 1.81601918 0.00961179193
v 0.508972645 1.78984284 0.00746547151
v 0.428640217 1.71568656 0.00330298208
v 0.429689914 1.6894325 0.00750189414
v 0.438895702 1.70567071 0.01058897
v 0.454268783 1.73711979 0.00654792786
v 0.446498573 1.69098175 0.0262605492
v 0.458560616 1.70871842 0.033227399
v 0.452367634 1.68505239 0.0414085872
v 0.457807422 1.72482789 0.0158661008
v 0.468743563 1.7259376 0.027088061
v 0.457700998 1.69816756 0.0599459447
v 0.455935627 1.68493259 0.0800314546
v 0.489050567 1.7381295 0.0495548062
v 0.475357324 1.72213531 0.0662648752
v 0.490144521 1.75188732 0.0211733487
v 0.433500022 1.66374493 0.00738228485
v 0.43392548 1.64871335 0.00334435212
v 0.472561002 1.62163258 0.00177895906
v 0.445296377 1.67119086 0.0199967436
v 0.456099212 1.64085937 0.00548141124
v 0.458428711 1.65814006 0.0203778856
v 0.481041402 1.63618994 0.00907703675
v 0.457361907 1.6705476 0.0399219058
v 0.460296005 1.67214179 0.0700298995
v 0.472681731 1.66028523 0.0399986915
v 0.478360593 1.6616776 0.0787090734
v 0.477173954 1.8384732 0.0952779949
v 0.44501549 1.81006384 0.146028906
v 0.477643639 1.82721257 0.128607064
v 0.473992765 1.7796427 0.147774041
v 0.475361943 1.81739688 0.139683247
v 0.470066816 1.79484379 0.147823766
v 0.457900733 1.75835192 0.146527514
v 0.496665627 1.83001387 0.110425942
v 0.429927826 1.72939801 0.146793902
v 0.430153638 1.6756984 0.140278459
v 0.432907641 1.70244288 0.140818611
v 0.450599611 1.68854702 0.111291759
v 0.445626348 1.6989547 0.12746188
v 0.441746324 1.68493021 0.129123256
v 0.460113168 1.72452247 0.130693614
v 0.443282336 1.72084141 0.141127869
v 0.456539124 1.69688225 0.0939160362
v 0.461757213 1.71132207 0.110689059
v 0.508730471 1.78962111 0.140737757
v 0.472837925 1.72008181 0.0899472758
v 0.487452239 1.73786807 0.105225086
v 0.484499663 1.74239814 0.121662043
v 0.49844417 1.7624923 0.129787534
v 0.41996631 1.66623747 0.145675749
v 0.445385754 1.6536386 0.139989048
v 0.457224369 1.63058448 0.145886451
v 0.445146292 1.66998613 0.129197419
v 0.490078926 1.59218919 0.148413211
v 0.455885023 1.67547131 0.106430188
v 0.461464286 1.66955876 0.0978964046
v 0.457616985 1.6635133 0.121742427
v 0.477158248 1.63492954 0.141092166
v 0.472345978 1.66005659 0.109803915
v 0.480935425 1.6470716 0.128578305
v 0.499303013 1.60795069 0.147208467
v 0.530847549 1.62071764 0.134053543
v 0.5065763 1.77823496 0.0124158189
v 0.509568036 1.80434513 0.00919129793
v 0.519754767 1.81275046 0.0199810378
v 0.509951949 1.75949323 0.0423205793
v 0.534164667 1.82159746 0.0718188733
v 0.527708471 1.78335023 0.0304695554
v 0.530336499 1.82015193 0.0427401252
v 0.513546705 1.75944316 0.0800241455
v 0.530536056 1.80842376 0.024720693
v 0.527448297 1.79457331 0.0209084842
v 0.531382263 1.77806258 0.0775979534
v 0.541392684 1.8033067 0.0406173952
v 0.54060638 1.79135036 0.0554356873
v 0.54151082 1.79155314 0.0877235532
v 0.542279959 1.81311524 0.06043249
v 0.545041203 1.80509555 0.0800283477
v 0.514848411 1.6332078 0.0207579508
v 0.507272243 1.64297736 0.0332531892
v 0.531036258 1.63643849 0.0468944982
v 0.542351007 1.63340425 0.0699925274
v 0.517809987 1.61725783 0.00707451021
v 0.558815658 1.60892153 0.0150665883
v 0.549205899 1.60110807 0.00602883892
v 0.576620221 1.61233473 0.0339088105
v 0.593951881 1.60962784 0.0623963811
v 0.586389244 1.60311365 0.0242454372
v 0.587662637 1.57038319 0.00165332225
v 0.498060971 1.80903339 0.140579119
v 0.509155333 1.79954016 0.140851185
v 0.530374229 1.82198119 0.0943193436
v 0.513715684 1.76505876 0.11055854
v 0.520772576 1.82014394 0.116845973
v 0.525088012 1.79149222 0.129221007
v 0.521638393 1.80969799 0.130338505
v 0.530817688 1.7837342 0.11209432
v 0.532206595 1.80839741 0.121606022
v 0.540923595 1.81342018 0.0965568498
v 0.540318191 1.80045617 0.109281316
v 0.518100798 1.64341021 0.0903394669
v 0.54713273 1.62834895 0.105603993
v 0.516333878 1.63804722 0.117563307
v 0.534531832 1.62504148 0.126682058
v 0.55322963 1.60207427 0.141102254
v 0.585596085 1.613132 0.0905168504
v 0.569550991 1.61488366 0.11607796
v 0.553617358 1.58201528 0.147812039
v 0.589525938 1.55772305 0.14825815
v 0.628308892 1.59117818 0.0491029173
v 0.618360579 1.57271504 0.00852769986
v 0.640121043 1.54407179 0.00185996795
v 0.631504774 1.57850945 0.0207013413
v 0.66409725 1.55452847 0.0141800214
v 0.645961225 1.5799222 0.0402805321
v 0.660064459 1.57584798 0.0662092641
v 0.609506547 1.59072471 0.126222298
v 0.615598142 1.5953176 0.109902114
v 0.606083333 1.58422267 0.135535181
v 0.613055944 1.55987203 0.146103218
v 0.65438807 1.55235553 0.140597448
v 0.643806159 1.58403075 0.0903002545
v 0.65244031 1.57532215 0.111658193
v 0.658200741 1.56315839 0.128741443
v 0.663008451 1.50617278 0.148396984
v 0.67213428 1.55812657 0.0243433435
v 0.697328568 1.52645469 0.00863111205
v 0.678722501 1.56070709 0.0391176231
v 0.701945007 1.50455415 0.00203268207
v 0.709552705 1.54020834 0.0389112532
v 0.687193215 1.55925643 0.0861813128
v 0.713798702 1.52598941 0.0190446451
v 0.710109353 1.54325891 0.057616692
v 0.733880937 1.52618325 0.069984436
v 0.741029799 1.51642966 0.0402827859
v 0.676361203 1.51977301 0.146996334
v 0.709573805 1.51512301 0.141012743
v 0.691443801 1.55132854 0.113256544
v 0.711316288 1.52825522 0.12909779
v 0.722791314 1.52954566 0.11198701
v 0.733681619 1.52563119 0.0902470276
v 0.746596277 1.44080532 0.148385689
v 0.758832991 1.40187013 0.148401067
v 0.754859746 1.48582554 0.0139236087
v 0.748731911 1.47815514 0.00616490003
v 0.786238492 1.4249754 0.00179724663
v 0.753344595 1.4974637 0.0245482251
v 0.77658987 1.48345637 0.0387093611
v 0.801967919 1.42752218 0.00716956239
v 0.782652199 1.48235881 0.0662173033
v 0.802618802 1.44887257 0.0241928902
v 0.814341903 1.42684901 0.0148576582
v 0.826549232 1.43487203 0.0490372926
v 0.759069026 1.50034583 0.108327053
v 0.732990503 1.47538197 0.146803424
v 0.74541527 1.50650811 0.120945632
v 0.753099859 1.48779809 0.13404879
v 0.784926116 1.4440403 0.142031297
v 0.776943624 1.47352123 0.126048356
v 0.78318429 1.4811722 0.0900541693
v 0.796183288 1.41369104 0.146612242
v 0.796823859 1.46215403 0.112305202
v 0.818680167 1.42209768 0.133624509
v 0.820261896 1.37073982 0.148204207
v 0.817735434 1.4393096 0.0350901596
v 0.842636645 1.41952479 0.0698216185
v 0.845699549 1.40599525 0.0286076348
v 0.874325037 1.35239637 0.00895918533
v 0.860269904 1.34535241 0.00213455223
v 0.866061807 1.37387645 0.0180964954
v 0.891050041 1.36447573 0.0500449501
v 0.880826533 1.36861324 0.0308797713
v 0.894700289 1.3627919 0.0700066239
v 0.831941724 1.42941904 0.0981955677
v 0.835979879 1.41543937 0.12145678
v 0.867352903 1.33362937 0.146885067
v 0.86841017 1.35681558 0.140382931
v 0.874252796 1.3781451 0.11278411
v 0.87956053 1.3607713 0.129130498
v 0.895121932 1.36165118 0.0899778008
v 0.896327436 1.28718603 0.148271173
v 0.896231294 1.3099463 0.00190709205
v 0.916228414 1.31274319 0.00893671531
v 0.913164556 1.32937407 0.020319961
v 0.92848295 1.28402936 0.00144027686
v 0.917069674 1.33488941 0.034635514
v 0.918084621 1.34018409 0.0561898127
v 0.93990314 1.2924217 0.00532689318
v 0.940474212 1.31152427 0.0206083823
v 0.933829367 1.3284421 0.0576872416
v 0.947807372 1.31356549 0.0300565343
v 0.960826457 1.29969466 0.0133891432
v 0.951103985 1.31817663 0.0505052321
v 0.951130152 1.31982505 0.0809346735
v 0.90895021 1.34108102 0.11571902
v 0.904036164 1.31090534 0.144414648
v 0.916937947 1.32302344 0.132134184
v 0.924051762 1.33392704 0.0977834985
v 0.933653653 1.30083013 0.140670404
v 0.931036234 1.28367007 0.146870047
v 0.939795613 1.31119013 0.128722623
v 0.948889494 1.31602669 0.110724196
v 0.961878538 1.3099128 0.120692536
v 0.960982203 1.29989326 0.134807363
v 0.964979947 1.28837764 0.143001854
v 1.01010942 1.45325112 0.0284983665
v 1.00534499 1.43188345 0.0399256013
v 1.00762367 1.47474897 0.0614502765
v 1.00561166 1.46271718 0.048021365
v 1.00319529 1.46104884 0.065842174
v 1.00221384 1.43875456 0.0800040513
v 1.02003896 1.45063877 0.0200996064
v 1.02243364 1.45990825 0.0268650968
v 1.02056861 1.42105412 0.0116420509
v 1.02247131 1.46929681 0.0374534652
v 1.01263011 1.47062814 0.0398322083
v 1.01493549 1.47906816 0.0655807331
v 1.02851319 1.46777332 0.0439312086
v 1.02636433 1.47397649 0.0778471455
v 1.03861105 1.43630552 0.0160396304
v 1.0399313 1.4472326 0.0280329939
v 0.996430993 1.35107696 0.0498762168
v 1.00134039 1.39335644 0.0621811785
v 0.99673152 1.36043203 0.0803246051
v 1.00780296 1.3573668 0.021069888
v 1.01074123 1.38516092 0.0218466204
v 1.00399423 1.3899982 0.0400051996
v 1.00195193 1.35231197 0.0302044805
v 1.02185678 1.37224197 0.00823990069
v 1.03107476 1.42975378 0.00949353259
v 1.03603506 1.40041697 0.003915295
v 1.03429079 1.34507263 0.00156459934
v 0.970073521 1.28800976 0.00519906683
v 0.968731999 1.31072676 0.0283894949
v 0.964451849 1.31815612 0.0598503053
v 0.980128407 1.30286717 0.013649663
v 0.978171408 1.31803048 0.0387650095
v 0.973682404 1.32000494 0.0614601821
v 0.991359711 1.30366516 0.00913824048
v 0.997229636 1.28821838 0.00198347168
v 0.989124179 1.31800926 0.0228669103
v 0.990207195 1.3321377 0.0416226536
v 0.982783735 1.32725561 0.0597236715
v 0.990455806 1.33884311 0.0806166604
v 1.00014675 1.33050227 0.0193311274
v 1.01467371 1.33974409 0.00917592552
v 1.0046736 1.31004393 0.00623946311
v 1.02144015 1.3151176 0.00210694247
v 1.00714743 1.47330654 0.0917670354
v 1.00366414 1.43943477 0.101392269
v 1.0101248 1.467888 0.109367475
v 1.00955153 1.45224762 0.118374497
v 1.00961494 1.4249984 0.121934988
v 1.01499546 1.47772169 0.090056859
v 1.01807642 1.4707638 0.110472791
v 1.02001274 1.46165669 0.120689087
v 1.01778758 1.44057906 0.130184054
v 1.02546787 1.47059226 0.102768712
v 1.03095698 1.45756173 0.119323701
v 1.02454197 1.44361913 0.131973833
v 1.06424475 1.42941082 0.0903846323
v 1.06143486 1.4277395 0.110632829
v 1.03510976 1.44179213 0.130625352
v 1.0017252 1.3957901 0.0897935331
v 1.00056314 1.35292637 0.114838123
v 1.00442958 1.38999772 0.10999243
v 1.00984108 1.36998725 0.127054334
v 1.02035379 1.40066695 0.13698554
v 1.01902354 1.34735715 0.140839458
v 1.02761197 1.41780317 0.140650123
v 1.03705239 1.42289698 0.140119255
v 1.0364213 1.3954134 0.145120785
v 0.964958847 1.31701887 0.0975846276
v 0.977456927 1.32092142 0.0946439728
v 0.979697287 1.31765234 0.112675153
v 0.977587044 1.30772614 0.128831103
v 0.981265008 1.29524577 0.140935272
v 0.990218043 1.31504691 0.130061194
v 0.99501431 1.28997493 0.145569339
v 0.993006825 1.33529377 0.109552175
v 1.00073624 1.33099174 0.129033774
v 1.00353324 1.3111881 0.141437635
v 1.0211215 1.29043019 0.148252323
v 1.02879512 1.32381201 0.14691487
v 1.07129729 1.42144227 0.0650119483
v 1.06930339 1.41779697 0.0373457968
v 1.04916406 1.38849092 0.00205772626
v 1.0587889 1.40430319 0.00964329764
v 1.07208514 1.40407312 0.0224407036
v 1.08014917 1.34959006 0.00192022906
v 1.10421991 1.34478068 0.00971731078
v 1.09658718 1.38882375 0.0860078707
v 1.10685658 1.3689872 0.0361909382
v 1.11036789 1.37086308 0.0618253089
v 1.10576999 1.35985053 0.0220064726
v 1.1298871 1.33784366 0.0388963707
v 1.11076009 1.30552137 0.00180724275
v 1.13660216 1.3130337 0.0192374941
v 1.06562626 1.41099977 0.12746574
v 1.05405128 1.40724301 0.140179396
v 1.04894602 1.38334501 0.147014394
v 1.0449934 1.35000217 0.14811866
v 1.07931209 1.37281632 0.141118452
v 1.0863533 1.33979261 0.1465756
v 1.09254003 1.3878969 0.111273803
v 1.09958506 1.36633003 0.128152862
v 1.11380279 1.35911739 0.112773515
v 1.13291442 1.33453965 0.107963547
v 1.0703969 1.33359957 0.148450509
v 1.05666399 0.938492954 0.148400247
v 1.10481548 1.28494906 0.148386553
v 1.12687206 1.30794394 0.140682772
v 1.14022231 1.30957937 0.127494842
v 1.12676334 1.28091013 0.146671295
v 1.13924229 1.26455629 0.00206018123
v 1.13421798 1.3378495 0.0699936077
v 1.14464021 1.28298366 0.00874536857
v 1.15864122 1.29973459 0.0498423502
v 1.16188741 1.2852335 0.0297728684
v 1.16422927 1.29347205 0.0699934959
v 1.15845919 1.30158353 0.090034999
v 1.15644681 1.29898918 0.11016763
v 1.15914893 1.27049971 0.13438502
v 1.20157397 1.23193693 0.091385901
v 1.17074883 1.27030301 0.118995883
v 0.0408386514 0.590906262 0.00164472649
v 0.0222377256 0.579474807 0.00785070378
v 0.012804226 0.56060195 0.0420269445
v 0.0338157527 0.558218777 0.0286163036
v 0.0501454808 0.576265156 0.00467730546
v 0.0495013073 0.560223281 0.0162105504
v 0.0777949914 0.551461637 0.0100003658
v 0.0867261514 0.5682742 0.00125377334
v 0.0199387856 0.555532873 0.0774975494
v 0.0532731116 0.543300867 0.0502169542
v 0.048491694 0.543975055 0.0787437409
v 0.0662216544 0.54304558 0.0272603203
v 0.0859890729 0.527235568 0.0392841063
v 0.0253961701 0.0791335776 0.0220242068
v 0.030997932 0.0825700462 0.0372013189
v 0.033339873 0.0860272795 0.0725047886
v 0.0576934963 0.032449577 0.0158927459
v 0.0530450679 0.059073206 0.0502951592
v 0.0578851402 0.0196854882 0.00801198464
v 0.052778393 0.0077397218 0.00262381416
v 0.067894727 0.0332960747 0.0289283954
v 0.0750936195 0.0353475325 0.0696059614
v 0.0834219158 0.0241947602 0.0498161912
v 0.1078237 -0.0179222431 0.0168714523
v 0.0239081401 0.581890821 0.14194192
v 0.0328103714 0.603744805 0.148132831
v 0.0232317671 0.567655087 0.129460439
v 0.0356142968 0.55376476 0.109944083
v 0.0550781153 0.55285728 0.126475185
v 0.0512246229 0.562520444 0.135528281
v 0.0765383616 0.572711229 0.1466818
v 0.0806198865 0.555849969 0.141662613
v 0.0834369436 0.587805629 0.148501262
v 0.065748781 0.538383126 0.108821601
v 0.107667401 0.529069245 0.132449955
v 0.088401325 0.522878587 0.0925300345
v 0.0855824202 0.532438755 0.121667013
v 0.0195305236 0.0634541065 0.141195118
v 0.0277488325 0.090982601 0.100595027
v 0.0231269933 0.0838847905 0.12458732
v 0.0513798594 0.0621794015 0.0897206068
v 0.0491710231 0.0534399413 0.121872447
v 0.0346527956 0.0257466901 0.146124914
v 0.0627434105 0.0441602618 0.110239588
v 0.0683824569 0.00809306186 0.140607357
v 0.071430169 0.018336501 0.131428644
v 0.0849557668 0.0231021103 0.0974820852
v 0.0883176029 0.0118995598 0.119005069
v 0.133391619 0.706570089 0.00174937095
v 0.161758006 0.769396603 0.00216434454
v 0.154454052 0.712240815 0.0102108549
v 0.124258861 0.649374366 0.00366675644
v 0.136471257 0.656745434 0.00873091351
v 0.141601548 0.655697882 0.0137294708
v 0.151838124 0.671255767 0.0208508819
v 0.1491777 0.636551738 0.030202521
v 0.164781272 0.70738107 0.0258040559
v 0.159058794 0.66805172 0.0392828844
v 0.154193863 0.640062571 0.0475669503
v 0.15701668 0.645974278 0.0660913289
v 0.109584719 0.561864436 0.00147954049
v 0.128658086 0.560045242 0.00930718705
v 0.131515682 0.602704883 0.00963898841
v 0.141168505 0.595468819 0.021172205
v 0.148416325 0.592250347 0.0394271575
v 0.15134199 0.588619471 0.0625396743
v 0.0978574976 0.544026613 0.00723317033
v 0.0983749479 0.529730737 0.0200097803
v 0.0923841074 0.520149231 0.0624752678
v 0.111351922 0.513906598 0.0465137176
v 0.11341162 0.519802749 0.0267507471
v 0.112013981 0.511744678 0.0663160011
v 0.118398182 0.538709044 0.00872635376
v 0.131591916 0.535279393 0.0182891842
v 0.127182484 0.529050589 0.0192930326
v 0.126249835 0.519291878 0.0302038267
v 0.12469735 0.511270463 0.0598676428
v 0.141492218 0.549158752 0.0274164136
v 0.139835194 0.527520776 0.0384868011
v 0.134725749 0.517099619 0.0503613465
v 0.140641272 0.520380437 0.0649200827
v 0.135435075 0.516408026 0.0874976069
v 0.146613121 0.542365372 0.0498810373
v 0.148409128 0.542262852 0.0800427347
v 0.0989450365 0.00148928119 0.029223036
v 0.125749201 -0.0150214545 0.0655402392
v 0.117621273 -0.00750237517 0.0803050697
v 0.111728989 0.676832855 0.148225531
v 0.152801096 0.760795355 0.147274598
v 0.137456849 0.70438987 0.145080864
v 0.181383505 0.767256975 0.135809138
v 0.172043875 0.774703681 0.143773332
v 0.118306831 0.63923043 0.146227896
v 0.141898662 0.687473774 0.141140997
v 0.14213495 0.64002794 0.131448969
v 0.131878644 0.633382678 0.140259147
v 0.150973752 0.641377807 0.114699379
v 0.149417937 0.669700682 0.130869552
v 0.155752003 0.643431783 0.0941004753
v 0.162212655 0.671294093 0.0979067981
v 0.164902896 0.697627306 0.114878371
v 0.157416806 0.696396112 0.129153714
v 0.100721776 0.566537619 0.147951424
v 0.119938232 0.550471187 0.142970502
v 0.127940863 0.569020689 0.14010796
v 0.140939742 0.603367746 0.128476098
v 0.150867611 0.586782515 0.0900984481
v 0.148107335 0.592887163 0.110340089
v 0.142089769 0.544968128 0.119079366
v 0.101954468 0.516539752 0.0981828421
v 0.111580655 0.537996292 0.14028734
v 0.111295842 0.518853426 0.117922828
v 0.115338072 0.512548566 0.0976703539
v 0.128569454 0.519155681 0.117158331
v 0.124917626 0.512617767 0.0976124629
v 0.125563607 0.52923125 0.130059734
v 0.141137719 0.524963558 0.101053171
v 0.131871536 0.535240114 0.12962538
v 0.118389092 -0.0103724403 0.100249015
v 0.197077766 0.825807214 0.00211409456
v 0.198171109 0.800722897 0.00900643878
v 0.221530154 0.830713809 0.0096877059
v 0.203041241 0.788971245 0.020689629
v 0.213057816 0.792711258 0.035349682
v 0.233879164 0.829989493 0.0216690078
v 0.222015798 0.800109029 0.0501496755
v 0.224129662 0.80074352 0.0700158849
v 0.256348521 0.846561849 0.0365719646
v 0.171872452 0.757617712 0.00888567325
v 0.182785183 0.757313371 0.0189340673
v 0.189492956 0.750862062 0.0388875976
v 0.179029733 0.72245276 0.0499817356
v 0.191003323 0.746361136 0.0662650317
v 0.167933449 0.697898149 0.0421399809
v 0.168191463 0.690758646 0.070013158
v 0.28943187 0.942066729 0.148386434
v 0.195798412 0.846315861 0.148280874
v 0.232480973 0.877868712 0.147624969
v 0.211357489 0.811174154 0.134286821
v 0.215752974 0.838422298 0.143805116
v 0.198798195 0.806873918 0.141105175
v 0.217553556 0.808157206 0.124663629
v 0.217575639 0.797512114 0.110754825
v 0.241202384 0.850741148 0.135824606
v 0.222298473 0.799220443 0.0910862014
v 0.240251005 0.827618003 0.112788223
v 0.261243224 0.860916078 0.126246318
v 0.177391216 0.744963408 0.128288701
v 0.181454778 0.725711226 0.0900087133
v 0.180957541 0.734117687 0.11314714
v 0.193495825 0.752150655 0.0899843127
v 0.194861889 0.760917008 0.109799668
v 0.17033124 0.700504243 0.0976689458
v 0.276053876 0.912619054 0.0017794309
v 0.258042842 0.880704105 0.0060351165
v 0.260173887 0.867931485 0.0142809628
v 0.294225127 0.905878127 0.0096480269
v 0.293239921 0.892322302 0.0204987731
v 0.306683064 0.896989465 0.0302327834
v 0.296848178 0.881553769 0.0524875075
v 0.315242797 0.895965457 0.0673590899
v 0.329560459 0.9242419 0.0178557411
v 0.3579202 0.957862258 0.00773785962
v 0.339937061 0.92351383 0.0293297768
v 0.338781685 0.916798949 0.0476423129
v 0.266268104 0.864795148 0.0230472367
v 0.264967442 0.85161972 0.0500367284
v 0.262440264 0.846925616 0.0700090006
v 0.305693775 0.0100834602 0.0779451653
v 0.306127459 -0.00197053212 0.0281172339
v 0.311595678 0.0115486681 0.042789124
v 0.312149942 -0.00186750339 0.0201231502
v 0.315449625 0.0165850539 0.0800962299
v 0.275374115 0.913752913 0.146744132
v 0.289030522 0.90023005 0.137660742
v 0.265002072 0.887124777 0.142412677
v 0.296929032 0.887805521 0.115699947
v 0.296717197 0.881669283 0.0975165144
v 0.304177582 0.903257787 0.129919395
v 0.348995984 0.950300515 0.140281379
v 0.344922364 0.918924987 0.0763183907
v 0.330820799 0.910244286 0.0999114513
v 0.328359783 0.91505456 0.119588904
v 0.263894677 0.849221408 0.0899589881
v 0.262674421 0.851749599 0.109100953
v 0.306779593 0.00788206141 0.102126166
v 0.306239396 -0.001218174 0.119655386
v 0.314906418 0.0106986994 0.111409798
v 0.320330828 0.000460034993 0.130530134
v 0.370280504 0.981000543 0.00187417003
v 0.366743743 0.954739094 0.0134850778
v 0.388590246 0.958758354 0.0248072706
v 0.421102494 1.00786483 0.00229479978
v 0.424346149 0.982346773 0.0195739195
v 0.380356312 0.94911027 0.0340907462
v 0.385832936 0.948237181 0.0493682399
v 0.391735822 0.949943781 0.0749978125
v 0.331518441 0.00108440814 0.0190896913
v 0.324917465 0.0112403696 0.03265699
v 0.324943066 0.0181591418 0.0598939732
v 0.335535824 0.0118289823 0.0405166633
v 0.338186353 0.0146411834 0.0859309062
v 0.346079022 0.00121164066 0.034928035
v 0.342063636 0.0112960339 0.0607436225
v 0.355174363 -0.00303632021 0.056261342
v 0.393477291 1.01882672 0.148401201
v 0.362594336 0.980784416 0.147471756
v 0.34502241 0.959966421 0.145251751
v 0.389065593 0.96268183 0.129146978
v 0.428280085 0.992542088 0.136717856
v 0.415490538 1.00973535 0.14712742
v 0.40517503 0.964229345 0.115135804
v 0.419464469 0.995035768 0.141614914
v 0.346404999 0.935295522 0.129615024
v 0.358705342 0.932926834 0.110080279
v 0.382932097 0.946732283 0.100261301
v 0.324955225 0.0175126884 0.0925946608
v 0.324898213 0.0111416299 0.11582084
v 0.334844768 0.0106276684 0.111604869
v 0.336995602 -0.00206983904 0.129812762
v 0.346146077 0.0010833164 0.11408253
v 0.355212092 -0.00316515774 0.0912390649
v 0.509392142 1.04994798 0.00165123923
v 0.420365751 0.970785797 0.0377011485
v 0.433968872 0.973746121 0.0800071433
v 0.447354972 1.00568569 0.00885759946
v 0.470201194 1.00848854 0.0157795679
v 0.453914791 0.985808372 0.0492028184
v 0.463022143 1.02928329 0.00197479827
v 0.477870852 1.00105309 0.0334249511
v 0.481164277 1.00782585 0.0228858795
v 0.477418721 0.994715631 0.0800124109
v 0.499806881 1.05641663 0.148178488
v 0.423863202 0.979200542 0.124506526
v 0.44241339 0.982263684 0.109707773
v 0.467684954 1.00299633 0.127826169
v 0.480753928 1.02202129 0.140639752
v 0.481720716 1.00096834 0.110660709
v 0.492507547 1.03998053 0.145809978
v 0.510868669 1.03714156 0.00628000684
v 0.564678013 1.06159675 0.003409561
v 0.567028999 1.05116677 0.00890254416
v 0.526035011 1.03315043 0.0133769084
v 0.505352557 1.00831664 0.0497057028
v 0.522898972 1.01345313 0.0753265396
v 0.533402622 1.02084374 0.0390891694
v 0.532931089 1.02789497 0.0221715532
v 0.55188024 1.0243212 0.0549043603
v 0.573379934 1.03497791 0.0332150869
v 0.574712992 1.04210722 0.0196703151
v 0.567516029 1.02759075 0.080195792
v 0.551249444 1.06000304 0.145681992
v 0.547106087 1.0483675 0.141358376
v 0.556954861 1.0415436 0.133562505
v 0.513424277 1.0114156 0.098941572
v 0.52128619 1.02509689 0.128013626
v 0.538427055 1.02473068 0.115695819
v 0.564279854 1.03066444 0.109615937
v 0.577742159 1.03941035 0.122526526
v 0.59996599 1.07600582 0.00150732207
v 0.621091843 1.04867363 0.0210552365
v 0.621624053 1.04020607 0.0408707261
v 0.642842352 1.06133831 0.00808620732
v 0.649085999 1.03963816 0.0416343585
v 0.59999299 1.03637946 0.0499634407
v 0.609953344 1.03635848 0.0700088292
v 0.637483716 1.03741729 0.081556119
v 0.638687313 0.931331992 0.054982096
v 0.639015019 0.924479008 0.0467667542
v 0.63932544 0.914538205 0.0518353879
v 0.636307955 0.924930036 0.0774991363
v 0.639247 0.910242498 0.08438126
v 0.648515463 1.08781958 0.148094133
v 0.599963427 1.07609546 0.146904543
v 0.603941083 1.06052756 0.141655803
v 0.620283961 1.04928064 0.128575832
v 0.62968111 1.04220629 0.112223573
v 0.652083635 1.0612936 0.140990078
v 0.590302289 1.03617609 0.106725402
v 0.604943097 1.03625047 0.0899635926
v 0.638687551 0.930302978 0.096705839
v 0.639429986 0.917159498 0.099927254
v 0.660128713 1.07118094 0.00267671421
v 0.654873371 1.04748416 0.021064546
v 0.669909596 1.04005289 0.0286850017
v 0.69342351 1.04659939 0.00948130619
v 0.708677709 1.05672622 0.00197161781
v 0.659909606 1.03502762 0.0800152496
v 0.670942485 1.03393936 0.0502671413
v 0.664152682 0.95315212 0.0383648388
v 0.660564005 0.954848349 0.0662184358
v 0.689481378 0.970010698 0.0402370095
v 0.677862465 1.02937424 0.0797254965
v 0.688077271 0.972763419 0.0787833333
v 0.699835777 1.02850664 0.0217106752
v 0.689865291 1.03084874 0.0296188481
v 0.690534532 0.961999357 0.0231482498
v 0.691080511 1.02309644 0.0487854667
v 0.690282524 1.02143836 0.0800964311
v 0.709943175 0.963839829 0.0100246603
v 0.706566691 0.979302227 0.025825087
v 0.70119977 1.01509595 0.0387888812
v 0.700219154 0.986497939 0.0614100769
v 0.700704753 1.0091269 0.0663170666
v 0.717388451 0.978768408 0.0126432171
v 0.711336672 1.01445234 0.0198303666
v 0.709956169 0.999649823 0.0293134395
v 0.70211345 0.982162297 0.0386169106
v 0.704105735 0.998772085 0.050077796
v 0.701861918 0.994957328 0.0800273195
v 0.717389822 1.0248605 0.00925707072
v 0.719931245 1.00026202 0.014366379
v 0.648434222 0.929694176 0.0277910363
v 0.649127424 0.914548099 0.0300772544
v 0.64508158 0.94136256 0.0590644963
v 0.648280382 0.906399965 0.044153288
v 0.662145972 0.939523995 0.0192024037
v 0.667243481 0.927351654 0.0107807778
v 0.662020326 0.911078751 0.0203700196
v 0.655613661 0.899328709 0.0594283715
v 0.673339009 0.9004125 0.0299735814
v 0.671056926 0.894200265 0.0787728876
v 0.691186845 0.947558582 0.00858308468
v 0.685602844 0.912853122 0.00947565306
v 0.681164682 0.893646479 0.0499241576
v 0.689976633 0.929245353 0.00384428049
v 0.711173415 0.89306289 0.0346750021
v 0.697522998 0.889657736 0.0668076277
v 0.714186668 0.898911417 0.0210294649
v 0.718520284 0.948809266 0.00203601806
v 0.721177042 0.925708532 0.00186544564
v 0.725972176 0.910670161 0.00790224876
v 0.725394487 0.888386369 0.0533475019
v 0.66026926 1.04913616 0.130790502
v 0.670507729 1.07228458 0.146341071
v 0.665408254 1.03962362 0.115998544
v 0.690247357 1.03761661 0.129414126
v 0.695417106 1.04664409 0.140066177
v 0.708728373 1.05969632 0.147172064
v 0.723651886 1.06754804 0.148361832
v 0.673285186 0.962197244 0.0924068689
v 0.686405241 1.03011 0.111642115
v 0.655685306 0.946390688 0.110885181
v 0.689617753 0.969216824 0.110532738
v 0.701700509 0.966630697 0.130109489
v 0.701326489 1.00964296 0.0938496292
v 0.701049984 0.984011233 0.104389362
v 0.701746881 1.01558661 0.112329997
v 0.706814826 0.995225787 0.111841053
v 0.711708069 1.00636041 0.125364557
v 0.706779063 1.02466953 0.130426332
v 0.71478492 0.988463998 0.12887916
v 0.722368538 0.973636985 0.140910953
v 0.720187604 1.02485466 0.140730739
v 0.650941908 0.946601212 0.0905605555
v 0.648138821 0.928278744 0.120884553
v 0.649081409 0.911080062 0.115902111
v 0.656867087 0.900150001 0.0978826806
v 0.669701099 0.946387112 0.128665358
v 0.660028756 0.93430686 0.130105183
v 0.658106506 0.919394374 0.13008216
v 0.666758597 0.908951044 0.128301099
v 0.683349311 0.898583233 0.120198011
v 0.677200019 0.922577262 0.141269639
v 0.682404995 0.893631637 0.100088514
v 0.68598485 0.940585673 0.141848668
v 0.69328475 0.912024915 0.139396787
v 0.714913011 0.888211489 0.085569039
v 0.708134353 0.931075335 0.147083133
v 0.72785157 0.890577614 0.108502068
v 0.725763857 0.899712205 0.129316747
v 0.723019719 0.953915894 0.146082982
v 0.726822436 0.911022663 0.140758529
v 0.731419504 1.02569902 0.00312749227
v 0.73310113 0.989924073 0.00501922006
v 0.75875026 0.887108147 0.064999111
v 0.782598794 0.921288431 0.002179167
v 0.774388373 0.898182869 0.0187909752
v 0.771637678 0.887951136 0.0443332382
v 0.804733634 0.903904378 0.00855301507
v 0.788859069 0.890500009 0.028355943
v 0.789947391 0.883053184 0.0699989349
v 0.820995212 0.881268442 0.0400169566
v 0.818954766 0.890073717 0.020121729
v 0.735338509 1.03500867 0.147402987
v 0.755626559 0.998593569 0.148176163
v 0.730595469 0.994949996 0.142612129
v 0.745036423 1.01000512 0.147113621
v 0.741238296 0.949536502 0.148435742
v 0.775574505 0.923736691 0.146502301
v 0.761707366 0.899229407 0.129486755
v 0.769814372 0.910228848 0.140916735
v 0.770047188 0.886671245 0.0899555311
v 0.775749147 0.889882624 0.113169663
v 0.829218447 0.930624247 0.148287192
v 0.808958709 0.882974863 0.104678817
v 0.800266623 0.894665897 0.129758984
v 0.820665717 0.88455832 0.11885491
v 0.822547734 0.900952458 0.140329346
v 0.820186436 0.878935814 0.0512905978
v 0.845828056 0.911010444 0.0015586745
v 0.839488029 0.893281817 0.00961514842
v 0.846491814 0.878894627 0.0221034437
v 0.887684703 0.888937414 0.00243237428
v 0.887605608 0.872931242 0.00906699803
v 0.880026042 0.870862722 0.0142128803
v 0.824075997 0.877119064 0.0887435004
v 0.833567441 0.872947931 0.0700042397
v 0.862218499 0.862678409 0.0501781143
v 0.877401292 0.861485362 0.0285045989
v 0.872330844 0.856281638 0.0662632361
v 0.84340018 0.910992086 0.146664158
v 0.84850806 0.885695398 0.135371432
v 0.84910661 0.877280176 0.124970064
v 0.878762484 0.878225088 0.139974251
v 0.901881218 0.890224993 0.147592619
v 0.850937545 0.870444179 0.112584874
v 0.872767031 0.856632292 0.0899641961
v 0.875495493 0.860182524 0.115833826
v 0.892119527 0.862185419 0.133103803
v 0.907112718 0.837178171 0.0402982906
v 0.918679893 0.837712944 0.0222191904
v 0.918855548 0.826055408 0.0500543676
v 0.916658401 0.826109409 0.0700158477
v 0.925281823 0.845232725 0.00994369574
v 0.938383698 0.856874883 0.00189938943
v 0.940344572 0.807832539 0.040529456
v 0.95987916 0.787495673 0.0407416001
v 0.959253132 0.784105539 0.0737548694
v 0.961371303 0.819497049 0.00638103718
v 0.949337125 0.812803149 0.0180198718
v 0.978733957 0.794434547 0.00919390656
v 0.972545147 0.786595404 0.0199058652
v 0.971717775 1.26937556 0.147970423
v 0.938861668 0.882433951 0.148389608
v 0.906219304 0.8774423 0.145880282
v 0.891700685 0.847846091 0.109387286
v 0.921641409 0.82288599 0.0898843035
v 0.918429613 0.839463532 0.128199905
v 0.930966377 0.845421016 0.14112328
v 0.919695675 0.828895748 0.112170286
v 0.94731462 0.80170244 0.110154584
v 0.963623703 0.796223402 0.127487525
v 0.967955768 0.801833749 0.135827228
v 0.964960635 0.835654795 0.14682135
v 0.97403115 0.80755651 0.142141938
v 0.961231291 0.782448471 0.0899908841
v 0.974863827 0.771091163 0.111183725
v 0.98836869 0.808509171 0.00176632719
v 0.992227793 0.757302523 0.0240102112
v 0.990004957 0.750832975 0.0373861752
v 0.999406755 0.734019399 0.0475882217
v 0.993901074 0.739100397 0.0648930967
v 1.00977969 0.743573308 0.0149184708
v 0.994118869 0.739158988 0.0889432281
v 1.02295542 0.765173197 0.00157332583
v 1.01762545 0.753829241 0.0053830822
v 1.02652287 0.695564449 0.0342186056
v 1.02962744 0.719453096 0.0102060102
v 1.0273509 0.702154636 0.0246715024
v 1.0408951 0.725511551 0.00345467706
v 1.02324665 0.690504491 0.0799293593
v 1.02493787 0.690610111 0.0502512045
v 1.04794836 0.646237612 0.0500684641
v 1.04776049 0.643653035 0.0700069368
v 1.02624989 0.802656174 0.148406491
v 0.998102188 0.749571741 0.124539435
v 1.00309348 0.731385946 0.110139407
v 1.0124234 0.740756989 0.133975968
v 1.0136795 0.75221622 0.140812159
v 1.0312438 0.763745785 0.147710428
v 1.02125204 0.759376049 0.145380154
v 1.02958035 0.700273037 0.125619128
v 1.04176426 0.692538977 0.134716988
v 1.0528065 0.758445382 0.148431242
v 1.06462955 0.665418029 0.140947506
v 1.02695715 0.692184091 0.111108601
v 1.04703081 0.647555292 0.0978476107
v 1.05666411 0.671266496 0.0103568751
v 1.05362546 0.655724108 0.0217999481
v 1.05862677 0.632103443 0.0341474786
v 1.06184864 0.673457086 0.00628316402
v 1.08127236 0.660477579 0.00181745971
v 1.08761024 0.609735429 0.00867829379
v 1.10500729 0.60680759 0.00193185429
v 1.08114958 0.585031211 0.0288602877
v 1.07381713 0.588992596 0.0490736477
v 1.07899618 0.572644174 0.0701678321
v 1.08774483 0.580115557 0.0210693534
v 1.09980261 0.524784029 0.0485533848
v 1.10932791 0.54048723 0.01437579
v 1.116786 0.548953891 0.00635932479
v 1.10493863 0.532400131 0.0244601723
v 1.11247861 0.503828168 0.0328816064
v 1.10741365 0.502118886 0.0699954554
v 1.12763333 0.512944937 0.00802091137
v 1.11976826 0.478045136 0.0494075529
v 1.11847115 0.476548046 0.0791824088
v 1.18597543 1.1393702 0.148414582
v 1.05498135 0.705614328 0.145567521
v 1.07633972 0.676517487 0.147099942
v 1.05833304 0.634390175 0.115943618
v 1.05482316 0.650469363 0.124198176
v 1.07213211 0.633794963 0.135790333
v 1.10952377 0.605422139 0.147142798
v 1.18231308 0.616841376 0.148410305
v 1.07865703 0.57519877 0.090484798
v 1.07952797 0.582881629 0.113263346
v 1.08611989 0.588280499 0.129596278
v 1.10469615 0.511741996 0.0981029868
v 1.11693764 0.539340317 0.140254498
v 1.09971893 0.598996282 0.143568635
v 1.10525155 0.523800969 0.11786446
v 1.11249375 0.521325648 0.128921032
v 1.12768698 0.468773007 0.111621633
v 1.15964746 1.22590208 0.00136836094
v 1.19692767 1.19652009 0.00875770487
v 1.18751132 1.22580922 0.0148610314
v 1.18441665 1.18681884 0.00187550113
v 1.19246972 1.2290796 0.023112217
v 1.19567919 1.24010134 0.0496135429
v 1.19694483 1.23087275 0.0340142027
v 1.20473468 1.22737253 0.0699899122
v 1.13558185 0.537956059 0.0013049671
v 1.17345572 0.569527149 0.00114230043
v 1.19191206 0.575077713 0.00501882331
v 1.18204105 0.554042816 0.00578581216
v 1.2079531 0.577897251 0.0129159652
v 1.13137841 0.481758535 0.0183492135
v 1.13071156 0.468334556 0.0316623822
v 1.1426177 0.48814714 0.00908410642
v 1.14565122 0.509847522 0.00318166567
v 1.1573627 0.526435375 0.00180022081
v 1.15766048 0.49444887 0.00858641695
v 1.17181528 0.497349352 0.0202425942
v 1.15795183 0.472590238 0.0241470654
v 1.16601932 0.471102387 0.0404820964
v 1.18073821 0.5264678 0.0146270366
v 1.18661761 0.51322937 0.0338092037
v 1.18188643 0.494223386 0.051545769
v 1.1713295 0.473076165 0.0873560011
v 1.18119192 0.490569651 0.0852924883
v 1.19400752 0.541585088 0.021742966
v 1.19468272 0.518750072 0.0625885278
v 1.20582187 0.555267215 0.0285567548
v 1.20878541 0.54762578 0.0553712919
v 1.13035834 0.4578996 0.0684939846
v 1.1356231 0.459389001 0.0421191864
v 1.14500284 0.470192105 0.0218512304
v 1.14723885 0.458305895 0.0386692472
v 1.14455044 0.452573687 0.075246796
v 1.15816462 0.458712786 0.0594509803
v 1.15898466 0.458645672 0.0838211104
v 1.15684187 1.22866976 0.147211507
v 1.18316984 1.23910391 0.129776046
v 1.19049823 1.20473742 0.14074184
v 1.20508993 1.22032511 0.108611815
v 1.17869043 1.19000947 0.147308245
v 1.19571745 1.22922492 0.119478017
v 1.20949304 1.1372658 0.146798924
v 1.1399945 0.571245432 0.148514748
v 1.16719759 0.573587716 0.148182392
v 1.17508912 0.562374711 0.146248966
v 1.1859324 0.551344931 0.139792919
v 1.20683241 0.606431663 0.146500781
v 1.2005713 0.580739141 0.141534165
v 1.13190663 0.481490672 0.130445361
v 1.13280272 0.538844883 0.146492243
v 1.13524914 0.496084332 0.139682502
v 1.14825952 0.488507628 0.140050054
v 1.14929414 0.519979537 0.146943316
v 1.15651691 0.47315523 0.126034528
v 1.16492045 0.470930189 0.110509597
v 1.16832149 0.492238909 0.129156128
v 1.16703498 0.513623238 0.140443236
v 1.18463051 0.5060848 0.11161036
v 1.18659759 0.529147983 0.128623128
v 1.19521737 0.532515705 0.116114415
v 1.20414639 0.539771736 0.0938081518
v 1.20473313 0.564898849 0.130096942
v 1.13086891 0.458488405 0.0901581347
v 1.14029038 0.459527791 0.112145774
v 1.14493465 0.470196754 0.126762837
v 1.15158522 0.458893508 0.10754028
v 1.23300493 1.16709435 0.0362348109
v 1.23380995 1.17118478 0.049671635
v 1.22649181 1.12960827 0.00600351486
v 1.21503961 1.12474215 0.00155257597
v 1.23224962 1.15686679 0.0238388162
v 1.23173749 1.14343214 0.0148256607
v 1.23701668 1.1686362 0.0780305117
v 1.26340604 1.11036849 0.0487550981
v 1.25569642 1.12976718 0.0696019307
v 1.26203549 1.08920538 0.0197090451
v 1.26757383 1.09193242 0.0326508731
v 1.2449342 1.06853104 0.00238494691
v 1.26421797 1.01763129 0.00189583353
v 1.27022851 1.0486064 0.0103154173
v 1.28279769 1.07031262 0.0661357492
v 1.28684437 0.99311322 0.00685507944
v 1.28726411 1.03210032 0.0223271027
v 1.28635848 1.05171454 0.0380165353
v 1.21496403 0.598715901 0.00554651255
v 1.23299015 0.60176605 0.00932371058
v 1.21847939 0.57346195 0.027976498
v 1.22277033 0.569545627 0.0496856272
v 1.22442317 0.56878221 0.0800101012
v 1.23999202 0.616539717 0.00314423186
v 1.23019278 0.588761091 0.0204082113
v 1.23419774 0.581313491 0.0382934287
v 1.24060082 0.58024615 0.063289687
v 1.24931204 0.590420365 0.0251349676
v 1.24950504 0.584581494 0.0400504023
v 1.26482093 0.600882411 0.00959340855
v 1.25882816 0.580154181 0.0648197383
v 1.28677404 0.608615339 0.00219274312
v 1.27471077 0.586954772 0.019456625
v 1.2679435 0.580405891 0.0385194309
v 1.29308045 0.574292839 0.0207388103
v 1.2863251 0.565775812 0.0611746646
v 1.27762163 0.571242511 0.0878241807
v 1.22705162 1.16461217 0.126525611
v 1.22880888 1.14910161 0.133813843
v 1.21552706 1.15732861 0.140994072
v 1.24284458 1.1510489 0.105076239
v 1.24170911 1.1467278 0.115702204
v 1.26517379 1.10935163 0.0901634023
v 1.25671923 1.09993649 0.128881752
v 1.23839879 1.04462421 0.148324385
v 1.24922895 1.08760703 0.141038954
v 1.25152385 1.04858232 0.146363452
v 1.2667495 1.09756649 0.111512244
v 1.27775121 1.0533371 0.127286524
v 1.27022302 1.04360974 0.139582783
v 1.28795016 1.05437541 0.0981742069
v 1.28408241 1.05186999 0.116276763
v 1.27841127 0.971199632 0.147087887
v 1.30554819 0.837998331 0.148377076
v 1.29374862 0.629370511 0.1484503
v 1.21679604 0.568068445 0.114085324
v 1.21842384 0.581460714 0.130041912
v 1.22693181 0.599971712 0.140043318
v 1.24017692 0.590255678 0.124690183
v 1.24510527 0.621332109 0.146577716
v 1.24019587 0.580644846 0.0902548879
v 1.23876333 0.583660543 0.110113755
v 1.24626946 0.603849053 0.139438599
v 1.25916791 0.580587924 0.0897827521
v 1.2577821 0.584266663 0.110875085
v 1.26084614 0.591740549 0.128033593
v 1.27624166 0.576678872 0.111850895
v 1.2715162 0.601270616 0.140911892
v 1.28958964 0.579531789 0.131138891
v 1.28777409 0.607960463 0.146120384
v 1.29915929 0.586741984 0.141097263
v 1.29762745 0.957380652 0.00610777037
v 1.30482721 0.979669273 0.0195704661
v 1.305125 1.00027895 0.0337675847
v 1.30445683 1.01284516 0.0500596985
v 1.30755937 1.00855541 0.0696439072
v 1.31219327 0.929318011 0.00944180414
v 1.32020891 0.968764246 0.0526065417
v 1.32905674 0.928594887 0.0332924277
v 1.30464864 0.902416706 0.00244923565
v 1.32565892 0.830966592 0.00312795234
v 1.32588243 0.916982889 0.0204492789
v 1.33276737 0.852913618 0.00903888233
v 1.33580804 0.916154623 0.0459536351
v 1.33323765 0.932788432 0.067638047
v 1.34570861 0.845173895 0.0209686719
v 1.3512665 0.770791888 0.00980249885
v 1.35115218 0.854907274 0.0391559303
v 1.35475039 0.854737639 0.067595318
v 1.36595893 0.773680747 0.0311817322
v 1.36275315 0.810355961 0.050041575
v 1.36596107 0.801651359 0.0699977353
v 1.3317554 0.770319462 0.00142721203
v 1.3500061 0.735655785 0.00577161741
v 1.34774435 0.669143319 0.00166811154
v 1.3613863 0.767327189 0.0204069223
v 1.35531509 0.632522881 0.00315560913
v 1.30548203 0.578619897 0.00906591862
v 1.2914114 0.566047907 0.0383217521
v 1.32860184 0.54217273 0.0258243624
v 1.3233068 0.581018269 0.00273455284
v 1.33152437 0.547498047 0.0165928807
v 1.34847963 0.567750812 0.00174490514
v 1.33693838 0.557088971 0.00659727817
v 1.35840881 0.572440028 0.00307105016
v 1.31532156 0.545601845 0.0421832874
v 1.32274818 0.535976708 0.0785903707
v 1.3490907 0.514163971 0.0600242093
v 1.34284341 0.523052335 0.040207237
v 1.35241866 0.540345967 0.00889330264
v 1.35934782 0.521604359 0.0205852985
v 1.36057997 0.510119617 0.0370770618
v 1.3641597 0.502520025 0.0877685472
v 1.29419124 1.01477838 0.12611568
v 1.29739714 0.986345589 0.134823665
v 1.30417335 0.946482122 0.140894309
v 1.30661368 1.00964856 0.0902939588
v 1.30250967 1.01168311 0.110355534
v 1.32771909 0.9415254 0.105992615
v 1.3158319 0.962764561 0.120029643
v 1.33279002 0.932495654 0.09035936
v 1.32211304 0.927625418 0.129055128
v 1.29969943 0.91179353 0.14652203
v 1.31967926 0.841163576 0.146321103
v 1.33736134 0.893207729 0.118930794
v 1.34344244 0.849511921 0.129190773
v 1.33288264 0.844968021 0.140681326
v 1.33972096 0.755565941 0.145579293
v 1.35324132 0.85846734 0.0897141546
v 1.35132098 0.85251236 0.110721841
v 1.35509336 0.78706497 0.131414175
v 1.36215889 0.812217116 0.0997079313
v 1.36051023 0.800471187 0.116480879
v 1.32781816 0.68550849 0.148466721
v 1.34003997 0.701255441 0.147378668
v 1.34796202 0.772198856 0.140771568
v 1.35754156 0.71114105 0.140753016
v 1.35043049 0.645977318 0.146564364
v 1.29259861 0.562239766 0.0975996479
v 1.31147027 0.549140215 0.106801331
v 1.32392609 0.588159323 0.147386119
v 1.32218897 0.546383321 0.121125899
v 1.32929087 0.557119787 0.138432086
v 1.35180557 0.590917468 0.14723824
v 1.35094404 0.565272272 0.146026373
v 1.34857047 0.531284273 0.130691528
v 1.35922718 0.51213038 0.11460223
v 1.35994875 0.538828611 0.140405253
v 1.36562669 0.684316993 0.0111157699
v 1.37286425 0.687534928 0.0202508569
v 1.37241304 0.764934659 0.0525334328
v 1.38106608 0.689396918 0.039477475
v 1.38331413 0.692440271 0.0571659207
v 1.37244272 0.770358503 0.0803540349
v 1.38457 0.688247502 0.0762572736
v 1.37050021 0.584774494 0.00863991491
v 1.38112128 0.602520108 0.0216342602
v 1.3858788 0.613799095 0.0348497592
v 1.39000511 0.62433058 0.0772336125
v 1.38850522 0.534694731 0.035241127
v 1.39092708 0.597607374 0.0527831987
v 1.39078367 0.550941527 0.0460383855
v 1.39289856 0.534998775 0.0662379041
v 1.39228404 0.577827573 0.085027881
v 1.36825585 0.538824797 0.00938677229
v 1.36967063 0.519455433 0.0197792947
v 1.37140107 0.509025991 0.0297607202
v 1.37116361 0.498841047 0.0642500445
v 1.3796792 0.533075511 0.0179519504
v 1.37952995 0.499469668 0.0507514328
v 1.38084424 0.510054767 0.0307525322
v 1.39049482 0.511891007 0.0475560054
v 1.38514161 0.504680395 0.0482862145
v 1.39023232 0.503813028 0.076508522
v 1.38223445 0.49898842 0.0904135555
v 1.39311397 0.519948959 0.0837730989
v 1.37164402 0.761184633 0.104608148
v 1.36985242 0.740806043 0.119850457
v 1.37089169 0.691891611 0.130332083
v 1.3833102 0.689144909 0.0952880234
v 1.3709029 0.624976933 0.136942208
v 1.36428738 0.603758872 0.142576233
v 1.38070309 0.690268099 0.109714925
v 1.38311112 0.622542799 0.120004602
v 1.38828611 0.621257663 0.102582142
v 1.36908054 0.557389319 0.14083913
v 1.38070381 0.577820063 0.128974617
v 1.38892877 0.545728445 0.111361958
v 1.3660351 0.519898415 0.128410667
v 1.37468934 0.499514163 0.0943680033
v 1.37564206 0.509672523 0.118406668
v 1.38061273 0.537554145 0.129092142
v 1.38070285 0.520606875 0.1248601
v 1.38520491 0.506833673 0.105525218
v 1.39037979 0.512653232 0.103221387
v 0.0983822644 -0.0381394848 0.00243536523
v 0.103319921 -0.0465148129 0.146659568
v 0.0207202137 -1.33123791 0.148401096
v 0.105685331 -0.0262426659 0.00902211852
v 0.128033698 -0.0186157506 0.0495222658
v 0.134163067 -0.0585432053 0.00498762634
v 0.128488064 -0.0290106665 0.0239904895
v 0.137483701 -0.02849821 0.0396084376
v 0.156888619 -0.0591583811 0.0146996845
v 0.17373164 -0.0755479261 0.00936528295
v 0.15883866 -0.0489116274 0.028913144
v 0.168613821 -0.0487120077 0.0504075028
v 0.170544356 -0.0484989025 0.0700095817
v 0.105624855 -0.0287247337 0.140893906
v 0.120536551 -0.0199776702 0.120877586
v 0.121171787 -0.0313425213 0.133327708
v 0.156644106 -0.0953060687 0.148007527
v 0.150419891 -0.0394739583 0.111762382
v 0.156646907 -0.0538766049 0.128712818
v 0.15553546 -0.0673901141 0.140732393
v 0.163315594 -0.0447944216 0.0934380367
v 0.163736656 -0.0850283876 0.145529881
v 0.185288727 -0.0642162561 0.0288576987
v 0.197716579 -0.0638207272 0.049791187
v 0.203440711 -0.0703974888 0.0305119008
v 0.199234799 -0.062695235 0.0695619881
v 0.210045993 -0.0784943402 0.0185579564
v 0.219816074 -0.070437558 0.0391089953
v 0.220726609 -0.0671996623 0.062505424
v 0.235531911 -0.0789211616 0.018538503
v 0.236757562 -0.0683541149 0.0404972471
v 0.234946862 -0.0653332248 0.0800263807
v 0.186677516 -0.0951897576 0.00303100748
v 0.223869041 -0.0913055912 0.00767816929
v 0.249881446 -0.0867831632 0.00816876534
v 0.18414852 -0.071911566 0.131691188
v 0.193870157 -0.0668061972 0.115193859
v 0.197525069 -0.0634314939 0.097668536
v 0.211039767 -0.0789728463 0.129134789
v 0.220721066 -0.069196403 0.105838105
v 0.23909983 -0.0703306422 0.115649693
v 0.249091372 -0.0766104236 0.131254598
v 0.202255443 -0.0900410339 0.14181307
v 0.209994212 -0.105050549 0.146440372
v 0.239062324 -0.118128322 0.148177162
v 0.229985863 -0.091137208 0.141067475
v 0.259604573 -0.100652762 0.14677076
v 0.248430103 -0.0624104217 0.0500146598
v 0.249176264 -0.0602694526 0.0800733194
v 0.255791217 -0.0670265779 0.0238141324
v 0.270553529 -0.0493588373 0.0358953252
v 0.265115768 -0.0490074493 0.0562575273
v 0.278218567 -0.0523111746 0.0200459547
v 0.282033473 -0.063315317 0.00880468078
v 0.273890257 -0.0379544646 0.0757366419
v 0.281250507 -0.0293082632 0.0522663407
v 0.278222412 -0.0884952918 0.00172648195
v 0.294775158 -0.0122792423 0.0382612422
v 0.290706277 -0.0126379859 0.0623065569
v 0.301375031 -0.0344734006 0.00973494537
v 0.30734989 -0.0570556968 0.00156159687
v 0.319505036 -0.0111252023 0.00939859077
v 0.252048403 -0.063808322 0.112526335
v 0.264418542 -0.0497173332 0.0899514779
v 0.268325418 -0.0502597541 0.11009194
v 0.274391919 -0.0584964715 0.13128002
v 0.261361688 -0.0818441287 0.140802294
v 0.285250783 -0.0231053643 0.0950521827
v 0.292089164 -0.035040468 0.130513236
v 0.29402402 -0.0537704602 0.141765729
v 0.286949337 -0.0257491395 0.110971212
v 0.304592073 -0.0136918528 0.129704237
v 0.300344169 -0.081671156 0.14824228
v 0.313866168 -0.0496310554 0.14696689
v 0.32028681 -0.0144481873 0.140648812
v 0.397287667 -0.168534726 0.148385406
v 0.33713603 -0.0133499717 0.00949477125
v 0.329133481 -0.0299117956 0.00282084732
v 0.33144179 -0.0495868921 0.000379876758
v 0.351302654 -0.0641774535 0.00171533821
v 0.347339839 -0.0103777265 0.0208922271
v 0.373574257 -0.0709510297 0.00850487687
v 0.361934423 -0.0303877741 0.0214107893
v 0.367001027 -0.024566615 0.0392400436
v 0.369423062 -0.0219143163 0.0675535947
v 0.378846377 -0.105694577 0.00210110354
v 0.381643265 -0.0710605308 0.0150063289
v 0.387369841 -0.0675216988 0.0247596949
v 0.390928954 -0.0627685115 0.038839262
v 0.415965289 -0.0966891944 0.0873871669
v 0.433175147 -0.123954684 0.0625173822
v 0.399541348 -0.144030154 0.00137731759
v 0.448589683 -0.189195663 0.00876372773
v 0.414803118 -0.104160599 0.0332936756
v 0.398063779 -0.674639821 0.00137534412
v 0.39291355 -0.738731325 0.00269391132
v 0.39916867 -0.785732567 0.00226724544
v 0.325294048 -0.0398920104 0.14730297
v 0.337848663 -0.0188372042 0.140758425
v 0.341275513 -0.0492980182 0.146817088
v 0.36828056 -0.0940333009 0.146909609
v 0.366109937 -0.0237064287 0.110388607
v 0.36401844 -0.0348134376 0.128092498
v 0.368781835 -0.0536848754 0.135304064
v 0.388688445 -0.096385017 0.140538588
v 0.374797642 -0.0313210078 0.0897774622
v 0.391426563 -0.0641501918 0.110792957
v 0.390102863 -0.0768275857 0.128336132
v 0.393814355 -0.136594743 0.147180617
v 0.406060487 -0.0932806209 0.119427323
v 0.392963171 -0.66468066 0.148238078
v 0.379230052 -0.747856498 0.148272783
v 0.394934118 -0.729998231 0.145285636
v 0.395946175 -0.839919209 0.148326606
v 0.398390204 -0.784013391 0.145964831
v 0.436689556 -0.948632419 0.148303688
v 0.420911252 -0.121344537 0.0243097581
v 0.431704611 -0.190459728 0.00188607909
v 0.431984574 -0.151521951 0.0145275798
v 0.439201474 -0.139183447 0.0391261019
v 0.463093728 -0.18813847 0.0235172883
v 0.466305941 -0.246868089 0.0013794871
v 0.464162707 -0.178089634 0.0394353606
v 0.489007235 -0.239418045 0.0148513895
v 0.49163416 -0.221809253 0.036706347
v 0.488204747 -0.209979758 0.0599934645
v 0.490355402 -0.279766411 0.00199385756
v 0.421426594 -0.643824518 0.00207778416
v 0.453681529 -0.604935825 0.000664104475
v 0.45434922 -0.618945062 0.00342149939
v 0.449334919 -0.63590008 0.00927308854
v 0.490038425 -0.612891972 0.0101969829
v 0.44727537 -0.646626532 0.0164143667
v 0.455628425 -0.646305144 0.0237201527
v 0.502188921 -0.589899242 0.00248418166
v 0.466580898 -0.647226214 0.0408670381
v 0.489774078 -0.634273171 0.050192371
v 0.410061955 -0.687242806 0.00663720816
v 0.407527328 -0.735654235 0.009465524
v 0.420647949 -0.704421043 0.0199414678
v 0.422936141 -0.670895934 0.00979937799
v 0.436077803 -0.675662458 0.0281265415
v 0.428619474 -0.69430989 0.0310981404
v 0.418775201 -0.739372194 0.022686068
v 0.425893903 -0.734059513 0.0410950147
v 0.43343848 -0.700197101 0.0598711967
v 0.429309309 -0.728119314 0.0663129762
v 0.440609783 -0.682158768 0.0597704053
v 0.452099144 -0.660569072 0.0411600657
v 0.454722226 -0.662251055 0.0800115317
v 0.466411501 -0.651403487 0.0800195411
v 0.500582397 -0.629926324 0.0686567649
v 0.413842499 -0.78941381 0.0088274423
v 0.424307227 -0.787601173 0.0204108022
v 0.434734225 -0.817113042 0.025050547
v 0.433435649 -0.790436625 0.0402705409
v 0.430042207 -0.764938354 0.0449092314
v 0.431208402 -0.759147048 0.0660328269
v 0.43660596 -0.790547192 0.0625060275
v 0.41057685 -0.835811436 0.00196641381
v 0.428274512 -0.841165662 0.00877223909
v 0.430180848 -0.892401874 0.00211956003
v 0.438153565 -0.851245224 0.0149684139
v 0.444541872 -0.836434782 0.0336795785
v 0.463726997 -0.942708075 0.00838413369
v 0.462209761 -0.899930179 0.0240204576
v 0.454730183 -0.856085837 0.0498633385
v 0.450934976 -0.839673579 0.0700061247
v 0.460740298 -0.912503481 0.0157762505
v 0.46973443 -0.90303278 0.0391388312
v 0.484199435 -0.932838202 0.0678073093
v 0.445864439 -0.936795056 0.0019340408
v 0.477927774 -0.933277965 0.0311402902
v 0.489645183 -0.97551316 0.0233822502
v 0.472760916 -0.987300158 0.00484464737
v 0.474664688 -1.01299334 0.00216350192
v 0.496833712 -1.082039 0.00194560632
v 0.428043157 -0.13587369 0.127247408
v 0.428092062 -0.122242004 0.110608332
v 0.431991756 -0.155349329 0.136045754
v 0.421097934 -0.158024058 0.143454626
v 0.455608755 -0.167142749 0.11359942
v 0.44573608 -0.216177925 0.147011995
v 0.4748936 -0.233583212 0.141166642
v 0.474145919 -0.19035013 0.0997926444
v 0.468433142 -0.200437412 0.12863788
v 0.493552625 -0.218024865 0.0849901959
v 0.499940336 -0.258892834 0.135139525
v 0.490990132 -0.224267632 0.116997436
v 0.482947826 -0.293796211 0.148324862
v 0.623629332 -0.521551371 0.148405463
v 0.502842546 -0.574113727 0.148333505
v 0.439023614 -0.603984535 0.148294285
v 0.439053059 -0.620465577 0.146905318
v 0.459623337 -0.626733601 0.14071691
v 0.43260017 -0.647137642 0.141803265
v 0.472799271 -0.631661594 0.129598752
v 0.465346038 -0.645925105 0.113604009
v 0.485468596 -0.59487164 0.1465341
v 0.479690731 -0.641098499 0.0970328227
v 0.50363344 -0.620887697 0.12047451
v 0.49385494 -0.608416259 0.13991113
v 0.40691632 -0.728900015 0.139477536
v 0.410005778 -0.665003777 0.145542294
v 0.410188913 -0.688209057 0.141408175
v 0.419142008 -0.726216197 0.126199991
v 0.422984689 -0.688670695 0.129723549
v 0.428819954 -0.72770077 0.0902324989
v 0.429648042 -0.699388921 0.110756345
v 0.426644474 -0.719777763 0.109807096
v 0.434930593 -0.675875306 0.121633418
v 0.439813107 -0.681422174 0.0975558534
v 0.432974041 -0.700300634 0.0907602757
v 0.446030229 -0.650260687 0.130989388
v 0.452802479 -0.656953573 0.112817742
v 0.421248704 -0.746529281 0.123121113
v 0.412962168 -0.789906144 0.140237242
v 0.428382486 -0.744898617 0.0974294692
v 0.434512764 -0.786280513 0.0975798815
v 0.429844677 -0.783422112 0.115225777
v 0.425717056 -0.799647808 0.129823491
v 0.417381316 -0.862776697 0.146843866
v 0.433452308 -0.859885573 0.140222803
v 0.444620371 -0.837644994 0.115691364
v 0.446800381 -0.866491735 0.129315078
v 0.452781767 -0.849220812 0.0975987613
v 0.465660542 -0.898936272 0.116673589
v 0.435845733 -0.90929991 0.146414712
v 0.458120972 -0.930386007 0.140775457
v 0.473100781 -0.932162106 0.125725091
v 0.465609103 -0.993345857 0.1466804
v 0.484409869 -0.935018718 0.0901154056
v 0.47758469 -0.921611726 0.104094304
v 0.478719145 -0.9591524 0.131811336
v 0.486611962 -0.956823111 0.117165439
v 0.474077195 -1.05960405 0.148343951
v 0.495969206 -1.0339762 0.140449718
v 0.489663333 -1.1583153 0.148421854
v 0.491779536 -0.255646735 0.00865701027
v 0.509159148 -0.257832497 0.0246825535
v 0.542284369 -0.2914958 0.0700048506
v 0.54663986 -0.338091373 0.00865919236
v 0.527196825 -0.271238416 0.0494732112
v 0.520383477 -0.324742734 0.00198262464
v 0.529775739 -0.300266683 0.0153116575
v 0.535288334 -0.289900184 0.0337088183
v 0.547190547 -0.315808952 0.0236115698
v 0.568945408 -0.333039224 0.050223846
v 0.548890471 -0.365731508 0.00213464675
v 0.575058639 -0.408109576 0.00140952948
v 0.566437602 -0.351598531 0.0172072146
v 0.574821949 -0.348434985 0.0333532095
v 0.500110984 -0.622997165 0.0294783674
v 0.531302452 -0.598699093 0.00898819789
v 0.526692033 -0.610104978 0.0203945488
v 0.53079915 -0.618982732 0.0483131446
v 0.539709985 -0.614319444 0.0334855318
v 0.53417623 -0.620760739 0.0798477232
v 0.585651278 -0.58343631 0.00271676132
v 0.560003996 -0.618741214 0.0700044557
v 0.581127167 -0.598084807 0.00938198064
v 0.579353034 -0.609607279 0.0241122935
v 0.497719079 -0.981889427 0.0362372771
v 0.492496222 -1.02070951 0.0089044217
v 0.499812603 -1.02075791 0.0155812651
v 0.514442563 -1.02104759 0.049432978
v 0.51639539 -1.04521525 0.0285197198
v 0.515918016 -1.02131438 0.0699938908
v 0.518012047 -1.09612572 0.00944080763
v 0.52637589 -1.1849252 0.00247523375
v 0.529292583 -1.09474039 0.02297258
v 0.535949886 -1.09465325 0.0388035476
v 0.532703817 -1.13340235 0.0143104857
v 0.538502395 -1.09040177 0.0694280937
v 0.554885745 -1.15965581 0.049536787
v 0.548250973 -1.12754059 0.0800216869
v 0.546323121 -1.21642518 0.00900222454
v 0.550206125 -1.18489051 0.0194382332
v 0.548656285 -1.15445554 0.0304300562
v 0.560784578 -1.19854951 0.0355025493
v 0.560901344 -1.17624927 0.0802730396
v 0.542390466 -1.28526366 0.00210223556
v 0.559290469 -1.29794514 0.00930983666
v 0.561930656 -1.25086045 0.0198917631
v 0.518528283 -0.259057581 0.102240399
v 0.522251248 -0.2797831 0.125882879
v 0.516299307 -0.262459487 0.1163233
v 0.510376155 -0.312637746 0.146664947
v 0.53174597 -0.316137165 0.140221491
v 0.587361038 -0.357434303 0.0774646848
v 0.551807582 -0.316095591 0.117307127
v 0.581644595 -0.35248363 0.101306528
v 0.597860217 -0.458564311 0.148301199
v 0.57005167 -0.354472399 0.129854664
v 0.578841209 -0.385962665 0.140600607
v 0.578110099 -0.411054373 0.146641925
v 0.56890595 -0.56751138 0.148319095
v 0.49631694 -0.627757549 0.112244315
v 0.50923419 -0.625816226 0.0903582722
v 0.515539289 -0.611895561 0.129109606
v 0.531237602 -0.584885895 0.145618021
v 0.526796818 -0.617824256 0.110528693
v 0.537679315 -0.597138107 0.139931783
v 0.551109731 -0.610916376 0.121834993
v 0.562498391 -0.61743027 0.0975123346
v 0.577220321 -0.59952265 0.137168571
v 0.503146291 -1.10138214 0.146208867
v 0.50788784 -1.0010016 0.0979426429
v 0.505960464 -1.01157522 0.118357398
v 0.507655501 -1.03602612 0.12935859
v 0.531737745 -1.07465661 0.10033787
v 0.513775885 -1.19936931 0.148295328
v 0.525345981 -1.06853878 0.116487727
v 0.527796924 -1.09671915 0.128632724
v 0.524950266 -1.12903845 0.140281528
v 0.547744572 -1.14374578 0.113060907
v 0.529170275 -1.18896043 0.145171404
v 0.546399295 -1.17004573 0.129568636
v 0.545381129 -1.22520649 0.141031474
v 0.560784459 -1.19713974 0.112000659
v 0.541827202 -1.28788257 0.146466702
v 0.558306277 -1.23295367 0.129536152
v 0.559226036 -1.29148507 0.138907745
v 0.607782185 -0.421364456 0.0103671905
v 0.596191525 -0.387858212 0.022434162
v 0.610257745 -0.393336535 0.0471322984
v 0.609045506 -0.396222353 0.0356598496
v 0.619025171 -0.451997608 0.00488136336
v 0.634942949 -0.441198558 0.023270458
v 0.646423995 -0.467197984 0.0147223659
v 0.643686354 -0.442548245 0.0383274332
v 0.653876603 -0.451196909 0.059934672
v 0.641164184 -0.43386656 0.0888669118
v 0.658912838 -0.518686175 0.00196212833
v 0.585146308 -0.615259886 0.0377731062
v 0.601993203 -0.619589865 0.0504741482
v 0.598675907 -0.620726466 0.0798885524
v 0.64483726 -0.604299545 0.00870077219
v 0.62552166 -0.612634003 0.0206610505
v 0.660278499 -0.62499094 0.0347864851
v 0.640003383 -0.594970942 0.00425305078
v 0.651183188 -0.626817465 0.05022192
v 0.67240274 -0.59052074 0.00115769578
v 0.654779315 -0.628866374 0.0700003952
v 0.569902182 -1.22790432 0.0636704937
v 0.572569132 -1.29493427 0.0263959076
v 0.569522262 -1.24613667 0.0389112532
v 0.578621089 -1.29144228 0.0497907773
v 0.580100298 -1.28913915 0.0800608769
v 0.593857467 -0.376565695 0.115973763
v 0.616753817 -0.418868512 0.127841741
v 0.606244206 -0.414602965 0.135317191
v 0.630093455 -0.460292041 0.14135097
v 0.627951205 -0.422492594 0.113098525
v 0.636342406 -0.486805618 0.145889476
v 0.662757456 -0.468753457 0.110840581
v 0.653078735 -0.46434781 0.123657353
v 0.652649283 -0.476971895 0.134708956
v 0.607288957 -0.609141529 0.12916714
v 0.611620128 -0.589169919 0.144810185
v 0.598424971 -0.617027402 0.109526396
v 0.653278351 -0.578773737 0.14821355
v 0.648429513 -0.624621093 0.107777052
v 0.668328822 -0.604016304 0.142396793
v 0.650287926 -0.627532184 0.0899956673
v 0.672248781 -0.625766277 0.1177762
v 0.680173516 -0.611234844 0.139574394
v 0.568425953 -1.22151089 0.09003333
v 0.569249749 -1.24435341 0.109240368
v 0.569515109 -1.27716494 0.123238556
v 0.576120496 -1.28992295 0.110093564
v 0.660473704 -0.496435672 0.00873412658
v 0.657373846 -0.465765059 0.0299507752
v 0.693519652 -0.509091377 0.036864873
v 0.704129338 -0.516165614 0.0700043812
v 0.689397097 -0.515291333 0.0208521318
v 0.707262993 -0.522370398 0.0495072231
v 0.706439257 -0.573522627 0.00278585195
v 0.725105226 -0.575046301 0.00918668881
v 0.730249286 -0.568102002 0.0185282771
v 0.736429095 -0.565465689 0.0302512664
v 0.674961627 -0.620986998 0.020293355
v 0.700615048 -0.607398152 0.00479498925
v 0.718847334 -0.61812979 0.00863102917
v 0.710079074 -0.638885975 0.0627415329
v 0.715027511 -0.597746432 0.00162893208
v 0.720649302 -0.630708814 0.0227981526
v 0.724730492 -0.63825798 0.0403545871
v 0.688391626 -0.512331724 0.125479177
v 0.703971446 -0.516798735 0.0902066976
v 0.693395376 -0.527911961 0.133367524
v 0.702279568 -0.551294506 0.140783414
v 0.693793356 -0.558715284 0.145650774
v 0.704650283 -0.584061921 0.147590712
v 0.705618143 -0.523848414 0.110852212
v 0.723745823 -0.551277399 0.120139785
v 0.683649659 -0.6210742 0.130270988
v 0.68571347 -0.593004048 0.147333965
v 0.720887005 -0.639760435 0.0968777537
v 0.723115742 -0.632800043 0.122547314
v 0.723211169 -0.61580354 0.141764194
v 0.753676832 -0.57918483 0.049628295
v 0.741491735 -0.561766028 0.0699915141
v 0.740963578 -0.603110135 0.00772444531
v 0.742117763 -0.616436899 0.00963220932
v 0.747136295 -0.630195022 0.0203861538
v 0.755982816 -0.593088388 0.0274999849
v 0.757261813 -0.640468538 0.0430248566
v 0.752868354 -0.576299667 0.0869167745
v 0.756566107 -0.604092777 0.0193803422
v 0.760593295 -0.619228065 0.0200934578
v 0.760771036 -0.632296145 0.0292470604
v 0.772190571 -0.612850845 0.0394695662
v 0.771431208 -0.629233062 0.0380304717
v 0.770858526 -0.602359533 0.0624575615
v 0.769197047 -0.640630305 0.0695810318
v 0.777769625 -0.624903798 0.0597928353
v 0.773734093 -0.63499701 0.0623960681
v 0.777387202 -0.616315067 0.0803408027
v 0.746250451 -0.643458486 0.0662094429
v 0.733670712 -0.571471691 0.129185662
v 0.740063488 -0.600586116 0.140784502
v 0.739048481 -0.611201286 0.141263321
v 0.748328626 -0.576168001 0.109869741
v 0.740806103 -0.630573869 0.128260583
v 0.74750334 -0.598807096 0.135128975
v 0.751139998 -0.639677346 0.109049723
v 0.756308436 -0.625212312 0.128335655
v 0.768203497 -0.599952519 0.0980060846
v 0.757074773 -0.596337914 0.122864626
v 0.75938791 -0.632212758 0.120675668
v 0.756435454 -0.615174294 0.131113619
v 0.766264975 -0.639894724 0.0952534527
v 0.770475745 -0.614560962 0.114365682
v 0.772898853 -0.630108118 0.107408561
v 0.777271688 -0.624987364 0.0900314972
v 0.74749577 -0.642982781 0.0888022259
v 0.0291363839 -1.43182039 0.0195525121
v 0.0307026356 -1.43962169 0.0345204994
v 0.0583898127 -1.43926084 0.01954218
v 0.0497593805 -1.41093349 0.00194336486
v 0.0619662851 -1.42868602 0.00795047265
v 0.0887872577 -1.44220638 0.0103637883
v 0.0538050234 -1.448964 0.0499977544
v 0.0512899458 -1.45010328 0.0800060853
v 0.0677184463 -1.44936955 0.0328845866
v 0.0775329992 -1.45958877 0.0824186057
v 0.0852353424 -1.46079445 0.0422216393
v 0.0754171386 -1.90359771 0.0498251133
v 0.0730519071 -1.90656114 0.0687345266
v 0.0834733546 -1.89126933 0.031758517
v 0.0892367363 -1.85453606 0.075002417
v 0.0688116178 -1.96400905 0.0288133081
v 0.0693477169 -1.9346503 0.0393882394
v 0.0681961179 -1.98183799 0.0428234898
v 0.0625856742 -1.96006906 0.0568762198
v 0.0651386231 -1.93991101 0.0624766946
v 0.0701998398 -1.99012315 0.0642793104
v 0.0633769482 -1.97481668 0.0800365955
v 0.082846351 -1.9148587 0.019644592
v 0.0815593302 -1.95968091 0.0109750628
v 0.0799146891 -1.9797039 0.0200602561
v 0.0751324967 -1.99056447 0.0455897041
v 0.0133730927 -1.4127084 0.142057627
v 0.0292136613 -1.42809379 0.133304119
v 0.0446829088 -1.39001226 0.148535818
v 0.0399881862 -1.41004217 0.145828754
v 0.061793264 -1.4290309 0.140183285
v 0.0652257875 -1.44710147 0.11852403
v 0.0975529328 -1.41305971 0.148271278
v 0.0711634681 -1.44329786 0.129211843
v 0.109657906 -1.43265915 0.146278784
v 0.0335876457 -1.44469535 0.0901331604
v 0.0602048486 -1.44976866 0.104808927
v 0.0741187185 -1.90586317 0.0955762193
v 0.0834794641 -1.89163756 0.116817743
v 0.0642312989 -1.94863641 0.0950961038
v 0.0641032383 -1.96541727 0.101466075
v 0.0693509132 -1.98750317 0.0901398584
v 0.0693103373 -1.94475579 0.116932794
v 0.0690965354 -1.97557068 0.115911573
v 0.0818975419 -1.99561059 0.0940876752
v 0.0769771487 -1.98932445 0.11069417
v 0.0785780102 -1.9343164 0.129300624
v 0.0798913464 -1.97838008 0.128845111
v 0.0779339448 -1.96452761 0.132619143
v 0.0954329297 -1.42910552 0.00277567701
v 0.0897242501 -1.45389462 0.0216404032
v 0.104805484 -1.46752501 0.0220638532
v 0.0963360146 -1.47053063 0.0440589972
v 0.0941788852 -1.47225189 0.0696087927
v 0.109650828 -1.45513546 0.00909795053
v 0.109449625 -1.49044287 0.0407110639
v 0.110156633 -1.497895 0.0800159574
v 0.126782656 -1.45067215 0.00188679434
v 0.124485187 -1.48373389 0.0110761514
v 0.125023097 -1.50716698 0.0260185543
v 0.120553344 -1.5104475 0.0394186676
v 0.122188807 -1.52285969 0.0625116751
v 0.149278924 -1.49054778 0.00196249294
v 0.143790975 -1.50749731 0.0067575248
v 0.135671005 -1.53200412 0.0223333091
v 0.147531405 -1.5671289 0.0183530375
v 0.129918471 -1.53761625 0.0392188355
v 0.133603096 -1.56112325 0.0547961146
v 0.134282514 -1.56905246 0.071259588
v 0.140555114 -1.57053995 0.03079734
v 0.140930042 -1.61495447 0.0409422703
v 0.137246668 -1.60002363 0.0624862462
v 0.154310584 -1.55541885 0.00888888817
v 0.150319383 -1.63080704 0.0191625617
v 0.160077095 -1.6210556 0.00925869867
v 0.14012152 -1.64347768 0.0406773761
v 0.141196281 -1.67277563 0.0305478703
v 0.135256618 -1.68128347 0.0499904156
v 0.138074666 -1.62874782 0.0699972659
v 0.133682415 -1.68119454 0.0774931535
v 0.150079027 -1.68046832 0.0145447813
v 0.160862043 -1.68443918 0.00580380671
v 0.123641513 -1.74492598 0.0467546843
v 0.112313882 -1.78034246 0.0627402142
v 0.123945534 -1.73327506 0.0800109133
v 0.12475802 -1.77415359 0.0218864307
v 0.130178422 -1.73404372 0.0308985002
v 0.114845455 -1.78435647 0.03808349
v 0.140207663 -1.76034355 0.00916251913
v 0.138468549 -1.72542965 0.0190614276
v 0.159054503 -1.74193466 0.00237678038
v 0.104480445 -1.82448173 0.0330081508
v 0.0935133323 -1.84615779 0.0497370288
v 0.107959233 -1.84928191 0.0145513872
v 0.103413828 -1.84468579 0.0220758468
v 0.127134979 -1.8211906 0.00626321184
v 0.121792607 -1.87183356 0.0022353346
v 0.143370688 -1.82363105 0.00107367022
v 0.0980318859 -1.90020931 0.00881498866
v 0.104507431 -1.92570877 0.00232807617
v 0.0889244899 -1.96801949 0.00783940591
v 0.0975363106 -1.9789077 0.0115695987
v 0.0882818475 -1.99111569 0.0295373239
v 0.0854882449 -1.99723542 0.0598325916
v 0.100019254 -1.99854207 0.05989182
v 0.109669715 -1.95868313 0.00181992725
v 0.117656291 -1.99076116 0.0298751593
v 0.134939864 -1.970806 0.00837692618
v 0.120097116 -1.98059344 0.0149348788
v 0.120039523 -1.99491131 0.0499581248
v 0.127670586 -1.99559677 0.08003214
v 0.130705774 -1.95182586 0.00111907604
v 0.141663656 -1.98230469 0.0241160486
v 0.14516522 -1.99054289 0.0573557205
v 0.178945601 -1.92501116 0.00135264499
v 0.167719126 -1.95099115 0.00646841433
v 0.169532359 -1.96830142 0.0228954777
v 0.159850553 -1.97985041 0.0378200151
v 0.158749178 -1.47695327 0.148212329
v 0.0886741877 -1.46183872 0.110297628
v 0.102355734 -1.46203065 0.127936676
v 0.108887404 -1.44827151 0.141861543
v 0.10062889 -1.47613657 0.106402867
v 0.116742171 -1.499964 0.113037497
v 0.111437097 -1.45881045 0.138045669
v 0.122769795 -1.52336276 0.0899672881
v 0.124980189 -1.50028002 0.127931938
v 0.132454067 -1.51134121 0.130893737
v 0.142254725 -1.50548041 0.141091838
v 0.139949635 -1.47003448 0.146807864
v 0.160132214 -1.51621425 0.146446809
v 0.13490887 -1.56946576 0.0900306255
v 0.129729509 -1.53591144 0.110302567
v 0.139705181 -1.61624205 0.0991978124
v 0.138853371 -1.5723002 0.112059303
v 0.142702609 -1.62335145 0.111967906
v 0.14046976 -1.54329014 0.129150689
v 0.148594454 -1.58018899 0.130330488
v 0.160246655 -1.58023059 0.141357049
v 0.136915937 -1.66252208 0.0949744955
v 0.139336333 -1.68281686 0.116490029
v 0.149752229 -1.62055326 0.128186747
v 0.14797172 -1.66719568 0.129147828
v 0.162128463 -1.62919915 0.141069099
v 0.157789201 -1.6764437 0.140216038
v 0.119823322 -1.76510108 0.109947167
v 0.129705712 -1.72126186 0.108036391
v 0.137586057 -1.72762501 0.128863111
v 0.120935738 -1.78488767 0.124949798
v 0.131965384 -1.7772485 0.13603887
v 0.149878561 -1.73414838 0.141631991
v 0.14952755 -1.7867651 0.146407381
v 0.105661727 -1.80461729 0.0896883234
v 0.1034486 -1.82287526 0.110999703
v 0.107445769 -1.83832622 0.129399806
v 0.127938166 -1.8160634 0.141592249
v 0.12499623 -1.86911106 0.146658406
v 0.155150905 -1.81281066 0.148179591
v 0.0896043032 -1.89662445 0.130134389
v 0.0903911069 -1.9304862 0.140406609
v 0.104428031 -1.88174939 0.140209869
v 0.110392191 -1.9287976 0.147780761
v 0.144531339 -1.90859473 0.148550183
v 0.209118932 -1.85672545 0.14842841
v 0.0872181728 -1.98366272 0.128936693
v 0.0909552649 -1.99094903 0.119867004
v 0.088699095 -1.96264684 0.141724393
v 0.100012384 -1.99744046 0.097618863
v 0.104021169 -1.97741449 0.138602301
v 0.102791242 -1.96054506 0.145251498
v 0.114376321 -1.98990643 0.120741338
v 0.135465935 -1.99082243 0.108296476
v 0.131400257 -1.97072816 0.140675873
v 0.128016829 -1.95367897 0.147418112
v 0.135145128 -1.98055315 0.129958495
v 0.151521996 -1.94816411 0.146015391
v 0.160081506 -1.98374212 0.088815324
v 0.155056283 -1.98112452 0.114393249
v 0.155969977 -1.9711405 0.130605906
v 0.172440246 -1.95216191 0.139731869
v 0.18676807 -1.9137001 0.147530571
v 0.169831276 -1.54754174 0.00167454826
v 0.165291697 -1.60749137 0.00616587605
v 0.176349714 -1.6331259 0.00199979194
v 0.254707247 -1.81543159 0.0016387105
v 0.211734712 -1.90807319 0.00634855637
v 0.208792195 -1.92649591 0.0135158552
v 0.227134764 -1.87106466 0.00236594793
v 0.248920396 -1.87379801 0.0146502126
v 0.245083809 -1.89309144 0.0250124577
v 0.234812051 -1.91529417 0.0385526903
v 0.23905538 -1.87769341 0.00881060027
v 0.255134135 -1.89138567 0.0504064634
v 0.225174606 -1.93365407 0.0699174404
v 0.174360141 -1.95651281 0.0134651409
v 0.178533837 -1.97427726 0.0619511306
v 0.186697125 -1.96465981 0.0384640247
v 0.195999861 -1.94572198 0.0203192625
v 0.201972589 -1.95559299 0.0624720529
v 0.214586392 -1.93592703 0.0308926217
v 0.221158355 -1.93557739 0.0489054471
v 0.184364393 -1.50889182 0.148414463
v 0.180039883 -1.58062112 0.147384062
v 0.175138071 -1.63625085 0.14606002
v 0.188749477 -1.68640614 0.148316696
v 0.214704558 -1.74221492 0.148406073
v 0.16874826 -1.7105031 0.146822706
v 0.278020531 -1.71380782 0.14840202
v 0.2317013 -1.85631931 0.147036225
v 0.212359473 -1.91802061 0.137329146
v 0.199020073 -1.92322397 0.142297775
v 0.21548447 -1.92709696 0.128341958
v 0.232015342 -1.91886115 0.109985836
v 0.242149964 -1.873402 0.139772117
v 0.254198909 -1.89520228 0.0796103477
v 0.254934818 -1.89143193 0.0990698934
v 0.253038257 -1.88644767 0.116364807
v 0.250402808 -1.87867296 0.129029572
v 0.177886188 -1.96416581 0.12422888
v 0.187423587 -1.96592093 0.10432107
v 0.199888632 -1.95677698 0.0925391912
v 0.212207824 -1.94071543 0.112830035
v 0.223695621 -1.93435967 0.0900565535
v 0.299066991 -1.71156108 0.0022435931
v 0.321964681 -1.63903248 0.00206267321
v 0.282069296 -1.75608957 0.00199747388
v 0.292683125 -1.76938438 0.00878960639
v 0.293839008 -1.7839942 0.0150610618
v 0.317823172 -1.70114887 0.00885574427
v 0.302798808 -1.77696371 0.0227335393
v 0.329256505 -1.70074332 0.0205799472
v 0.333278894 -1.70711231 0.0324944742
v 0.305912793 -1.78205013 0.0335353464
v 0.325220227 -1.74028718 0.0459159613
v 0.312452585 -1.78035116 0.0775065273
v 0.27152428 -1.80622506 0.00585718686
v 0.267255217 -1.82913268 0.00940980297
v 0.276486158 -1.83561099 0.0227103122
v 0.289509416 -1.82306135 0.0375941321
v 0.281957895 -1.84565377 0.0557212941
v 0.286176026 -1.83851349 0.0845504925
v 0.308734775 -1.78488958 0.0492122099
v 0.266082734 -1.86779547 0.0381537713
v 0.327246875 -1.56143248 0.148345634
v 0.301656157 -1.70160484 0.146348
v 0.330260992 -1.60664213 0.146585047
v 0.272760302 -1.77414846 0.146846399
v 0.297770411 -1.75308716 0.140840814
v 0.301670551 -1.78024602 0.125267237
v 0.310846478 -1.73352003 0.13573271
v 0.333373487 -1.72161531 0.0918637291
v 0.332477719 -1.71787465 0.106032781
v 0.326973498 -1.7234726 0.117495395
v 0.303332448 -1.79039073 0.11296086
v 0.323705524 -1.71516001 0.128644884
v 0.263074458 -1.83166194 0.140998259
v 0.277266026 -1.84691167 0.112152316
v 0.278748542 -1.82953358 0.126893178
v 0.283693999 -1.80688393 0.133173004
v 0.30795446 -1.78617668 0.100716211
v 0.268772244 -1.86920059 0.0900152922
v 0.363046885 -1.50677252 0.0022600852
v 0.363512605 -1.54954207 0.00881806202
v 0.404450744 -1.4499222 0.00168221595
v 0.391602337 -1.47283995 0.00527473213
v 0.385967672 -1.49664438 0.0104217278
v 0.395549178 -1.50555217 0.027293222
v 0.401321679 -1.48192096 0.0150614418
v 0.403889239 -1.49255252 0.0281213336
v 0.395838529 -1.51392543 0.0381220616
v 0.392531902 -1.53210378 0.0611346886
v 0.338685006 -1.58590233 0.00233056606
v 0.340427101 -1.62747121 0.00864389353
v 0.356371611 -1.61368179 0.0209551938
v 0.370900095 -1.54916418 0.0151662789
v 0.3769916 -1.55217803 0.0250671953
v 0.376595557 -1.57465446 0.0414917879
v 0.374648273 -1.59117627 0.067478992
v 0.397324055 -1.51889217 0.0805092156
v 0.340884656 -1.64789021 0.0145178689
v 0.355071306 -1.63880169 0.0335108228
v 0.349756569 -1.66778529 0.0471282341
v 0.352586865 -1.66553032 0.0798201486
v 0.334122151 -1.72136211 0.0691438317
v 0.38006258 -1.45512974 0.148100778
v 0.358461201 -1.51017165 0.146925479
v 0.369098216 -1.53125572 0.14000842
v 0.37520355 -1.50686908 0.141416237
v 0.385894656 -1.53581917 0.115014471
v 0.394506693 -1.49665046 0.128830865
v 0.377864033 -1.54418921 0.126321167
v 0.396865219 -1.45538962 0.146064818
v 0.389578372 -1.48067415 0.141349182
v 0.401605487 -1.5031532 0.109677017
v 0.387113035 -1.54227674 0.102743216
v 0.341875792 -1.61966908 0.140650421
v 0.358463496 -1.61902308 0.12123134
v 0.367840737 -1.60163629 0.109759465
v 0.367915541 -1.55961657 0.132902846
v 0.374580264 -1.58935153 0.0898648873
v 0.346275836 -1.64341462 0.129302233
v 0.345167756 -1.67351651 0.113147356
v 0.416819572 -1.46664059 0.00909161381
v 0.412905723 -1.48398232 0.0256146509
v 0.409028709 -1.49857283 0.0599093959
v 0.415474713 -1.49392021 0.0561576299
v 0.439558357 -1.45121264 0.0013803615
v 0.424860924 -1.47989285 0.0219676662
v 0.425027341 -1.48946512 0.042873282
v 0.424758315 -1.49266303 0.0888436362
v 0.441605896 -1.47526979 0.0104113659
v 0.437428594 -1.48835802 0.0287290663
v 0.436867476 -1.49726117 0.0599625036
v 0.463484734 -1.47499406 0.0034254815
v 0.462877959 -1.51481056 0.0273024291
v 0.454639316 -1.51361394 0.0473430939
v 0.455889285 -1.51809144 0.0661064461
v 0.468259364 -1.50292695 0.0114279324
v 0.489111841 -1.52702403 0.00840353873
v 0.482490391 -1.54812455 0.0293704662
v 0.478960425 -1.55237103 0.0500095449
v 0.475923091 -1.55051684 0.0799944922
v 0.491919041 -1.54865789 0.0164004117
v 0.46546784 -1.44272554 0.148396119
v 0.408220589 -1.49779451 0.0975717455
v 0.411814004 -1.48535407 0.12071801
v 0.408944726 -1.46996677 0.13884148
v 0.417140901 -1.49217474 0.0960157514
v 0.426112324 -1.48110151 0.125575662
v 0.439136177 -1.4680537 0.140803322
v 0.437265903 -1.45062864 0.146961838
v 0.438823402 -1.49704921 0.0976497158
v 0.439766139 -1.489326 0.120065764
v 0.44945997 -1.49133897 0.129120216
v 0.455022544 -1.5162245 0.090051569
v 0.461845875 -1.46528232 0.146935344
v 0.465910465 -1.52630162 0.110759258
v 0.474030882 -1.5237205 0.128854901
v 0.46814543 -1.49529397 0.140913829
v 0.487722844 -1.49454987 0.14700377
v 0.494230688 -1.53460324 0.140679717
v 0.487258643 -1.55958569 0.114484005
v 0.555375755 -1.37999833 0.00448328769
v 0.545056522 -1.40000045 0.00135565607
v 0.491891831 -1.50169039 0.00152077002
v 0.508469641 -1.53332305 0.00203088368
v 0.532536626 -1.55454922 0.00224838732
v 0.544711351 -1.52048123 0.0034502265
v 0.556052566 -1.51303947 0.00878337864
v 0.499249578 -1.59013581 0.0523082055
v 0.507564783 -1.60709846 0.0862144232
v 0.504691362 -1.59045279 0.0322426818
v 0.520603955 -1.60879099 0.0223246738
v 0.522327423 -1.59222293 0.0106887054
v 0.532773435 -1.59436226 0.00914254878
v 0.54122442 -1.59035647 0.0103821717
v 0.551206172 -1.56789672 0.0142944073
v 0.551333189 -1.60985768 0.0267597474
v 0.562306523 -1.53227389 0.018228827
v 0.564411283 -1.55971384 0.0336790867
v 0.563874424 -1.5784514 0.0480522774
v 0.518489063 -1.61960077 0.0386681706
v 0.527614892 -1.64059687 0.0696411282
v 0.529131711 -1.63816357 0.0462178886
v 0.534433961 -1.61914265 0.0210141521
v 0.542733133 -1.63172233 0.0304714739
v 0.53266865 -1.63257933 0.0320261009
v 0.538915992 -1.64048994 0.0384531543
v 0.535973251 -1.64729357 0.0726651773
v 0.543187201 -1.61287332 0.0197516493
v 0.547607183 -1.64186335 0.0495107621
v 0.5453192 -1.6471566 0.078782782
v 0.551499248 -1.63185871 0.0426292084
v 0.552419424 -1.64048815 0.0673530847
v 0.530010521 -1.36874974 0.148434475
v 0.55880034 -1.35140324 0.141412809
v 0.535015464 -1.46000111 0.1479702
v 0.545090795 -1.43250227 0.146838516
v 0.560870409 -1.40685368 0.141698048
v 0.502021015 -1.50658596 0.148106605
v 0.532123625 -1.52904975 0.147729039
v 0.549305141 -1.50246251 0.143824309
v 0.559589088 -1.46100712 0.139769673
v 0.551158309 -1.53887856 0.139932305
v 0.501766026 -1.58880687 0.110799558
v 0.500287294 -1.56948829 0.128555477
v 0.515371501 -1.57349229 0.140388653
v 0.522485495 -1.6101954 0.127118528
v 0.522552192 -1.55458379 0.146275416
v 0.527131438 -1.59016895 0.140080139
v 0.535568774 -1.5893805 0.140502423
v 0.549657702 -1.59052718 0.130794346
v 0.542620957 -1.56283343 0.141877323
v 0.565062642 -1.57848513 0.0901396349
v 0.562960029 -1.57091248 0.112269469
v 0.561253309 -1.53691006 0.130087614
v 0.523373485 -1.62472832 0.113418803
v 0.530838907 -1.64205253 0.0969148725
v 0.53324163 -1.61310172 0.131566212
v 0.539993882 -1.64047384 0.11010877
v 0.535150468 -1.62998581 0.120340213
v 0.541298211 -1.63134062 0.119325027
v 0.550879836 -1.64017129 0.0954258069
v 0.550597012 -1.62673163 0.113489673
v 0.542800665 -1.61009061 0.130270943
v 0.571189463 -1.34240675 0.0194807854
v 0.579862654 -1.34768772 0.0385608636
v 0.582636714 -1.33950436 0.062424548
v 0.567788303 -1.40093672 0.0118938033
v 0.561423361 -1.45634139 0.00982715096
v 0.57113868 -1.4556967 0.0208056644
v 0.580047309 -1.39957571 0.0308694113
v 0.576247454 -1.4712162 0.0347082913
v 0.580609739 -1.45857179 0.0492650606
v 0.584430218 -1.40000451 0.0499129742
v 0.586153567 -1.40000844 0.0800362378
v 0.58150208 -1.4664036 0.0699975193
v 0.571164966 -1.51444197 0.0285860039
v 0.575930357 -1.5200882 0.049905926
v 0.577389002 -1.520082 0.0699873045
v 0.570529342 -1.33884275 0.129567668
v 0.579591036 -1.34813929 0.110970378
v 0.582159996 -1.33726108 0.0900334492
v 0.578526795 -1.45427299 0.110947542
v 0.581488132 -1.4020288 0.113474257
v 0.572883368 -1.40601516 0.130061105
v 0.569017708 -1.47894979 0.128469452
v 0.581196725 -1.46430445 0.0900092646
v 0.571212053 -1.51450753 0.119860262
v 0.576394677 -1.51887035 0.097608842
g 
f 2 3 1
f 5 4 6
f 2 1 7
f 5 6 10
f 5 10 9
f 2 7 11
f 5 8 2
f 5 9 8
f 12 5 2
f 2 11 13
f 2 13 15
f 15 13 14
f 16 5 12
f 17 16 18
f 20 16 12
f 18 16 20
f 21 17 18
f 22 16 17
f 23 16 22
f 25 22 17
f 25 23 22
f 29 28 27 26
f 24 19 28
f 24 28 29
f 21 25 17
f 21 19 24
f 24 25 21
f 30 20 12
f 33 30 32
f 32 30 12
f 33 35 31
f 21 37 19
f 36 39 38
f 36 40 39
f 37 40 36
f 42 18 20 41
f 42 21 18
f 21 42 40 37
f 39 45 43
f 39 43 38
f 40 47 45
f 40 45 39
f 41 20 30
f 42 47 40
f 44 38 43 48
f 45 49 43
f 50 44 48
f 50 46 44
f 42 52 47
f 42 41 52
f 53 50 48
f 53 54 50
f 47 49 45
f 54 51 50
f 52 41 30
f 52 55 47
f 58 57 43
f 49 58 43
f 59 53 48
f 55 58 49
f 47 55 49
f 60 54 53 59
f 52 33 31 55
f 52 30 33
f 56 54 60
f 62 43 57
f 48 43 62
f 63 48 62
f 59 48 63
f 55 34 58
f 55 31 34
f 64 56 60
f 58 34 57
f 65 59 63
f 65 60 59
f 64 60 65
f 66 56 64
f 66 61 56
f 26 68 69
f 27 36 68
f 26 27 68
f 28 37 36
f 28 36 27
f 19 37 28
f 70 68 38
f 70 69 68
f 68 36 38
f 44 70 38
f 46 72 44
f 72 71 70 44
f 73 71 72
f 46 74 72
f 74 73 72
f 76 73 74
f 75 77 76 74
f 50 51 46
f 51 74 46
f 51 75 74
f 78 75 51
f 78 79 77 75
f 56 51 54
f 56 78 51
f 80 78 56
f 80 79 78
f 81 79 80
f 82 56 61
f 82 80 56
f 83 80 82
f 83 81 80
f 84 81 83
f 85 83 82
f 86 84 83
f 67 82 61
f 85 82 67
f 86 83 85
f 89 15 14
f 90 2 15
f 2 90 91
f 34 93 92
f 34 35 93
f 31 35 34
f 94 33 32
f 33 94 35
f 92 93 95
f 35 96 93
f 97 32 12
f 94 32 97
f 93 98 95
f 96 35 94
f 94 97 99
f 100 95 98
f 93 101 98
f 96 101 93
f 100 98 102
f 101 102 98
f 101 96 103
f 101 103 102
f 96 105 103
f 94 105 96
f 106 62 57 92
f 34 92 57
f 106 63 62
f 66 64 107
f 106 92 95
f 108 63 106
f 108 65 63
f 109 65 108
f 64 65 109
f 108 106 95
f 110 64 109
f 107 64 110
f 67 66 107 111
f 109 108 112
f 108 95 100
f 111 107 110 113
f 112 108 100
f 114 109 112
f 114 110 109
f 115 110 114
f 113 110 115
f 116 112 100 104
f 114 112 116
f 67 111 117
f 87 120 119
f 122 86 85 121
f 88 86 122
f 88 120 87
f 120 123 119
f 124 88 122
f 88 124 123 120
f 123 125 119
f 2 91 126
f 127 94 99
f 94 127 105
f 128 100 102
f 104 100 128
f 129 97 12
f 99 97 129
f 103 130 102
f 105 131 130 103
f 127 131 105
f 132 99 129
f 127 99 132
f 133 104 128
f 117 111 113
f 118 67 117
f 116 104 133
f 134 115 114
f 113 115 134
f 137 118 136
f 134 114 138
f 135 113 134
f 136 118 117 135
f 138 114 116
f 139 137 136
f 140 136 135
f 139 136 140
f 141 139 140
f 143 67 118
f 143 85 67
f 143 121 85
f 143 122 121
f 124 122 143
f 124 142 123
f 142 146 144
f 147 143 118
f 148 143 147
f 145 143 148
f 124 145 146
f 124 143 145
f 124 146 142
f 154 152 153 150
f 146 150 151
f 144 146 151
f 145 154 150
f 146 145 150
f 155 147 118 137
f 155 148 147
f 145 155 152 154
f 145 148 155
f 149 157 158
f 153 159 156
f 150 153 156 157
f 149 150 157
f 149 151 150
f 153 152 159
f 152 160 159
f 155 137 160
f 155 160 152
f 161 157 156
f 156 159 162
f 160 163 162 159
f 163 160 137 139
f 164 157 161
f 165 161 156
f 161 166 164
f 165 156 162
f 165 166 161
f 166 167 164
f 162 168 165
f 163 169 162
f 169 168 162
f 168 166 165
f 170 167 166
f 169 163 139
f 139 171 169
f 170 166 168
f 167 173 172
f 170 173 167
f 171 139 141
f 171 168 169
f 171 174 170 168
f 174 173 170
f 175 2 126
f 177 2 176
f 176 2 175
f 178 2 177
f 129 12 2
f 128 102 179
f 130 179 102
f 131 181 130
f 182 127 132
f 127 182 181 131
f 130 180 179
f 181 180 130
f 183 128 179
f 181 184 180
f 185 184 181
f 186 182 132
f 182 186 185 181
f 180 184 179
f 129 2 178
f 187 132 129
f 186 132 187
f 179 184 183
f 185 188 184
f 189 116 133
f 138 116 189
f 190 138 189
f 191 134 138 190
f 135 134 191
f 135 141 140
f 133 128 192
f 190 189 193
f 194 135 191
f 195 135 194
f 192 128 183
f 193 189 133 192
f 191 190 196
f 194 191 196
f 193 192 197
f 196 190 193 198
f 173 199 172
f 200 171 141
f 200 174 171
f 201 174 200
f 202 174 201
f 173 174 202
f 201 200 141
f 204 201 141 135
f 202 201 204
f 205 173 202
f 173 205 203 199
f 204 135 207
f 176 175 208
f 188 209 184
f 210 129 178
f 211 186 187 210
f 184 212 183
f 209 212 184
f 186 211 188 185
f 209 213 212
f 188 213 209
f 211 213 188
f 211 214 213
f 210 178 215
f 216 211 210
f 214 211 216
f 216 210 215
f 217 214 216
f 219 216 215
f 217 216 219
f 197 192 220
f 198 193 197
f 221 194 196
f 221 195 194
f 220 192 183
f 198 197 222
f 223 196 198
f 221 196 223
f 224 195 221
f 207 135 195
f 220 183 225
f 212 225 183
f 222 197 220
f 222 223 198
f 226 221 223
f 224 221 226
f 207 195 224
f 222 220 227
f 213 228 212
f 230 223 222 229
f 226 223 230
f 231 224 226
f 231 207 224
f 227 220 225
f 212 232 225
f 229 222 227
f 233 226 230
f 233 231 226
f 207 231 233
f 232 212 228
f 234 229 227
f 235 229 234
f 236 228 213
f 235 230 229
f 214 236 213
f 233 230 235
f 237 227 225
f 238 227 237
f 232 237 225
f 234 227 238
f 239 234 238
f 240 234 239
f 235 234 240
f 236 241 228
f 242 233 235
f 232 243 237
f 228 243 232
f 241 243 228
f 244 214 217
f 214 244 236
f 244 241 236
f 203 246 245 206
f 203 247 246
f 248 202 204
f 247 205 202 248
f 205 247 203
f 248 204 249
f 247 250 246
f 251 247 248
f 247 251 250
f 252 204 207
f 249 204 252
f 253 251 248 249
f 254 207 233
f 254 252 207
f 253 249 252
f 255 235 240
f 242 235 255
f 242 254 233
f 256 242 255
f 256 254 242
f 257 254 256
f 257 252 254
f 257 253 252
f 258 239 238
f 240 239 258
f 240 258 259
f 260 255 240
f 260 240 259
f 261 255 260
f 256 255 261
f 175 126 262
f 263 175 262
f 264 215 218
f 265 219 215 264
f 264 218 266
f 267 264 266
f 268 238 237
f 243 269 237
f 269 268 237
f 270 269 243
f 241 271 243
f 271 270 243
f 271 273 272 270
f 274 217 265
f 274 244 217
f 244 271 241
f 244 275 271
f 274 265 264
f 276 244 274
f 276 275 244
f 264 276 274
f 277 276 264
f 277 264 267
f 278 238 268
f 258 238 278
f 279 258 278
f 259 258 279
f 281 259 279 280
f 261 260 259
f 281 261 259
f 282 278 268
f 283 279 278 282
f 269 282 268
f 270 272 269
f 272 282 269
f 272 284 282
f 284 285 282
f 273 284 272
f 273 286 284
f 275 273 271
f 284 286 285
f 275 286 273
f 275 287 286
f 288 276 277
f 288 275 276
f 288 287 275
f 289 287 288
f 290 288 277
f 290 289 288
f 292 291 294
f 293 295 292
f 293 296 295
f 297 292 294
f 293 292 297
f 298 293 297
f 299 293 298
f 300 293 299
f 302 293 300
f 301 293 302
f 303 301 302
f 305 304 4
f 301 303 306
f 307 305 4
f 308 307 4
f 308 4 5
f 301 306 309
f 310 308 5
f 313 309 312
f 313 301 309
f 311 310 5
f 314 311 5
f 5 315 314
f 316 315 5
f 316 317 315
f 316 318 317
f 319 318 316
f 320 319 316
f 319 312 318
f 313 312 319
f 321 313 319
f 322 313 321
f 301 313 322
f 320 316 323
f 324 301 322
f 325 301 324
f 326 5 16
f 23 326 16
f 25 24 327
f 328 25 327
f 328 23 25
f 330 26 329
f 331 29 26
f 331 26 330
f 332 24 29 331
f 332 327 24
f 333 5 326
f 334 5 333
f 335 326 23
f 335 333 326
f 328 335 23
f 336 330 329
f 337 331 330
f 332 331 337
f 328 338 335
f 340 328 327
f 340 338 328
f 340 327 339
f 336 329 341
f 337 330 336
f 337 339 327 332
f 343 334 342
f 340 342 338
f 340 343 342
f 337 336 341
f 344 337 341
f 334 316 5
f 345 334 343
f 346 340 339
f 346 343 340
f 346 345 343
f 344 341 347
f 344 347 348
f 349 337 344
f 349 339 337
f 349 346 339
f 345 316 334
f 350 344 348
f 350 349 344
f 352 349 350
f 352 346 349
f 352 350 351
f 352 345 346
f 353 345 352
f 354 316 345
f 353 354 345
f 355 323 316
f 356 355 316
f 69 329 26
f 359 69 358
f 359 329 69
f 70 358 69
f 360 358 70
f 71 360 70
f 71 361 360
f 362 71 73
f 362 361 71
f 76 362 73
f 76 363 362
f 77 364 363 76
f 79 364 77
f 365 364 79
f 81 365 79
f 366 365 81
f 367 81 84
f 368 366 81 367
f 369 84 86
f 371 369 370
f 371 84 369
f 371 367 84
f 372 367 371
f 373 368 367 372
f 370 376 374
f 377 370 374 375
f 369 87 376
f 370 369 376
f 369 88 87
f 369 86 88
f 378 371 370 377
f 379 368 373
f 380 368 379
f 364 381 363
f 364 382 381
f 365 382 364
f 380 366 368
f 383 366 380
f 384 366 383
f 385 380 379
f 383 380 385
f 359 341 329
f 387 358 360
f 361 387 360
f 362 388 387 361
f 363 389 388 362
f 381 389 363
f 390 382 365
f 366 390 365
f 391 390 366
f 393 391 392
f 386 366 384
f 391 366 386
f 393 392 394
f 398 397 395 396
f 399 398 396
f 402 392 391 401
f 402 400 397
f 394 402 397 398
f 394 392 402
f 394 398 399
f 403 359 358
f 403 341 359
f 404 390 391
f 404 391 393
f 405 404 393
f 406 404 405
f 407 394 399
f 407 393 394
f 408 393 407
f 405 393 408
f 403 358 409
f 403 347 341
f 347 403 409
f 387 409 358
f 410 409 387
f 411 410 387
f 388 411 387
f 412 411 388
f 412 413 411
f 389 414 388
f 414 412 388
f 414 413 412
f 381 414 389
f 415 414 381
f 415 382 390
f 382 415 381
f 404 415 390
f 416 415 404
f 417 416 404
f 417 404 406
f 418 417 406
f 420 347 409
f 348 347 420
f 421 348 420
f 350 348 421
f 422 350 421
f 351 350 422
f 351 353 352
f 423 353 351
f 420 409 410
f 421 420 424
f 425 421 424
f 426 421 425
f 426 422 421
f 427 422 426
f 428 420 410 411
f 428 424 420
f 411 429 428
f 413 429 411
f 430 426 425
f 431 424 428
f 432 424 431
f 429 431 428
f 432 425 424
f 434 431 429
f 413 434 429
f 435 413 414
f 435 434 413
f 414 436 435
f 415 436 414
f 433 432 431
f 434 433 431
f 434 437 433
f 435 438 434
f 438 437 434
f 416 436 415
f 439 436 416
f 439 435 436
f 439 438 435
f 441 439 416
f 441 416 417
f 443 439 441
f 439 442 438
f 443 441 419
f 444 439 443
f 446 351 422 427
f 446 423 351
f 447 353 423 446
f 447 354 353
f 445 316 354
f 427 426 430
f 430 425 432
f 448 427 430
f 446 427 448
f 430 432 449
f 450 430 449
f 448 430 450
f 451 446 448
f 451 447 446
f 452 354 447 451
f 452 445 354
f 449 432 433
f 437 440 433
f 450 449 453
f 438 442 440 437
f 454 448 450
f 451 448 454
f 455 449 433
f 456 449 455
f 440 455 433
f 453 449 456
f 440 457 455
f 442 458 457 440
f 459 451 454
f 459 452 451
f 460 453 456
f 460 450 453
f 454 450 460
f 444 442 439
f 356 316 445
f 357 355 356
f 356 461 357
f 374 119 462
f 375 374 463
f 374 376 119
f 376 87 119
f 464 377 375
f 378 377 464
f 372 371 378
f 465 374 462
f 463 374 465
f 464 375 463
f 466 372 378
f 119 467 462
f 468 463 465
f 469 464 463 468
f 378 464 469
f 472 373 470
f 119 125 467
f 475 466 378
f 470 466 475
f 472 474 471
f 474 477 473
f 478 378 469
f 475 378 478
f 473 477 476
f 479 470 475
f 472 479 474
f 472 470 479
f 477 480 476
f 483 379 373
f 484 379 483
f 482 487 485
f 484 489 487 482
f 484 483 489
f 486 485 490
f 485 491 490
f 487 492 491 485
f 489 483 373
f 489 492 487
f 494 486 490
f 491 495 493
f 491 493 490
f 496 497 494
f 492 495 491
f 471 495 492
f 472 489 373
f 489 472 471 492
f 499 490 493
f 496 494 490 499
f 495 473 493
f 500 496 499
f 501 498 496
f 498 497 496
f 471 474 473 495
f 503 498 501
f 502 504 503 501
f 473 476 493
f 505 496 500
f 505 501 496
f 505 502 501
f 506 502 505
f 506 504 502
f 508 493 476
f 499 493 508
f 508 500 499
f 509 505 500
f 506 505 509
f 510 504 506
f 511 504 510
f 511 507 504
f 508 476 480
f 512 500 508
f 509 500 512
f 513 506 509
f 515 488 514
f 484 482 488
f 385 484 488
f 385 379 484
f 385 488 515
f 516 385 515
f 516 383 385
f 514 485 486
f 514 486 517
f 514 482 485
f 488 482 514
f 518 515 514 517
f 516 515 518
f 384 383 516
f 520 517 519
f 520 518 517
f 521 516 518 520
f 384 516 521
f 497 486 494
f 522 517 486 497
f 498 522 497
f 522 519 517
f 498 503 522
f 503 519 522
f 503 523 519
f 523 520 519
f 521 520 523
f 507 521 523
f 504 507 503
f 507 523 503
f 524 521 507
f 524 384 521
f 386 384 524
f 524 507 511
f 386 524 525
f 525 524 511
f 527 395 526
f 527 396 395
f 396 527 528
f 397 400 395
f 529 399 396
f 401 391 386
f 530 527 526
f 528 527 530
f 395 531 526
f 529 396 528
f 400 531 395
f 402 531 400
f 532 528 530
f 531 533 526
f 534 528 532
f 534 529 528
f 536 402 401
f 402 536 531
f 531 537 533
f 531 535 537
f 538 401 386
f 536 401 538
f 536 535 531
f 530 526 533
f 539 534 532
f 540 538 386
f 541 532 530
f 539 532 541
f 542 530 533
f 543 536 538
f 536 543 535
f 407 399 529
f 545 529 534
f 407 529 545
f 547 408 407
f 548 408 547
f 548 405 408
f 549 406 405
f 550 544 406 549
f 549 405 548
f 550 553 546
f 552 554 551
f 553 555 552
f 556 407 545
f 547 407 556
f 558 549 548 557
f 558 550 549
f 550 558 553
f 552 555 560 554
f 553 562 555
f 558 562 553
f 562 564 555
f 565 548 547
f 557 548 565
f 558 557 562
f 559 554 566
f 560 566 554
f 567 561 559
f 555 568 560
f 555 564 568
f 567 563 561
f 545 534 539
f 571 547 556
f 565 547 571
f 573 418 406
f 573 419 418
f 574 573 572
f 574 419 573
f 572 575 576
f 575 578 577
f 572 578 575
f 572 579 578
f 579 406 544
f 579 573 406
f 573 579 572
f 584 580 581
f 584 575 580
f 584 581 582
f 584 576 575
f 577 583 580
f 577 580 575
f 577 546 583
f 578 546 577
f 550 546 578
f 550 579 544
f 579 550 578
f 583 551 580
f 583 552 551
f 553 552 583
f 546 553 583
f 586 581 580
f 551 554 580
f 586 582 581
f 587 582 586
f 588 589 586
f 589 587 586
f 585 582 587
f 590 591 587 589
f 591 585 587
f 590 592 591
f 586 580 554 559
f 561 586 559
f 588 586 561
f 593 590 589 588
f 592 590 593
f 594 592 593
f 563 588 561
f 563 593 588
f 570 593 563
f 570 594 593
f 596 592 594
f 597 595 592 596
f 570 563 569
f 598 594 570
f 596 594 598
f 599 443 419
f 600 443 599
f 602 572 576
f 601 602 576
f 603 602 601
f 602 574 572
f 603 574 602
f 604 574 603
f 604 419 574
f 599 419 604
f 576 584 582
f 605 601 576
f 606 603 601 605
f 604 603 606
f 607 599 604
f 608 600 599
f 605 576 582
f 585 605 582
f 591 609 605 585
f 609 606 605
f 610 604 606 609
f 607 604 610
f 610 609 591
f 592 595 591
f 595 610 591
f 607 610 611
f 611 610 595
f 597 611 595
f 607 611 597
f 608 599 607
f 608 607 597
f 612 456 455
f 458 613 457
f 615 442 444
f 442 615 458
f 615 613 458
f 459 454 614
f 457 616 455
f 616 612 455
f 457 618 616
f 613 618 457
f 617 454 460
f 614 454 617
f 600 615 444
f 619 456 612
f 620 460 456
f 617 460 620
f 621 615 600
f 615 618 613
f 622 459 614
f 616 623 612
f 621 600 625
f 626 615 621
f 615 626 624 618
f 612 623 619
f 627 620 456
f 628 617 620
f 629 617 628
f 618 624 616
f 629 614 617
f 626 621 625
f 627 456 619
f 628 620 627
f 616 630 623
f 624 630 616
f 625 600 608
f 631 626 625
f 623 632 619
f 630 632 623
f 624 633 630
f 626 633 624
f 634 627 619 632
f 445 452 459
f 635 445 459
f 636 356 445
f 635 459 622
f 636 445 635
f 636 635 622
f 637 636 622
f 622 614 629
f 638 356 636
f 639 636 637
f 629 628 640
f 638 636 639
f 356 641 461
f 356 642 641
f 477 643 480
f 477 481 643
f 125 123 142
f 474 481 477
f 474 479 481
f 644 462 467
f 645 465 462 644
f 647 465 645
f 480 643 646
f 125 144 644 467
f 647 468 465
f 648 468 647
f 648 469 468
f 144 125 142
f 649 478 469 648
f 650 475 478 649
f 650 479 475
f 479 650 481
f 651 480 646
f 649 648 647
f 481 652 643
f 650 652 481
f 644 151 158
f 654 647 645
f 643 656 653 646
f 144 151 644
f 654 649 647
f 657 649 654
f 657 654 655
f 652 657 655 656
f 652 656 643
f 657 650 649
f 652 650 657
f 659 644 158
f 659 645 644
f 660 645 659
f 658 646 653
f 661 651 646 658
f 151 149 158
f 660 654 645
f 660 655 654
f 653 656 655 660
f 663 158 157
f 663 659 158
f 664 659 663
f 664 660 659
f 665 660 664
f 665 653 660
f 658 653 665
f 662 661 658
f 666 663 157 164
f 667 664 663
f 668 664 667
f 668 665 664
f 669 665 668
f 658 665 669
f 167 666 164
f 670 668 667
f 670 671 668
f 671 669 668
f 672 663 666
f 667 663 672
f 673 658 669
f 674 662 658 673
f 172 666 167
f 675 670 667
f 676 673 669
f 671 670 675
f 676 669 671
f 678 671 675
f 671 679 676
f 678 679 671
f 513 509 512
f 680 506 513
f 681 510 506 680
f 525 510 681
f 525 511 510
f 651 508 480
f 512 508 651
f 682 513 512
f 680 513 682
f 683 512 651
f 682 512 683
f 684 682 683
f 680 682 684
f 685 680 684
f 685 681 680
f 686 681 685
f 686 525 681
f 690 687 688
f 684 683 687
f 690 684 687
f 690 688 689
f 691 690 689
f 685 684 690
f 692 685 690 691
f 692 686 685
f 661 683 651
f 693 683 661
f 687 683 693
f 688 687 693
f 694 688 693
f 689 688 694
f 695 661 662
f 695 693 661
f 696 694 693 695
f 697 696 695
f 698 695 662
f 697 695 698
f 700 697 699
f 700 696 697
f 698 701 697
f 701 699 697
f 699 702 700
f 701 703 699
f 703 702 699
f 703 704 702
f 698 662 674
f 677 698 674
f 701 698 677
f 706 703 701
f 706 707 704 703
f 708 386 525
f 709 525 686
f 708 525 709
f 691 689 710
f 711 691 710
f 692 709 686
f 692 691 711
f 712 692 711
f 712 709 692
f 713 709 712
f 713 708 709
f 710 689 694
f 710 694 714
f 715 710 714
f 711 710 715
f 712 711 715
f 716 714 694
f 716 715 714
f 717 712 715
f 717 713 712
f 700 694 696
f 700 716 694
f 702 718 700
f 718 719 700
f 719 716 700
f 719 715 716
f 702 720 718
f 720 721 719 718
f 704 720 702
f 721 717 715 719
f 722 717 721
f 723 708 713
f 707 720 704
f 707 722 720
f 722 721 720
f 723 717 722
f 723 713 717
f 537 542 533
f 540 386 708
f 543 538 724
f 725 539 541
f 541 530 726
f 542 726 530
f 537 727 542
f 535 728 727 537
f 729 725 541
f 730 540 708
f 732 541 726 731
f 542 733 731 726
f 543 728 535
f 730 708 723
f 734 732 731 733
f 733 542 735
f 727 735 542
f 560 568 566
f 737 567 559
f 569 563 567
f 562 739 564
f 556 545 738
f 571 556 738
f 557 565 739
f 557 739 562
f 741 559 566
f 568 740 566
f 737 559 741
f 569 567 737
f 738 545 539 725
f 742 570 569
f 743 566 740
f 741 566 743
f 568 744 740
f 745 737 741
f 564 744 568
f 745 569 737
f 739 744 564
f 746 571 738
f 748 742 569 745
f 565 571 746
f 565 746 747
f 565 747 739
f 750 741 743
f 729 541 749
f 750 745 741
f 752 745 750
f 729 738 725
f 746 729 753
f 746 738 729
f 747 746 753 751
f 739 747 751 744
f 748 745 752
f 754 748 752
f 754 742 748
f 755 742 754
f 749 541 732
f 757 743 740
f 758 750 743 757
f 751 756 740
f 744 751 740
f 752 750 758
f 759 752 758
f 753 749 756
f 753 729 749
f 751 753 756
f 760 752 759
f 760 754 752
f 761 749 732
f 761 756 749
f 762 756 761
f 762 740 756
f 757 740 762
f 763 758 757
f 763 759 758
f 734 761 732
f 764 762 761
f 765 762 764
f 757 762 765
f 766 763 757
f 769 766 757
f 770 761 734 736
f 764 771 765
f 767 766 769
f 768 766 767
f 770 764 761
f 771 764 770
f 772 770 736
f 770 773 771
f 772 774 770
f 774 773 770
f 775 768 767
f 598 570 777
f 597 596 598
f 777 570 742
f 779 598 778
f 779 597 598
f 780 777 742
f 755 780 742
f 755 754 781
f 755 778 780
f 760 759 782
f 784 760 782
f 783 784 782
f 754 760 784
f 781 754 784
f 763 782 759
f 782 763 785
f 786 763 766
f 786 785 763
f 766 787 786
f 768 787 766
f 788 786 787
f 789 787 768
f 789 790 788 787
f 775 789 768
f 791 790 789
f 776 789 775
f 776 791 789
f 608 597 779
f 792 755 781
f 792 779 778 755
f 793 779 792
f 793 608 779
f 792 784 783
f 794 792 783
f 792 781 784
f 795 792 794
f 795 793 792
f 796 608 793
f 783 782 785
f 798 783 785
f 794 783 798
f 799 794 798
f 799 795 794
f 796 793 795
f 800 799 798
f 801 799 800
f 801 795 799
f 796 795 801
f 788 785 786
f 788 798 785
f 788 800 798
f 790 802 788
f 802 800 788
f 801 800 802
f 803 796 801
f 803 608 796
f 640 628 627
f 632 804 634
f 625 608 797
f 631 625 806
f 626 805 633
f 630 807 632
f 640 627 634
f 633 807 630
f 806 625 797
f 808 626 631
f 626 808 805
f 805 807 633
f 804 632 809
f 807 809 632
f 810 640 634
f 811 629 640
f 812 622 629 811
f 637 622 812
f 813 637 812
f 639 637 813
f 814 811 640 810
f 815 642 356
f 815 816 642
f 672 666 817
f 172 817 666
f 672 675 667
f 172 818 817
f 819 675 672
f 818 172 199
f 819 678 675
f 679 678 820
f 676 821 673
f 676 679 821
f 822 678 819
f 820 678 822
f 823 679 820
f 821 674 673
f 818 206 817
f 825 819 672 824
f 826 819 825
f 206 818 199 203
f 822 819 826
f 823 827 679
f 679 828 821
f 827 828 679
f 829 822 826
f 820 822 829
f 830 823 820
f 823 830 827
f 829 831 820
f 831 830 820
f 828 832 821
f 206 833 817
f 834 830 831
f 834 835 827 830
f 672 817 836
f 833 836 817
f 828 837 832
f 839 826 825
f 827 838 828
f 835 838 827
f 824 672 836
f 838 837 828
f 841 831 829
f 834 831 841
f 829 826 839
f 842 835 834 841
f 835 840 838
f 705 701 677
f 843 701 705
f 843 706 701
f 844 706 843
f 845 706 844
f 846 707 706
f 847 677 674
f 848 677 847
f 848 705 677
f 843 705 848
f 847 674 821
f 850 844 843
f 845 844 850
f 851 847 821
f 848 847 851
f 848 851 852
f 853 843 848
f 850 843 853
f 849 845 850
f 851 821 832
f 852 851 854
f 852 853 848
f 850 853 855
f 856 850 855
f 856 849 850
f 854 851 832
f 855 853 852 858
f 859 855 858
f 856 855 859
f 860 849 856
f 860 857 849
f 858 852 854
f 861 858 854
f 862 858 861
f 838 840 837
f 859 858 862
f 863 859 862
f 856 859 863
f 864 856 863
f 864 860 856
f 864 857 860
f 865 854 832
f 866 854 865
f 837 867 865 832
f 861 854 866
f 840 867 837
f 863 862 861
f 863 861 868
f 869 707 846
f 869 722 707
f 723 722 869
f 723 869 846
f 723 846 849
f 870 723 849 857
f 871 723 870
f 871 730 723
f 872 863 868
f 872 864 863
f 873 864 872
f 873 857 864
f 873 870 857
f 874 734 733
f 874 736 734
f 724 730 876
f 874 733 735
f 877 736 874
f 875 736 877
f 728 878 727
f 879 875 877
f 880 543 724
f 543 880 728
f 727 881 735
f 878 881 727
f 882 724 876
f 880 724 882
f 883 879 877
f 728 884 878
f 880 884 728
f 885 874 735
f 885 877 874
f 881 886 735
f 876 730 887
f 883 877 885
f 889 757 765 888
f 889 769 757
f 771 888 765
f 888 771 773
f 890 769 889
f 890 767 769
f 773 891 888
f 890 775 767
f 774 893 773
f 894 775 890
f 894 776 775
f 889 888 895
f 897 889 896
f 897 890 889
f 892 890 897
f 875 772 736
f 898 774 772 875
f 893 774 898
f 893 891 773
f 892 894 890
f 900 889 895
f 896 889 900
f 888 902 895
f 901 892 897
f 891 902 888
f 903 892 901
f 893 904 891
f 894 892 903
f 895 905 900
f 901 897 896
f 902 905 895
f 906 903 901
f 891 907 902
f 891 904 907
f 893 908 904
f 909 894 903
f 910 903 906
f 911 898 875
f 912 893 898 911
f 908 893 912
f 909 903 910
f 913 896 900
f 901 896 913
f 914 901 913
f 914 906 901
f 902 915 905
f 907 915 902
f 916 879 883
f 914 910 906
f 904 917 907
f 918 875 879 916
f 911 875 918
f 908 917 904
f 919 913 900
f 905 919 900
f 915 920 919 905
f 907 917 915
f 917 920 915
f 920 921 919
f 917 922 920
f 923 908 912
f 908 923 922 917
f 924 791 776
f 791 924 790
f 899 776 894
f 899 924 776
f 909 899 894
f 926 899 909
f 926 925 899
f 927 909 910
f 926 909 927
f 928 926 927
f 929 926 928
f 929 925 926
f 914 913 930
f 931 914 930
f 932 910 914 931
f 927 910 932
f 933 927 932
f 933 928 927
f 934 929 928 933
f 935 930 913 919
f 921 935 919
f 931 930 936
f 932 931 936
f 937 933 932
f 938 933 937
f 938 934 933
f 924 801 802 790
f 803 801 924
f 939 924 899
f 803 924 939
f 940 608 803
f 940 797 608
f 925 939 899
f 925 803 939
f 940 803 925
f 940 925 929
f 941 940 929
f 938 929 934
f 941 929 938
f 634 804 942
f 805 943 807
f 808 631 944
f 945 634 942
f 804 809 942
f 810 634 945
f 944 797 946
f 808 943 805
f 807 947 942 809
f 943 947 807
f 948 808 944
f 808 948 943
f 949 810 945
f 949 814 810
f 952 945 942 951
f 942 953 951
f 947 953 942
f 943 954 947
f 948 954 943
f 954 953 947
f 955 797 940
f 946 797 955
f 948 944 946
f 953 956 951
f 949 945 952
f 954 957 953
f 959 948 946
f 948 959 954
f 961 639 813
f 961 638 639
f 962 811 814
f 962 812 811
f 813 812 962
f 950 814 949
f 963 813 962
f 961 813 963
f 950 962 814
f 638 961 963
f 960 962 950 958
f 963 962 960
f 964 963 960
f 356 638 964
f 966 356 965
f 833 245 836
f 206 245 833
f 967 825 824
f 839 825 967
f 968 829 839
f 841 829 968
f 969 824 836
f 967 824 969
f 245 246 836
f 839 967 969
f 970 969 836
f 246 970 836
f 971 969 970
f 250 972 970 246
f 972 973 971 970
f 973 974 969 971
f 974 839 969
f 975 968 839 974
f 976 841 968
f 977 842 976
f 975 974 973
f 251 978 972 250
f 978 973 972
f 978 975 973
f 979 978 251 253
f 979 975 978
f 976 968 975 979
f 976 979 253
f 256 261 982
f 256 981 257
f 983 256 982
f 983 981 256
f 984 866 865
f 867 985 865
f 985 984 865
f 866 868 861
f 986 985 867
f 840 986 867
f 987 835 842
f 835 987 840
f 988 866 984
f 984 989 988
f 985 989 984
f 986 990 985
f 990 989 985
f 840 991 986
f 991 990 986
f 987 991 840
f 990 993 989
f 994 993 990
f 977 987 842
f 995 987 977
f 987 995 991
f 995 994 990 991
f 996 995 977
f 996 994 995
f 980 977 976
f 997 994 996
f 998 996 977
f 998 997 996
f 868 866 999
f 868 999 1000
f 1001 872 868 1000
f 1001 873 872
f 1002 873 1001
f 1002 870 873
f 871 870 1002
f 887 730 871
f 988 999 866
f 989 992 988
f 1003 1000 999
f 1004 1000 1003
f 1004 1001 1000
f 1005 1002 1001 1004
f 871 1002 1005
f 992 999 988
f 989 993 992
f 992 1003 999
f 993 1006 992
f 1006 1003 992
f 1006 1007 1003
f 1007 1004 1003
f 994 1006 993
f 1005 1004 1007
f 1008 1005 1007
f 1009 871 1005
f 994 1008 1006
f 1008 1007 1006
f 1009 1005 1008
f 887 871 1009
f 997 1008 994
f 1009 1008 997
f 1010 1009 997
f 1010 887 1009
f 981 1010 998
f 881 884 886
f 878 884 881
f 885 735 886
f 1011 883 885
f 1012 886 1013
f 1012 885 886
f 884 1013 886
f 884 1014 1013
f 1015 880 882
f 880 1015 1014 884
f 1016 1012 1013
f 1016 885 1012
f 1013 1017 1016
f 1016 1011 885
f 1018 1017 1013
f 1017 1019 1016
f 1019 1011 1016
f 1014 1018 1013
f 1021 882 876 887
f 1015 882 1021
f 1015 1018 1014
f 1023 1017 1018 1022
f 1017 1023 1019
f 1023 1020 1019
f 1022 1015 1021
f 1015 1022 1018
f 1024 1022 1021
f 1024 1023 1022
f 1025 1023 1024
f 1026 1010 981
f 1026 1021 1010
f 1026 1024 1021
f 1026 1025 1024
f 983 1026 981
f 916 883 1011
f 922 1027 920
f 1028 923 912
f 923 1029 922
f 1029 1027 922
f 1030 916 1011
f 918 916 1030
f 1031 911 918
f 1031 912 911
f 1028 912 1031
f 1032 923 1028
f 1032 1029 923
f 1033 918 1030
f 1031 918 1033
f 1030 1011 1019
f 1020 1030 1019
f 1034 1032 1028
f 1023 1033 1020
f 1033 1030 1020
f 1025 1031 1033
f 1025 1033 1023
f 1035 1028 1031 1025
f 1035 1034 1028
f 1035 1025 1026
f 983 1035 1026
f 1036 1035 983
f 1037 930 935
f 936 930 1037
f 1038 936 1037
f 1039 936 1038
f 1027 921 920
f 937 936 1039
f 937 932 936
f 1040 1037 935
f 921 1042 935
f 1042 1040 935
f 1038 1037 1041
f 1039 1038 1041
f 1027 1043 1042 921
f 1040 1041 1037
f 1042 1044 1040
f 1044 1045 1041 1040
f 1043 1046 1042
f 1046 1044 1042
f 1029 1043 1027
f 1029 1047 1043
f 1048 1045 1044
f 1046 1048 1044
f 1034 1029 1032
f 1034 1047 1029
f 1047 1046 1043
f 1047 1049 1046
f 1049 1048 1046
f 1051 1047 1034 1050
f 1051 1049 1047
f 1052 1049 1051
f 1050 1034 1035
f 1050 1052 1051
f 1053 1052 1050
f 1054 1053 1050 1035
f 1055 1035 1036
f 1055 1054 1035
f 1056 937 1039
f 1057 938 937 1056
f 1057 941 938
f 1058 940 941
f 1060 1056 1039 1059
f 1060 1057 1056
f 1061 1057 1060
f 1061 941 1057
f 1058 941 1061
f 1062 1039 1041
f 1045 1062 1041
f 1045 1059 1039 1062
f 1063 1059 1045
f 1063 1060 1059
f 1061 1060 1063
f 1048 1063 1045
f 1064 1063 1048
f 1049 1064 1048
f 1064 1061 1063
f 1058 1061 1064
f 1065 940 1058
f 1052 1064 1049
f 1058 1064 1052
f 1065 1058 1067
f 1072 1071 1070
f 1067 1058 1052 1053
f 1073 1065 1067
f 1073 1072 1066
f 1073 1068 1065
f 1068 1073 1066
f 1069 1071 1074
f 1070 1071 1069
f 1072 1075 1071
f 1054 1067 1053
f 1073 1067 1054
f 1073 1075 1072
f 1077 1074 1076
f 1071 1078 1076
f 1071 1076 1074
f 1071 1081 1078
f 1075 1082 1080 1081
f 1075 1081 1071
f 1083 1055 1082
f 1083 1054 1055
f 1083 1082 1075
f 1083 1073 1054
f 1073 1083 1075
f 953 957 956
f 1084 950 949
f 957 954 1085
f 958 950 1084
f 959 1085 954
f 952 951 956
f 1087 949 952
f 1084 949 1087
f 959 946 955
f 1088 952 956
f 956 957 1086
f 1087 952 1088
f 957 1089 1086
f 1085 1089 957
f 1085 1090 1089
f 959 1068 1090 1085
f 959 955 1068
f 1091 960 958
f 1088 956 1086
f 1092 1087 1088
f 1090 1066 1089
f 1093 1084 1087
f 1093 958 1084
f 1068 955 1065
f 1068 1066 1090
f 1091 958 1093
f 1094 960 1091
f 1088 1086 1095
f 1086 1069 1074
f 1096 1092 1088 1095
f 1070 1069 1086
f 1089 1070 1086
f 1093 1087 1092
f 1066 1070 1089
f 1095 1086 1074
f 1096 1093 1092
f 1066 1072 1070
f 1097 1093 1096
f 1077 1095 1074
f 1096 1095 1077
f 1097 1096 1098
f 1099 1091 1093 1097
f 1094 1091 1099
f 1079 1096 1077
f 1098 1096 1079
f 1101 1094 1099
f 1102 1094 1101
f 964 960 1103
f 1102 356 964
f 965 356 1102
f 1103 960 1094
f 1102 964 1103
f 1102 1103 1094
f 1105 356 966
f 1106 356 1105
f 815 356 1106
f 1108 281 280 1107
f 982 261 281 1108
f 1109 279 283
f 1109 280 279
f 1109 1107 280
f 1110 283 282
f 285 1110 282
f 285 1112 1111 1110
f 286 1113 285
f 1113 1112 285
f 287 1114 1113 286
f 289 1114 287
f 1115 1114 289
f 1116 1115 289 290
f 1117 290 277
f 1117 1116 290
f 1109 283 1118
f 1110 1118 283
f 1111 1118 1110
f 982 1108 1119
f 1120 982 1119
f 1112 1121 1111
f 1113 1123 1112
f 1123 1122 1112
f 1114 1123 1113
f 1124 1108 1107
f 1119 1108 1124
f 1120 983 982
f 1125 1118 1111
f 1121 1125 1111
f 1122 1121 1112
f 1126 1123 1114
f 1115 1126 1114
f 1115 1127 1126
f 1128 1115 1116
f 1128 1127 1115
f 1117 1128 1116
f 1120 1036 983
f 1124 1109 1118
f 1124 1107 1109
f 1124 1118 1129
f 1125 1129 1118
f 267 1117 277
f 267 1128 1117
f 267 1131 1128
f 1133 1119 1124 1132
f 1082 1133 1132
f 1133 1120 1119
f 1055 1133 1082
f 1055 1120 1133
f 1055 1036 1120
f 1132 1124 1129
f 1135 1134 1129 1125
f 1121 1136 1125
f 1136 1135 1125
f 1136 1137 1135
f 1136 1121 1122
f 1130 1136 1122
f 1130 1137 1136
f 1123 1138 1130 1122
f 1138 1137 1130
f 1138 1139 1137
f 1138 1123 1126
f 1127 1138 1126
f 1127 1141 1138
f 1141 1140 1139 1138
f 1128 1141 1127
f 1131 1141 1128
f 1142 1141 1131
f 1077 1076 1143
f 1078 1144 1076
f 1145 1077 1143
f 1145 1079 1077
f 1080 1132 1144
f 1080 1144 1078
f 1081 1080 1078
f 1082 1132 1080
f 1143 1076 1134
f 1144 1129 1134
f 1144 1132 1129
f 1144 1134 1076
f 1146 1145 1143
f 1148 1100 1147
f 1100 1145 1147
f 1149 1100 1148
f 1135 1143 1134
f 1146 1143 1135
f 1137 1147 1135
f 1147 1146 1135
f 1146 1147 1145
f 1137 1139 1147
f 1139 1148 1147
f 1139 1150 1148
f 1150 1149 1148
f 1151 1149 1150
f 1140 1150 1139
f 1152 1150 1140
f 1152 1151 1150
f 1153 1140 1141
f 1142 1152 1140 1153
f 1142 1153 1141
f 1154 1152 1142
f 1145 1098 1079
f 1100 1098 1145
f 1100 1097 1098
f 1149 1099 1097 1100
f 1101 1099 1149
f 1101 1149 1151
f 1102 1101 1154
f 1154 1151 1152
f 1156 815 1106
f 1157 815 1156
f 1160 1159 1158
f 1160 1158 1161
f 1162 1160 1161
f 1162 1161 1163
f 301 296 293
f 301 1164 296
f 301 1162 1163
f 301 1163 1164
f 1166 1160 1162
f 1165 1160 1166
f 1167 1165 1166
f 1166 1162 301
f 1168 1167 1166
f 1169 1168 1166
f 1170 1169 1166
f 1171 1169 1170
f 1173 1166 1172
f 1172 1166 301
f 1174 1166 1173
f 1174 1170 1166
f 1171 1170 1174
f 1175 1172 301
f 1176 1175 301
f 1177 1176 301
f 1179 1178 301
f 1180 301 1178
f 1177 301 1180
f 1181 301 325
f 1182 301 1181
f 1183 301 1182
f 1184 1179 301
f 1185 301 1183
f 1184 301 1185
f 1186 1184 1185
f 1185 1183 1188
f 1189 1186 1185
f 1189 1185 815
f 815 1185 1187
f 815 1187 816
f 1190 1189 815
f 1191 1190 815
f 1192 1191 815
f 1195 1194 1193
f 1196 1192 815
f 815 1197 1196
f 815 1198 1197
f 1200 1198 815
f 1200 1199 1198
f 1195 1201 1202
f 1195 1193 1201
f 1195 1204 1194
f 1195 1205 1204
f 1210 1214 1213
f 1210 1213 1212
f 1215 1214 1210
f 1211 1215 1210
f 1218 1213 1217
f 1218 1212 1213
f 1215 1219 1214
f 1213 1220 1217
f 1213 1221 1220
f 1214 1221 1213
f 1214 1207 1221
f 1219 1207 1214
f 1221 1207 1209
f 1219 1208 1207
f 1224 1216 1223
f 1222 1216 1224
f 1225 1217 1220
f 1217 1225 1223 1216
f 1220 1209 1225
f 1221 1209 1220
f 1211 1210 1212
f 1226 1211 1212
f 1227 1211 1226
f 1228 1212 1218
f 1226 1212 1228
f 1229 1226 1228
f 1229 1227 1226
f 1218 1216 1230
f 1218 1217 1216
f 1228 1218 1230
f 1231 1228 1230
f 1229 1228 1231
f 1231 1230 1233
f 1235 1229 1231
f 1235 1232 1229
f 1236 1232 1235
f 1237 1230 1216 1222
f 1237 1233 1230
f 1234 1231 1233
f 1235 1231 1234
f 1238 1233 1237
f 1234 1233 1238
f 1239 1235 1234
f 1240 1236 1235
f 1242 1244 1241
f 1243 1241 1246
f 1250 1249 1215
f 1211 1250 1215
f 1250 1251 1249
f 1252 1251 1250
f 1249 1219 1215
f 1252 1253 1251
f 1249 1247 1219
f 1254 1247 1249
f 1251 1254 1249
f 1253 1255 1254 1251
f 1257 1256 1253
f 1219 1247 1208
f 1253 1256 1255
f 1257 1258 1256
f 1248 1247 1254
f 1255 1259 1248 1254
f 1258 1260 1256
f 1258 1261 1260
f 1262 1211 1227
f 1262 1250 1211
f 1263 1227 1229
f 1264 1262 1227
f 1263 1264 1227
f 1262 1252 1250
f 1265 1252 1262
f 1264 1265 1262
f 1232 1263 1229
f 1266 1264 1263
f 1257 1253 1252 1265
f 1267 1257 1265 1264
f 1266 1267 1264
f 1268 1263 1232
f 1266 1263 1268
f 1268 1232 1236
f 1269 1266 1268
f 1266 1271 1267
f 1271 1266 1269
f 1257 1261 1258
f 1267 1271 1261 1257
f 1270 1236 1240
f 1270 1268 1236
f 1269 1268 1270
f 1271 1272 1261
f 1242 1276 1244
f 1273 1276 1242
f 1275 1277 1274
f 1278 1281 1282
f 1278 1279 1281
f 1282 1281 1280
f 1207 1278 1282 1209
f 1209 1284 1225
f 1209 1282 1284
f 1208 1285 1278 1207
f 1223 1225 1284
f 1223 1284 1287
f 1288 1286 1223
f 1288 1223 1289
f 1287 1289 1223
f 1284 1280 1287
f 1284 1282 1280
f 1285 1279 1278
f 1287 1283 1289
f 1280 1283 1287
f 1290 1288 1289
f 7 1288 1290
f 1 1288 7
f 3 1222 1224
f 3 1224 1223 1286
f 1 3 1286 1288
f 1237 1222 3
f 1240 1235 1239
f 1237 3 2
f 1292 1234 1238
f 1293 1234 1292
f 1293 1239 1234
f 1292 1238 1237 1294
f 1295 1240 1239
f 1294 1237 2
f 1295 1239 1296
f 1297 1292 1294
f 1298 1293 1292
f 1299 1293 1298
f 1299 1239 1293
f 1296 1239 1299
f 1294 2 1291
f 1298 1292 1297
f 1300 1295 1296
f 1300 1296 1299
f 1306 1305 1302
f 1306 1302 1303
f 1303 1307 1306
f 1301 1307 1303
f 1302 1305 1304
f 1276 1309 1301
f 1305 1311 1304
f 1309 1307 1301
f 1244 1303 1241
f 1246 1304 1312
f 1246 1312 1245
f 1246 1302 1304
f 1302 1241 1303
f 1241 1302 1246
f 1244 1301 1303
f 1244 1276 1301
f 1314 1312 1308
f 1314 1313 1312
f 1304 1308 1312
f 1314 1308 1315
f 6 1314 1315
f 1314 6 4
f 1315 1308 1310
f 1317 1318 1316
f 1247 1317 1208
f 1248 1321 1247
f 1317 1285 1208
f 1323 1321 1248
f 1259 1323 1248
f 1322 1323 1259
f 1321 1317 1247
f 1322 1324 1323
f 1322 1325 1324
f 1325 1326 1324
f 1317 1316 1279 1285
f 1323 1319 1321
f 1321 1318 1317
f 1319 1318 1321
f 1323 1320 1319
f 1324 1320 1323
f 1324 1328 1320
f 1326 1328 1324
f 1255 1322 1259
f 1256 1322 1255
f 1261 1329 1260
f 1256 1325 1322
f 1260 1325 1256
f 1260 1327 1326 1325
f 1329 1331 1327 1260
f 1330 1331 1329
f 1270 1240 1332
f 1333 1269 1270
f 1269 1333 1271
f 1261 1272 1329
f 1333 1334 1271
f 1272 1330 1329
f 1335 1271 1334
f 1271 1335 1272
f 1332 1240 1295
f 1336 1333 1270
f 1337 1332 1295
f 1336 1270 1332 1337
f 1272 1338 1330
f 1272 1335 1338
f 1336 1339 1333
f 1334 1333 1339
f 1337 1295 1300
f 1340 1334 1339
f 1335 1340 1338
f 1335 1334 1340
f 1341 1336 1337
f 1339 1336 1341
f 1342 1345 1276
f 1343 1345 1342
f 1344 1347 1343
f 1346 1347 1344
f 1343 1349 1345
f 1347 1349 1343
f 1346 1350 1347
f 1348 1350 1346
f 1345 1309 1276
f 1273 1342 1276
f 1274 1342 1273
f 1277 1344 1342 1274
f 1277 1352 1344
f 1344 1352 1346
f 1348 1346 1352
f 1344 1343 1342
f 1352 1354 1348
f 1353 1354 1352
f 1354 1353 1351 1348
f 1358 1356 1357
f 1357 1361 1359
f 1356 1361 1357
f 1279 1357 1281
f 1316 1358 1279
f 1281 1357 1359 1280
f 1279 1358 1357
f 1283 1360 1363 1362
f 1280 1359 1360
f 1280 1360 1283
f 1290 1362 1363
f 1290 1289 1362
f 1283 1362 1289
f 1291 2 8
f 1364 1294 1291
f 1297 1294 1364
f 1365 1298 1297
f 1365 1299 1298
f 1367 1299 1365
f 1300 1299 1367
f 1365 1297 1369
f 1372 1365 1370
f 1372 1367 1365
f 1368 1373 1366
f 1307 1368 1366
f 1374 1367 1372
f 1375 1374 1372 1373
f 1368 1375 1373
f 1369 1297 1364
f 1370 1365 1369
f 1376 1372 1370
f 1366 1377 1371
f 1373 1376 1377
f 1373 1372 1376
f 1366 1373 1377
f 8 1364 1291
f 1378 1370 1369
f 1378 1376 1370
f 1379 1377 1376 1378
f 1371 1377 1379
f 1378 1369 1364 8
f 1380 1379 1378
f 9 1378 8
f 1380 1378 9
f 9 1381 1380
f 1308 1311 1371
f 1308 1304 1311
f 1311 1305 1306
f 1306 1366 1311
f 1307 1366 1306
f 1309 1368 1307
f 1310 1308 1371
f 1311 1366 1371
f 1381 1371 1379
f 1381 1310 1371
f 10 1310 1381
f 10 1315 1310
f 1315 10 6
f 1381 1379 1380
f 10 1381 9
f 1382 1383 1358
f 1319 1386 1318
f 1320 1386 1319
f 1316 1382 1358
f 1386 1387 1318
f 1318 1387 1382 1316
f 1320 1389 1386
f 1387 1383 1382
f 1386 1384 1387
f 1328 1389 1320
f 1384 1383 1387
f 1389 1384 1386
f 1389 1385 1384
f 1328 1326 1388
f 1326 1327 1388
f 1327 1390 1388
f 1327 1331 1390
f 1330 1391 1331
f 1392 1337 1300 1367
f 1341 1337 1392
f 1341 1340 1339
f 1374 1392 1367
f 1393 1375 1368
f 1309 1393 1368
f 1392 1396 1395
f 1396 1392 1374
f 1397 1396 1374 1375
f 1394 1397 1375 1393
f 1395 1341 1392
f 1399 1398 1394
f 1338 1391 1330
f 1340 1391 1338
f 1400 1340 1341
f 1397 1401 1396
f 1394 1398 1397
f 1396 1401 1395
f 1398 1401 1397
f 1395 1401 1400 1341
f 1400 1391 1340
f 1401 1402 1400
f 1399 1404 1403 1398
f 1398 1403 1401
f 1400 1405 1391
f 1402 1405 1400
f 1402 1401 1403
f 1404 1406 1403
f 1405 1331 1391
f 1402 1407 1405
f 1403 1407 1402
f 1406 1407 1403
f 1405 1408 1331
f 1407 1408 1405
f 1406 1408 1407
f 1345 1393 1309
f 1394 1393 1345
f 1349 1394 1345
f 1347 1394 1349
f 1348 1404 1350
f 1348 1409 1404
f 1351 1410 1409 1348
f 1347 1399 1394
f 1347 1350 1399
f 1350 1404 1399
f 1409 1406 1404
f 1409 1410 1406
f 1410 1408 1406
f 1410 1411 1408
f 1351 1355 1410
f 1353 1355 1351
f 1355 1411 1410
f 1359 1416 1360
f 1360 1416 1417 1363
f 1359 1361 1416
f 1358 1412 1418 1356
f 1358 1413 1412
f 1419 1363 1417
f 1356 1418 1361
f 1361 1418 1416
f 1417 1416 1420
f 1418 1414 1416
f 11 1419 1417
f 1416 1414 1420
f 11 1417 1421
f 1414 1422 1420
f 1418 1415 1414
f 1412 1415 1418
f 1290 1363 1419
f 7 1290 1419
f 11 7 1419
f 1384 1426 1383
f 1383 1413 1358
f 1384 1385 1426
f 1383 1423 1413
f 1426 1423 1383
f 1426 1425 1423
f 1385 1429 1425 1426
f 1389 1430 1429 1385
f 1427 1431 1389
f 1431 1430 1389
f 1427 1428 1431
f 1425 1424 1423
f 1328 1388 1427 1389
f 1388 1390 1427
f 1390 1428 1427
f 1390 1432 1428
f 1390 1331 1432
f 1408 1411 1331
f 1413 1433 1412
f 1414 1434 1422
f 1415 1434 1414
f 1412 1433 1415
f 1422 1434 1420
f 1434 1436 1420
f 1420 1436 1435
f 1434 1438 1436
f 1415 1438 1434
f 1433 1438 1415
f 1435 1436 1439
f 1433 1440 1438
f 1421 1417 1435
f 1420 1435 1417
f 1421 1435 1437
f 13 1421 1437
f 13 11 1421
f 1423 1442 1413
f 1424 1442 1423
f 1429 1443 1425
f 1413 1442 1433
f 1443 1424 1425
f 1430 1443 1429
f 1424 1445 1442
f 1430 1444 1443
f 1443 1445 1424
f 1442 1447 1440 1433
f 1431 1444 1430
f 1428 1432 1446 1431
f 1431 1446 1444
f 1440 1447 1450
f 1447 1454 1450
f 1451 1455 1452
f 1452 1455 1453
f 1438 1441 1436
f 1438 1450 1441
f 1440 1450 1438
f 13 1437 1457
f 1441 1452 1436
f 1457 1437 1435
f 1436 1452 1439
f 1450 1451 1441
f 1452 1441 1451
f 1457 1435 1453
f 13 1457 14
f 1439 1453 1435
f 1457 1453 1458
f 1439 1452 1453
f 1458 1453 1456
f 14 1457 1458
f 1448 1459 1447
f 1448 1460 1459
f 1447 1459 1454
f 1460 1462 1459
f 1445 1448 1447 1442
f 1443 1464 1448 1445
f 1432 1465 1446
f 1444 1464 1443
f 1444 1463 1464
f 1444 1446 1463
f 1464 1460 1448
f 1446 1465 1466
f 1463 1461 1460 1464
f 1446 1466 1463
f 1432 1331 1465
f 1331 1467 1465
f 1411 1449 1331
f 1411 1468 1469
f 1468 1470 1469
f 1468 1471 1470
f 1471 1473 1470
f 1472 1474 1473 1471
f 1476 1475 1473
f 1474 1476 1473
f 1477 1476 1474
f 1478 1476 1477
f 1479 1478 1477
f 1451 1481 1455
f 1450 1481 1451
f 1450 1454 1481
f 1455 1482 1453
f 1481 1482 1455
f 1453 1482 1456
f 14 1480 1483
f 1456 1482 1484
f 1482 1485 1484
f 1483 1480 1456
f 1456 1484 1487
f 1481 1488 1485 1482
f 1483 1456 1487
f 1481 1489 1488
f 1454 1489 1481
f 1486 1489 1454
f 1458 1456 1480
f 14 1458 1480
f 67 61 66
f 1459 1490 1454
f 1491 1490 1459
f 1462 1491 1459
f 1460 1492 1491 1462
f 1461 1493 1492 1460
f 1463 1493 1461
f 1466 1493 1463
f 1491 1494 1490
f 1493 1495 1492
f 1490 1486 1454
f 1492 1494 1491
f 1466 1496 1493
f 1466 1465 1496
f 1493 1497 1495
f 1490 1498 1486
f 1494 1498 1490
f 1492 1499 1494
f 1493 1496 1497
f 1494 1500 1498
f 1499 1500 1494
f 1495 1499 1492
f 1411 1469 1449
f 1469 1502 1501
f 1469 1501 1449
f 1503 1501 1502
f 1504 1505 1501
f 1503 1504 1501
f 1469 1470 1506
f 1507 1506 1470
f 1506 1508 1502
f 1506 1502 1469
f 1508 1503 1502
f 1509 1510 1511
f 1513 1510 1512
f 1510 1513 1511
f 1473 1507 1470
f 1514 1517 1516
f 1516 1518 1515
f 1516 1517 1518
f 1517 1519 1518
f 1517 1520 1519
f 1515 1510 1509
f 1518 1510 1515
f 1518 1512 1510
f 1518 1519 1512
f 1519 1522 1521
f 1520 1522 1519
f 1520 1523 1522
f 1524 1504 1503
f 1524 1525 1504
f 1528 1506 1507
f 1475 1528 1507
f 1527 1529 1528
f 1475 1527 1528
f 1530 1529 1527
f 1531 1530 1527
f 1528 1532 1508 1506
f 1529 1532 1528
f 1531 1533 1530
f 1532 1534 1508
f 1529 1537 1532
f 1538 1537 1529
f 1530 1538 1529
f 1531 1539 1533
f 1533 1538 1530
f 1534 1503 1508
f 1541 1536 1535 1540
f 1537 1534 1532
f 1542 1536 1541
f 1542 1539 1536
f 1538 1533 1542
f 1533 1539 1542
f 1534 1524 1503
f 1511 1540 1509
f 1537 1543 1534
f 1538 1545 1537
f 1538 1542 1544
f 1543 1524 1534
f 1541 1540 1511
f 1545 1526 1543
f 1537 1545 1543
f 1544 1542 1546
f 1542 1541 1546
f 1538 1544 1545
f 1546 1541 1511 1547
f 1543 1526 1524
f 1548 1526 1545
f 1544 1548 1545
f 1475 1507 1473
f 1478 1475 1476
f 1549 1527 1475
f 1549 1475 1478
f 1550 1549 1478
f 1550 1478 1479
f 1549 1531 1527
f 1549 1551 1531
f 1549 1552 1551
f 1550 1552 1549
f 1550 1553 1552
f 1554 1555 1514
f 1557 1554 1535
f 1554 1558 1555
f 1557 1558 1554
f 1551 1557 1556
f 1552 1557 1551
f 1553 1557 1552
f 1515 1554 1516
f 1554 1514 1516
f 1535 1554 1515
f 1556 1557 1535
f 1536 1556 1535
f 1539 1556 1536
f 1551 1539 1531
f 1539 1551 1556
f 1540 1515 1509
f 1515 1540 1535
f 1560 1562 1561
f 1560 1563 1562
f 1489 1564 1488
f 1489 1486 1564
f 1488 1484 1485
f 1484 1565 1487
f 1488 1566 1484
f 1488 1561 1566
f 1564 1561 1488
f 1486 1560 1564
f 89 1487 1565
f 89 1483 1487
f 89 14 1483
f 1484 1566 1565
f 1561 1564 1560
f 1567 15 89
f 1561 1562 1566
f 1568 89 1565
f 1569 89 1568
f 1569 1567 89
f 1565 1566 1570
f 1562 1570 1566
f 1572 1565 1570
f 1565 1572 1568
f 1568 1573 1569
f 1573 1571 1569
f 1574 1572 1570
f 1562 1574 1570
f 1562 1575 1574
f 1563 1575 1562
f 1573 1568 1572
f 1577 1573 1572
f 1577 1578 1573
f 1578 1576 1573
f 1574 1579 1572
f 1579 1577 1572
f 1575 1579 1574
f 1575 1580 1579
f 1581 15 1567
f 1582 1581 1567
f 1571 1567 1569
f 1582 1567 1571
f 1583 1582 1571
f 1584 1582 1583
f 1585 1584 1583
f 1573 1583 1571
f 1576 1585 1583
f 1576 1586 1585
f 1587 1586 1576
f 1588 1586 1587
f 1588 1589 1586
f 1576 1583 1573
f 1578 1590 1576
f 1590 1587 1576
f 1588 1587 1590
f 1581 90 15
f 1591 90 1581
f 1592 1591 1581
f 1593 1591 1592
f 1592 1581 1582
f 1594 1593 1592
f 1596 1593 1594
f 1584 1592 1582
f 1597 1594 1592 1595
f 1597 1596 1594
f 1584 1595 1592
f 1586 1598 1584 1585
f 1598 1599 1595 1584
f 1599 1600 1597 1595
f 1601 1596 1597
f 1586 1602 1598
f 1602 1599 1598
f 1589 1602 1586
f 1602 1603 1599
f 1603 1604 1600 1599
f 1600 1605 1601 1597
f 1600 1606 1605
f 1606 1600 1604
f 90 1591 1593
f 1607 90 1593
f 1607 1593 1596
f 91 90 1607
f 1608 1607 1596
f 1609 1610 1560
f 1610 1563 1560
f 1500 1609 1498
f 1499 1495 1500
f 1497 1612 1495
f 1498 1609 1560 1486
f 1495 1611 1500
f 1497 1614 1612
f 1496 1614 1497
f 1465 1615 1496
f 1613 1615 1465
f 1500 1610 1609
f 1611 1610 1500
f 1495 1612 1611
f 1496 1615 1614
f 1611 1616 1610
f 1612 1616 1611
f 1610 1617 1563
f 1616 1617 1610
f 1614 1618 1616 1612
f 1615 1619 1618 1614
f 1617 1620 1563
f 1616 1621 1617
f 1618 1621 1616
f 1619 1622 1618
f 1563 1620 1575
f 1620 1580 1575
f 1617 1621 1620
f 1621 1624 1620
f 1621 1626 1624
f 1626 1623 1625
f 1621 1623 1626
f 1618 1623 1621
f 1622 1623 1618
f 1613 1627 1615
f 1627 1629 1628
f 1627 1628 1615
f 1629 1631 1630
f 1630 1631 1633
f 1631 1632 1633
f 1628 1622 1619 1615
f 1629 1622 1628
f 1622 1629 1630
f 1634 1632 1589
f 1635 1632 1634
f 1633 1632 1635
f 1630 1633 1623
f 1622 1630 1623
f 1634 1589 1588
f 1625 1635 1634
f 1623 1635 1625
f 1633 1635 1623
f 1467 1613 1465
f 1467 1636 1613
f 1613 1636 1627
f 1636 1629 1627
f 1636 1637 1629
f 1629 1638 1631
f 1637 1638 1629
f 1636 1639 1637
f 1632 1641 1640
f 1631 1641 1632
f 1631 1638 1641
f 1638 1643 1642 1641
f 1639 1643 1638 1637
f 1589 1640 1602
f 1640 1603 1602
f 1632 1640 1589
f 1640 1641 1603
f 1641 1642 1604 1603
f 1643 1645 1642
f 1639 1645 1643
f 1604 1646 1606
f 1642 1646 1604
f 1642 1645 1646
f 1467 1648 1636
f 1331 1648 1467
f 1648 1649 1636
f 1649 1639 1636
f 1649 1644 1639
f 1648 1650 1649
f 1644 1645 1639
f 1644 1647 1645
f 1650 1644 1649
f 1504 1651 1505
f 1501 1652 1449
f 1505 1652 1501
f 1505 1653 1652
f 1651 1654 1653 1505
f 1512 1656 1655
f 1512 1655 1513
f 1655 1658 1513
f 1657 1658 1659
f 1513 1658 1657
f 1655 1660 1658
f 1658 1661 1659
f 1658 1662 1661
f 1519 1656 1512
f 1521 1656 1519
f 1523 1663 1522
f 1522 1664 1521
f 1663 1664 1522
f 1663 1665 1664
f 1526 1666 1525 1524
f 1525 1651 1504
f 1526 1667 1666
f 1525 1668 1651
f 1666 1668 1525
f 1666 1670 1669
f 1667 1671 1670 1666
f 1667 1672 1671
f 1668 1654 1651
f 1666 1669 1668
f 1669 1673 1668
f 1668 1674 1654
f 1673 1674 1668
f 1547 1513 1657
f 1547 1511 1513
f 1544 1675 1676
f 1675 1544 1546
f 1548 1544 1676
f 1677 1547 1657
f 1677 1546 1547
f 1675 1546 1677
f 1548 1667 1526
f 1667 1548 1676
f 1659 1677 1657
f 1676 1675 1677
f 1678 1676 1677
f 1672 1676 1678
f 1672 1667 1676
f 1672 1679 1671
f 1679 1672 1678
f 1680 1659 1661
f 1677 1680 1678
f 1680 1677 1659
f 1679 1678 1680
f 1559 1663 1523
f 1559 1681 1663
f 1559 1682 1681
f 1681 1665 1663
f 1682 1683 1681
f 1683 1684 1681
f 1579 1685 1577
f 1685 1686 1577
f 1686 1578 1577
f 1686 1590 1578
f 1687 1590 1686
f 1580 1685 1579
f 1685 1688 1686
f 1688 1687 1686
f 1687 1588 1590
f 1605 1689 1601
f 1606 1690 1605
f 1605 1691 1689
f 1690 1691 1605
f 1690 1692 1691
f 1689 1694 1693
f 1691 1694 1689
f 1692 1695 1691
f 1691 1696 1694
f 1695 1696 1691
f 1695 1699 1698
f 1695 1698 1696
f 1689 1596 1601
f 1596 1689 1608
f 1700 1607 1608
f 91 1607 1700
f 1693 1608 1689
f 1701 1700 1608
f 126 91 1700 1701
f 1701 1608 1697
f 1693 1697 1608
f 117 113 135
f 1580 1702 1685
f 1702 1688 1685
f 1688 1703 1687
f 1624 1580 1620
f 1624 1702 1580
f 1702 1703 1688
f 1624 1626 1702
f 1626 1625 1703 1702
f 1703 1634 1687
f 1634 1588 1687
f 1625 1634 1703
f 1646 1690 1606
f 1646 1704 1690
f 1645 1704 1646
f 1645 1647 1704
f 1704 1705 1692 1690
f 1647 1706 1705 1704
f 1706 1707 1705
f 1692 1708 1695
f 1705 1708 1692
f 1705 1707 1708
f 1708 1699 1695
f 1644 1710 1647
f 1650 1711 1710 1644
f 1650 1712 1711
f 1648 1712 1650
f 1710 1706 1647
f 1710 1709 1706
f 1711 1709 1710
f 1712 1713 1711
f 1648 1331 1712
f 1449 1716 1331
f 1652 1716 1449
f 1653 1717 1652
f 1654 1718 1653
f 1716 1715 1331
f 1718 1717 1653
f 1662 1658 1660
f 1655 1720 1660
f 1656 1719 1720 1655
f 1721 1722 1719
f 1719 1722 1720
f 1662 1723 1661
f 1722 1725 1720
f 1725 1724 1720
f 1521 1726 1719 1656
f 1664 1726 1521
f 1665 1726 1664
f 1726 1721 1719
f 1727 1721 1726
f 1726 1728 1727
f 1665 1728 1726
f 1727 1729 1721
f 1729 1730 1722 1721
f 1730 1731 1722
f 1731 1732 1725 1722
f 1670 1673 1669
f 1671 1736 1670
f 1670 1737 1673
f 1736 1737 1670
f 1737 1738 1673
f 1737 1736 1739
f 1674 1718 1654
f 1674 1740 1718
f 1673 1740 1674
f 1673 1741 1740
f 1738 1741 1673
f 1737 1742 1738
f 1742 1737 1739
f 1743 1680 1661
f 1679 1736 1671
f 1679 1744 1736
f 1744 1679 1680
f 1744 1739 1736
f 1744 1680 1743
f 1743 1661 1723
f 1745 1743 1723
f 1684 1665 1681
f 1665 1746 1728
f 1727 1747 1729
f 1727 1748 1747
f 1749 1727 1728
f 1749 1748 1727
f 1750 1749 1728
f 1746 1750 1728
f 1747 1730 1729
f 1751 1730 1747
f 1752 1751 1747
f 1748 1752 1747
f 1749 1752 1748
f 1753 1752 1749
f 1750 1753 1749
f 1754 1753 1750
f 1730 1755 1731
f 1751 1755 1730
f 1751 1756 1755
f 1752 1756 1751
f 1753 1756 1752
f 1753 1754 1756
f 1755 1732 1731
f 1760 1759 1758
f 1755 1758 1732
f 1760 1761 1759
f 1755 1763 1758
f 1756 1763 1755
f 1763 1760 1758
f 1763 1762 1760
f 1754 1762 1763 1756
f 1762 1761 1760
f 1757 1764 1762 1754
f 1758 1733 1732
f 1758 1759 1734 1733
f 1759 1735 1734
f 1759 1761 1735
f 1761 1765 1735
f 1762 1765 1761
f 1697 1693 1766
f 1694 1766 1693
f 1697 1766 1767
f 1696 1768 1766 1694
f 1698 1768 1696
f 1769 1697 1767
f 1766 1770 1767
f 1769 1767 1771
f 1768 1773 1766
f 1698 1774 1768
f 1772 1774 1698
f 1698 1775 1772
f 126 1769 1771
f 1766 1773 1770
f 126 1701 1769
f 1769 1701 1697
f 1777 177 176 1776
f 1778 1777 1776
f 1780 177 1777
f 1781 177 1780
f 178 177 1781
f 1782 1777 1778
f 1782 1780 1777
f 1779 1782 1778
f 210 187 129
f 1706 1783 1707
f 1709 1784 1706
f 1708 1785 1699
f 1707 1785 1708
f 1707 1783 1785
f 1706 1784 1783
f 1785 1787 1699
f 1784 1788 1783
f 1709 1789 1784
f 1699 1775 1698
f 1709 1786 1789
f 1787 1775 1699
f 1711 1713 1786 1709
f 1714 1790 1712
f 1714 1712 1331
f 1714 1791 1790
f 1714 1792 1791
f 1793 1792 1794
f 1792 1793 1791
f 1331 1715 1714
f 1715 1795 1714
f 1714 1795 1792
f 1715 1796 1795
f 1792 1797 1794
f 1795 1797 1792
f 1795 1796 1797
f 1717 1716 1652
f 1718 1798 1717
f 1798 1799 1717
f 1717 1799 1716
f 1716 1796 1715
f 1725 1801 1724
f 1662 1802 1723
f 1802 1662 1660
f 1660 1804 1803
f 1720 1804 1660
f 1802 1660 1803
f 1724 1804 1720
f 1802 1805 1723
f 1803 1805 1802
f 1732 1801 1725
f 1733 1801 1732
f 1801 1734 1806
f 1734 1801 1733
f 1735 1806 1734
f 1735 1807 1806
f 1806 1724 1801
f 1807 1809 1808 1806
f 1740 1810 1718
f 1740 1741 1810
f 1742 1741 1738
f 1742 1739 1811
f 1742 1812 1741
f 1811 1812 1742
f 1718 1813 1798
f 1810 1813 1718
f 1741 1812 1810
f 1811 1814 1812
f 1812 1816 1813 1810
f 1814 1816 1812
f 1813 1800 1798
f 1814 1817 1816
f 1815 1817 1814
f 1818 1743 1745
f 1818 1744 1743
f 1744 1818 1739
f 1818 1811 1739
f 1818 1819 1811
f 1805 1745 1723
f 1819 1814 1811
f 1820 1818 1745
f 1819 1818 1820
f 1821 1745 1805
f 1820 1745 1821
f 1815 1814 1819
f 1820 1822 1819
f 1822 1820 1821
f 1823 1819 1822
f 1765 1824 1735
f 1824 1807 1735
f 1807 1825 1809
f 1807 1826 1825
f 126 1771 1827
f 1768 1774 1773
f 1770 1771 1767
f 1770 1773 1828 1771
f 1773 1829 1828
f 1775 1830 1772
f 1774 1831 1773
f 1774 1832 1831
f 1772 1832 1774
f 1830 1832 1772
f 1833 176 208
f 1776 176 1833
f 1835 1834 1776
f 1835 1776 1833
f 175 1833 208
f 1836 1835 1837
f 1840 1778 1776 1834
f 1841 1779 1778 1840
f 1842 1779 1841
f 1843 1840 1834
f 1843 1844 1840
f 1841 1840 1844
f 1845 1846 1842 1841
f 1848 1845 1844
f 1845 1841 1844
f 1849 1845 1848
f 1849 1847 1845
f 1835 1843 1834
f 1848 1844 1843
f 1850 1849 1848
f 1836 1843 1835
f 1851 1848 1843
f 1851 1850 1848
f 1852 1850 1851
f 1836 1851 1843
f 1838 1851 1836
f 1838 1852 1851
f 1839 1852 1838
f 1853 1780 1782
f 1781 1780 1853
f 1842 1854 1782 1779
f 1855 1781 1853
f 1856 1781 1855
f 1854 1853 1782
f 1857 1853 1854
f 1846 1858 1854 1842
f 1858 1857 1854
f 1847 1860 1846 1845
f 1860 1859 1858 1846
f 1858 1861 1857
f 1859 1861 1858
f 1859 1862 1861
f 1855 1853 1857
f 1857 1863 1855
f 1861 1863 1857
f 1862 1864 1861
f 1863 1861 1865
f 1864 1865 1861
f 1864 1866 1865
f 1863 1867 1855
f 1865 1868 1867 1863
f 1865 1869 1868
f 1866 1869 1865
f 1868 1870 1867
f 1869 1871 1868
f 178 1781 1856
f 215 178 1856
f 1872 1856 1855
f 1855 1867 1872
f 1873 1856 1872
f 218 215 1856 1873
f 1867 1873 1872
f 1870 1873 1867
f 1785 1874 1787
f 1783 1874 1785
f 1789 1788 1784
f 1783 1875 1874
f 1787 1876 1775
f 1788 1875 1783
f 1786 1877 1789
f 1713 1877 1786
f 1876 1830 1775
f 1874 1878 1787
f 1789 1879 1788
f 1877 1879 1789
f 1880 1882 1790
f 1712 1882 1713
f 1790 1882 1712
f 1883 1885 1880
f 1885 1883 1881
f 1881 1886 1885
f 1886 1881 1884
f 1880 1885 1887 1882
f 1793 1794 1889
f 1791 1880 1790
f 1791 1793 1880
f 1890 1891 1847
f 1892 1889 1890
f 1889 1891 1890
f 1793 1889 1892
f 1893 1847 1849
f 1894 1890 1847 1893
f 1892 1890 1894
f 1881 1892 1895
f 1793 1892 1881
f 1793 1883 1880
f 1883 1793 1881
f 1893 1849 1850
f 1895 1892 1894
f 1896 1893 1850
f 1888 1894 1896
f 1894 1893 1896
f 1888 1895 1894
f 1896 1850 1852
f 1881 1895 1884
f 1839 1896 1852
f 1888 1896 1839
f 1884 1895 1888
f 1794 1797 1897 1889
f 1860 1899 1859
f 1891 1860 1847
f 1891 1899 1860
f 1889 1897 1899 1891
f 1897 1901 1900 1899
f 1797 1901 1897
f 1898 1901 1797
f 1797 1902 1898
f 1796 1902 1797
f 1899 1862 1859
f 1899 1900 1862
f 1901 1898 1903
f 1902 1903 1898
f 1862 1866 1864
f 1900 1904 1866 1862
f 1901 1903 1904 1900
f 1904 1905 1866
f 1903 1906 1904
f 1905 1907 1869 1866
f 1904 1908 1907 1905
f 1906 1908 1904
f 1907 1871 1869
f 1906 1909 1908
f 1800 1799 1798
f 1799 1910 1716
f 1796 1911 1902
f 1716 1912 1796
f 1910 1912 1716
f 1800 1910 1799
f 1912 1911 1796
f 1903 1913 1906
f 1902 1913 1903
f 1911 1913 1902
f 1800 1914 1910
f 1910 1915 1912
f 1913 1909 1906
f 1911 1916 1913
f 1912 1916 1911
f 1914 1915 1910
f 1804 1917 1803
f 1724 1917 1804
f 1803 1918 1805
f 1917 1919 1803
f 1919 1918 1803
f 1919 1920 1918
f 1917 1921 1919
f 1919 1923 1920
f 1922 1914 1800
f 1921 1924 1923 1919
f 1922 1925 1914
f 1809 1926 1808
f 1806 1927 1724
f 1808 1927 1806
f 1808 1928 1927
f 1926 1928 1808
f 1926 1929 1928
f 1927 1917 1724
f 1928 1930 1927
f 1928 1929 1930
f 1929 1931 1930
f 1917 1932 1921
f 1927 1933 1932 1917
f 1930 1933 1927
f 1932 1934 1924 1921
f 1933 1935 1934 1932
f 1813 1937 1936
f 1816 1937 1813
f 1817 1937 1816
f 1813 1936 1800
f 1817 1938 1937
f 1937 1938 1936
f 1936 1939 1800
f 1936 1938 1939
f 1821 1805 1918
f 1823 1940 1819
f 1817 1815 1819 1940
f 1822 1821 1918
f 1940 1938 1817
f 1941 1823 1822
f 1942 1940 1823
f 1943 1822 1918
f 1943 1918 1920
f 1941 1822 1943
f 1942 1944 1938 1940
f 1942 1823 1941
f 1938 1945 1939
f 1946 1943 1920
f 1938 1947 1945
f 1948 1941 1943
f 1944 1947 1938
f 1939 1922 1800
f 1949 1920 1923
f 1946 1920 1949
f 1948 1943 1946
f 1944 1942 1941
f 1944 1941 1948
f 1950 1923 1924
f 1945 1922 1939
f 1949 1923 1950
f 1947 1951 1945
f 1949 1952 1946
f 1948 1946 1952
f 1944 1953 1947
f 1951 1954 1922 1945
f 1951 1953 1954
f 1955 1952 1949 1950
f 1953 1951 1947
f 1956 1948 1952
f 1956 1952 1955
f 1944 1957 1953
f 1957 1944 1948 1956
f 1954 1925 1922
f 1953 1958 1954
f 1953 1959 1958
f 1957 1959 1953
f 1959 1957 1956
f 1960 1959 1956 1955
f 1825 1926 1809
f 1826 1961 1926 1825
f 1926 1962 1929
f 1961 1962 1926
f 1963 1950 1924
f 1963 1924 1934
f 1964 1963 1934
f 1964 1934 1935
f 1965 1964 1935
f 1966 1963 1964
f 1955 1950 1963
f 1966 1955 1963
f 1830 1968 1967
f 1827 1771 1828 1970
f 1773 1831 1829
f 126 1827 1970
f 1831 1971 1829
f 262 126 1970
f 1971 1828 1829
f 1832 1967 1831
f 1830 1967 1832
f 1970 1828 1972
f 1831 1969 1971
f 1967 1969 1831
f 1975 1833 1974
f 1835 1833 1975
f 1975 1837 1835
f 1976 1836 1837
f 1974 1833 175 263
f 1977 1836 1976
f 1838 1836 1977
f 1978 1839 1838
f 1976 1837 1975
f 1979 1838 1977
f 1979 1978 1838
f 1980 1978 1979
f 1981 1975 1974
f 1982 1976 1975
f 1981 1974 263 1983
f 1977 1976 1982
f 1984 1979 1977
f 1984 1980 1979
f 1985 1980 1984
f 1983 263 1973
f 1982 1975 1981
f 1984 1977 1982
f 1868 1986 1870
f 1871 1986 1868
f 1870 1986 1987
f 1871 1988 1986
f 1871 1989 1988
f 1986 1991 1987
f 1986 1992 1991
f 1988 1992 1986
f 1989 1993 1988
f 1989 1994 1993
f 1988 1993 1992
f 1995 1990 1997
f 1997 1987 1991 1998
f 1987 1997 1990
f 1991 1999 1998
f 1999 1992 1996
f 1992 1999 1991
f 2000 1873 1990
f 2001 218 1873 2000
f 1990 1870 1987
f 1870 1990 1873
f 266 218 2001
f 2001 2000 1990 1995
f 265 217 219
f 2002 2003 1968
f 1787 1878 1876
f 1874 1875 1878
f 1879 1875 1788
f 1882 2004 1713
f 1878 2002 1876
f 1876 1968 1830
f 1875 2005 1878
f 2002 1968 1876
f 1875 1879 2005
f 1713 2004 2006 1877
f 1878 2005 2002
f 1877 2006 1879
f 1882 2007 2004
f 2008 1888 1839
f 1884 1888 2008
f 1886 1884 2009
f 1885 1886 2010
f 2008 1839 1978
f 2011 1884 2008
f 2009 1884 2011
f 1885 2010 1887
f 2008 1978 1980
f 2010 1886 2009
f 2012 2010 2009
f 1887 2013 1882
f 2014 2008 1980
f 2011 2008 2014
f 1887 2010 2013
f 2015 2011 2014
f 2009 2011 2015
f 1985 2014 1980
f 2015 2014 1985
f 2016 2009 2015
f 2016 2012 2009
f 2010 2017 2013
f 2017 2010 2012
f 2013 2007 1882
f 2017 2012 2018
f 1908 2019 1907
f 1909 2019 1908
f 1907 1989 1871
f 2019 1989 1907
f 1909 2020 2019
f 1909 2021 2020
f 2019 2022 1989
f 2020 2022 2019
f 2021 2023 2020
f 2021 2024 2023
f 2022 1994 1989
f 2021 2026 2024
f 2025 2026 2021
f 2020 2027 2022
f 2023 2028 2027 2020
f 2024 2028 2023
f 1913 2025 1909
f 2025 2021 1909
f 1913 2030 2025
f 1916 2030 1913
f 1915 2031 1916 1912
f 2030 2026 2025
f 2030 2029 2026
f 1914 2032 1915
f 1925 2032 1914
f 2033 2032 1925
f 2032 2034 1915
f 2032 2035 2034
f 2033 2035 2032
f 2034 2036 1915
f 1915 2036 2031
f 2037 2034 2035
f 2037 2038 2034
f 2038 2036 2034
f 1954 2039 1925
f 1958 2039 1954
f 1958 2040 2039
f 1958 1959 2040
f 1959 1960 2040
f 2039 2033 1925
f 2039 2041 2033
f 2042 1966 1964
f 2042 1964 1965
f 1955 2043 1960
f 2043 1955 1966
f 2044 2043 1966
f 2044 1966 2042
f 2045 2044 2042
f 2043 2046 1960
f 2040 2046 2047
f 1960 2046 2040
f 2044 2048 2043
f 2044 2049 2048
f 2045 2049 2044
f 2046 2043 2048
f 2041 2047 2033
f 2047 2051 2033
f 2040 2041 2039
f 2047 2041 2040
f 2047 2052 2051
f 2048 2047 2046
f 2048 2053 2047
f 2053 2052 2047
f 2049 2053 2048
f 2053 2050 2052
f 2049 2050 2053
f 2033 2051 2035
f 2051 2037 2035
f 2055 2057 2056
f 2055 2054 2059
f 2064 2059 2058
f 2064 2058 2063
f 2064 2061 2059
f 2064 2062 2061
f 2061 2055 2059
f 2061 2060 2055
f 2065 2062 2064
f 2066 2062 2065
f 2065 2064 2063 2067
f 2068 2066 2065
f 2070 2065 2067
f 2070 2067 2069
f 2068 2065 2070
f 2071 2057 2055
f 2060 2071 2055
f 2073 2071 2060
f 2073 2072 2071
f 2075 2061 2062
f 2075 2060 2061
f 2075 2073 2060
f 2076 2073 2075
f 2072 2073 2076
f 2074 2072 2076
f 2077 2074 2076
f 2078 2075 2062 2066
f 2079 2076 2075 2078
f 2077 2076 2079
f 2080 2078 2066 2068
f 2081 2079 2078 2080
f 2082 2077 2079
f 2082 2079 2081
f 2083 2088 2086
f 2083 2086 2087
f 2084 2088 2083
f 2085 2086 2090 2089
f 2086 2091 2090
f 2087 2086 2085
f 2088 2091 2086
f 2088 2092 2091
f 2093 2090 2094
f 2089 2090 2093
f 2091 2094 2090
f 2091 2096 2094
f 2092 2097 2096 2091
f 2099 2089 2093 2098
f 2098 2093 2094 2100
f 2100 2094 2095
f 2096 2095 2094
f 2097 2102 2096
f 2102 2101 2096
f 2103 2098 2100
f 2103 2104 2098
f 2105 2100 2095
f 2105 2106 2100
f 2106 2103 2100
f 2105 2095 2101
f 2096 2101 2095
f 2102 2107 2101
f 2108 2087 2085
f 2109 2083 2087
f 2109 2087 2108
f 2110 2083 2109
f 2110 2084 2083
f 2085 2112 2111
f 2112 2085 2089
f 2114 2112 2089
f 2114 2113 2112
f 2099 2114 2089
f 291 2114 2099
f 2115 2099 2098
f 2115 291 2099
f 2116 2108 2117
f 2109 2108 2116
f 2056 2110 2109
f 2057 2084 2110 2056
f 2108 2085 2111
f 2111 2117 2108
f 2118 2111 2112
f 2113 2118 2112
f 292 2113 2114
f 292 2119 2113
f 292 2114 291
f 2054 2116 2117
f 2054 2109 2116
f 2056 2109 2054
f 2055 2056 2054
f 2120 2111 2118
f 2117 2111 2120
f 2119 2118 2113
f 2119 2121 2118
f 2058 2117 2120
f 2058 2120 2122
f 2059 2054 2117 2058
f 2122 2120 2118
f 2122 2118 2121
f 2123 2121 2119
f 292 2123 2119
f 2063 2058 2122
f 292 295 2123
f 2067 2063 2122 2124
f 2124 2122 2121
f 2123 2124 2121
f 2125 2124 2123
f 2125 2123 295
f 2126 2067 2124
f 296 2125 295
f 2128 2088 2084
f 2127 2128 2084
f 2129 2128 2127
f 2130 2129 2127
f 2128 2092 2088
f 2132 2092 2128
f 2133 2132 2128
f 2129 2133 2128
f 2134 2133 2129
f 2131 2134 2129
f 2131 2129 2130
f 2135 2134 2131
f 2132 2097 2092
f 2133 2136 2132
f 2134 2137 2136 2133
f 2135 2137 2134
f 2138 2137 2135
f 2097 2139 2102
f 2132 2139 2097
f 2132 2140 2139
f 2136 2140 2132
f 2137 2141 2140 2136
f 2137 2138 2141
f 2139 2143 2102
f 2143 2107 2102
f 2140 2143 2139
f 2140 2144 2143
f 2140 2145 2144
f 2141 2145 2140
f 2138 2145 2141
f 2138 2146 2145
f 2142 2146 2138
f 2147 2127 2084
f 2130 2127 2147
f 2148 2130 2147
f 2149 2131 2130
f 2149 2135 2131
f 2149 2150 2135
f 2150 2152 2135
f 2151 2152 2150
f 2135 2142 2138
f 2152 2142 2135
f 2071 2147 2057
f 2147 2084 2057
f 2154 2148 2147
f 2148 2149 2130
f 2150 2149 2148
f 2155 2150 2148
f 2155 2156 2150
f 2151 2157 2152
f 2152 2157 2142
f 2157 2153 2142
f 2154 2147 2071
f 2072 2154 2071
f 2155 2154 2072
f 2154 2155 2148
f 2156 2151 2150
f 2158 2151 2156
f 2159 2160 2153 2157
f 2072 2074 2155
f 2074 2156 2155
f 2074 2161 2156
f 2158 2156 2161
f 2158 2163 2151
f 2162 2163 2158
f 2151 2163 2157
f 2163 2159 2157
f 2165 2074 2077
f 2165 2161 2074
f 2161 2162 2158
f 2166 2164 2159 2163
f 2161 2167 2162
f 2165 2167 2161
f 2167 2163 2162
f 2167 2168 2163
f 2168 2166 2163
f 2169 2077 2082
f 2165 2077 2169
f 2170 2165 2169
f 2170 2167 2165
f 2106 2104 2103
f 2171 2105 2101
f 2105 2171 2106
f 2107 2171 2101
f 2107 2172 2171
f 2104 2115 2098
f 2173 291 2115
f 2104 2173 2115
f 2171 2174 2106
f 2175 2173 2104
f 2177 2106 2174
f 2106 2177 2176 2104
f 2171 2178 2174
f 2172 2178 2171
f 2176 2175 2104
f 2178 2179 2174
f 2174 2179 2177
f 2178 2172 2179
f 294 291 2173
f 297 294 2173
f 2181 2173 2175
f 2181 297 2173
f 298 297 2181
f 2182 2181 2175
f 298 2181 2182
f 2176 2182 2175
f 2177 2183 2176
f 2172 2184 2179
f 2185 298 2182
f 2176 2186 2182
f 2183 2177 2179
f 2180 2184 2172
f 2183 2186 2176
f 2185 299 298
f 2143 2187 2107
f 2144 2187 2143
f 2145 2189 2188
f 2146 2189 2145
f 2145 2188 2144
f 2142 2189 2146
f 2142 2190 2189
f 2153 2190 2142
f 2144 2191 2187
f 2188 2191 2144
f 2187 2192 2107
f 2191 2192 2187
f 2188 2193 2191
f 2189 2194 2193 2188
f 2189 2195 2194
f 2190 2195 2189
f 2107 2192 2172
f 2191 2196 2192
f 2193 2196 2191
f 2192 2180 2172
f 2193 2197 2196
f 2153 2198 2190
f 2160 2198 2153
f 2195 2199 2194
f 2198 2195 2190
f 2192 2200 2180
f 2196 2200 2192
f 2197 2200 2196
f 2194 2202 2193
f 2199 2202 2194
f 2202 2201 2193
f 2201 2197 2193
f 2198 2203 2199 2195
f 2197 2204 2200
f 2201 2204 2197
f 2159 2164 2160
f 2160 2203 2198
f 2207 2210 2205
f 2212 2207 2206
f 2207 2212 2210
f 2215 2218 2214
f 2213 2207 2217
f 2213 2214 2207
f 2218 2207 2214
f 2215 2208 2218
f 2217 2220 2219
f 2217 2207 2205
f 2209 2217 2205
f 2217 2209 2220
f 2218 2206 2207
f 2208 2206 2218
f 2223 2221 2220 2222
f 2209 2211 2220
f 2205 2210 2209
f 2224 2220 2211
f 304 2222 2220 2224
f 2223 2222 304
f 2228 2226 2225
f 2227 2228 2225
f 2228 2229 2226
f 2230 2228 2227
f 2225 2213 2216
f 2225 2216 2231
f 2226 2214 2213
f 2225 2226 2213
f 2231 2227 2225
f 2232 2227 2231
f 2233 2227 2232
f 2229 2215 2214 2226
f 2233 2230 2227
f 2213 2217 2216
f 2232 2231 2234
f 2235 2233 2232
f 2219 2216 2217
f 2236 2216 2219
f 2237 2231 2216 2236
f 2234 2231 2237
f 2238 2232 2234
f 2238 2235 2232
f 2239 2235 2238
f 2221 2219 2220
f 2236 2219 2221
f 2240 2234 2237
f 2240 2238 2234
f 2239 2238 2241
f 2237 2236 2242
f 2240 2237 2242
f 2241 2238 2240
f 2242 2236 2221
f 2241 2240 2243
f 2244 2239 2241
f 2245 2221 2223
f 2242 2221 2245
f 2246 2240 2242
f 2183 2247 2186
f 2179 2247 2183
f 2184 2248 2247 2179
f 2184 2249 2248
f 2180 2249 2184
f 2250 2185 2182
f 299 2185 2250
f 2186 2250 2182
f 2251 299 2250
f 2251 300 299
f 2252 2250 2186
f 2247 2252 2186
f 2253 2252 2247
f 2248 2253 2247
f 2248 2254 2253
f 2249 2254 2248
f 2255 2251 2250
f 2250 2252 2255
f 2253 2256 2252
f 2254 2256 2253
f 2252 2257 2255
f 2256 2257 2252
f 2254 2259 2258
f 2254 2258 2256
f 2259 2260 2258
f 2256 2262 2261 2257
f 300 2251 2255
f 2257 2263 2255
f 2263 300 2255
f 2264 302 300 2263
f 2263 2257 2261
f 2266 2268 2265
f 2267 2268 2266
f 2271 2273 2215
f 2272 2273 2271
f 2274 2273 2272
f 2273 2265 2208 2215
f 2274 2266 2273
f 2267 2266 2274
f 2277 2278 2275
f 2273 2266 2265
f 2275 2270 2267 2274
f 2278 2270 2275
f 2277 2279 2278
f 2278 2281 2270
f 2279 2281 2278
f 2282 2229 2228
f 2282 2271 2229
f 2283 2282 2228
f 2230 2283 2228
f 2271 2215 2229
f 2282 2272 2271
f 2284 2283 2230
f 2286 2285 2282 2283
f 2284 2286 2283
f 2285 2272 2282
f 2287 2230 2233 2235
f 2287 2284 2230
f 2272 2275 2274
f 2285 2288 2276 2272
f 2286 2288 2285
f 2276 2275 2272
f 2287 2235 2239
f 2289 2284 2287
f 2286 2289 2290 2288
f 2289 2286 2284
f 2276 2277 2275
f 2288 2277 2276
f 2288 2290 2277
f 2291 2287 2239
f 2292 2287 2291
f 2289 2287 2292
f 2290 2293 2277
f 2277 2293 2279
f 2294 2289 2292
f 2290 2289 2294
f 2291 2239 2244
f 2295 2292 2291
f 2294 2292 2295
f 2290 2294 2296 2293
f 2279 2293 2280
f 2293 2296 2280
f 2200 2249 2180
f 2200 2204 2249
f 2199 2297 2202
f 2203 2297 2199
f 2201 2298 2204
f 2202 2299 2201
f 2299 2298 2201
f 2297 2299 2202
f 2249 2300 2254
f 2204 2300 2249
f 2298 2300 2204
f 2203 2301 2297
f 2160 2301 2203
f 2297 2302 2299
f 2301 2302 2297
f 2300 2259 2254
f 2300 2303 2259
f 2300 2298 2303
f 2299 2304 2298
f 2304 2303 2298
f 2299 2305 2304
f 2302 2305 2299
f 2304 2305 2303
f 2303 2260 2259
f 2305 2306 2303
f 2164 2307 2160
f 2160 2307 2301
f 2307 2308 2301
f 2302 2309 2305
f 2308 2302 2301
f 2302 2310 2309
f 2308 2310 2302
f 2313 2315 2211
f 1243 2212 2311
f 2212 1243 2314
f 2311 1242 1243
f 2312 1242 2311
f 2313 1312 2315
f 2314 1243 1245 2313
f 1242 1241 1243
f 1313 2316 2315
f 2313 1245 1312
f 1313 2315 1312
f 1243 1246 1245
f 2206 2311 2212
f 2208 2312 2311
f 2208 2311 2206
f 304 2224 2211
f 2210 2313 2209
f 304 2211 2316
f 2209 2313 2211
f 2210 2314 2313
f 2210 2212 2314
f 2316 2211 2315
f 304 2316 4
f 4 2316 1313
f 2245 2223 2317
f 305 2223 304
f 2317 2223 305
f 2318 2242 2245
f 2246 2242 2318
f 2245 2317 2321
f 2322 2246 2318
f 2321 2317 305
f 2324 2319 2246 2322
f 2321 305 307
f 2323 2319 2324
f 2325 2319 2323
f 2325 2320 2319
f 2243 2240 2246
f 2320 2244 2241
f 2319 2243 2246
f 2319 2241 2243
f 2320 2241 2319
f 2258 2262 2256
f 2260 2326 2262 2258
f 2262 2327 2261
f 2262 2328 2327
f 2326 2328 2262
f 303 302 2264
f 2327 2263 2261
f 2329 2264 2263
f 2263 2330 2329
f 2328 2331 2327
f 303 2264 2329
f 2327 2330 2263
f 2327 2332 2330
f 2331 2332 2327
f 2331 2333 2332
f 2328 2334 2333 2331
f 306 303 2329
f 2330 2335 2329
f 2334 2336 2333
f 2338 1274 2337
f 1275 1274 2338
f 2339 1275 2338
f 2337 1273 1242 2312
f 1274 1273 2337
f 2340 1352 2339
f 2340 2341 1352
f 2339 1277 1275
f 2341 2342 1352
f 2265 2312 2208
f 2267 2269 2268
f 2267 2270 2269
f 2265 2337 2312
f 2268 2337 2265
f 2268 2338 2337
f 2269 2338 2268
f 2269 2270 2340
f 2270 2281 2340
f 2340 2339 2338
f 2269 2340 2338
f 2281 2343 2340
f 2281 2341 2343
f 2281 2344 2341
f 2343 2341 2340
f 2341 2344 1355
f 2344 2345 1355
f 2279 2280 2281
f 2280 2344 2281
f 2280 2348 2344
f 2280 2296 2348
f 2347 2320 2349
f 2346 2347 2350
f 2348 2353 2344
f 2352 2296 2346
f 2296 2352 2348
f 2349 2320 2325
f 2351 2346 2350
f 2346 2351 2352
f 2295 2291 2347
f 2296 2294 2295
f 2320 2291 2244
f 2346 2296 2295
f 2347 2291 2320
f 2295 2347 2346
f 2303 2306 2260
f 2306 2326 2260
f 2326 2354 2328
f 2306 2354 2326
f 2305 2309 2306
f 2307 2355 2308
f 2309 2310 2356
f 2309 2356 2306
f 2356 2354 2306
f 2310 2357 2356
f 2308 2357 2310
f 2355 2357 2308
f 2354 2334 2328
f 2354 2358 2334
f 2356 2358 2354
f 2356 2359 2358
f 2357 2359 2356
f 2357 2360 2359
f 2307 2361 2355
f 2358 2362 2334
f 2358 2363 2362
f 2359 2363 2358
f 2359 2364 2363
f 2360 2365 2364 2359
f 2362 2336 2334
f 2355 2360 2357
f 4 1313 1314
f 2368 2367 307
f 2368 307 308
f 2245 2321 2370
f 2371 2245 2370
f 2371 2318 2245
f 2322 2318 2371
f 2370 2321 307 2367
f 2372 2322 2371
f 2373 2324 2372
f 2324 2322 2372
f 2374 2325 2323
f 2372 2371 2370
f 2373 2323 2324
f 2374 2323 2373
f 2370 2367 2368
f 2369 2370 2368
f 2372 2370 2369
f 2375 2372 2369
f 2376 2373 2372
f 2374 2373 2376
f 2379 2380 2378
f 2336 2377 2380 2379
f 2380 2382 2378
f 2377 2383 2380
f 2378 2382 2381
f 2380 2384 2382
f 2380 2383 2384
f 2382 2385 2381
f 2384 2386 2382
f 2382 2386 2385
f 2384 2388 2386
f 2383 2389 2388 2384
f 2388 2390 2386
f 2335 2330 2391
f 2332 2391 2330
f 2332 2379 2391
f 2333 2379 2332
f 2333 2336 2379
f 2393 2329 2335
f 306 2329 2393
f 2335 2391 2392
f 2379 2378 2391
f 2393 2335 2392
f 2391 2378 2392
f 2378 2381 2392
f 2387 2392 2381
f 2393 2392 2387
f 309 2393 2387
f 309 306 2393
f 2339 1352 1277
f 2341 1355 2342
f 2342 1353 1352
f 2342 1355 1353
f 2344 2353 2345
f 2394 2395 2353
f 2353 2396 2345
f 2395 2396 2353
f 2395 2397 2396
f 2398 2347 2349
f 2350 2347 2398
f 2348 2352 2394 2353
f 2351 2350 2399
f 2399 2350 2398
f 2352 2351 2395
f 2398 2349 2325 2374
f 2395 2351 2399
f 2352 2395 2394
f 2400 2395 2399
f 2401 2398 2374
f 2402 2398 2401
f 2399 2398 2402
f 2400 2397 2395
f 2400 2399 2402
f 2403 2404 2377
f 2377 2406 2383
f 2404 2406 2377
f 2403 2405 2404
f 2407 2408 2405
f 2405 2409 2406
f 2405 2406 2404
f 2407 2410 2408
f 2406 2411 2389 2383
f 2409 2411 2406
f 2408 2409 2405
f 2409 2412 2411
f 2362 2377 2336
f 2363 2403 2362
f 2355 2361 2360
f 2164 2361 2307
f 2362 2403 2377
f 2363 2407 2403
f 2364 2407 2363
f 2360 2414 2365
f 2361 2414 2360
f 2407 2405 2403
f 2364 2365 2407
f 2365 2410 2407
f 2414 2410 2365
f 2361 2415 2414
f 2414 2415 2413 2410
f 2164 2366 2361
f 2416 2368 308
f 2369 2368 2416
f 2416 308 310
f 2417 2369 2416
f 2376 2372 2375
f 2418 2374 2376
f 2419 2376 2375
f 2418 2376 2419
f 2420 2418 2419
f 2421 2369 2417
f 2421 2375 2369
f 2422 2419 2375 2421
f 2420 2419 2422
f 2423 2420 2422
f 2424 2420 2423
f 2425 2421 2417
f 2425 2422 2421
f 2423 2422 2425
f 2423 2425 2426
f 2428 2424 2423
f 2428 2423 2427
f 2429 2417 2416
f 2430 2417 2429
f 2425 2417 2430
f 2427 2423 2426
f 2431 2428 2427
f 2426 2425 2430
f 2433 2426 2432
f 2427 2426 2433
f 2431 2427 2433
f 2435 2438 2434
f 2436 2439 2438
f 2436 2438 2435
f 2440 2434 2443
f 2440 2435 2434
f 2441 2435 2440
f 2442 2435 2441
f 2434 2437 2443
f 2442 2436 2435
f 2444 2443 2437
f 2390 2450 2449
f 2390 2449 2448
f 2446 2450 2390
f 2447 2451 2446
f 2451 2441 2450
f 2450 2446 2451
f 2451 2442 2441
f 2449 2453 2452
f 2449 2455 2453
f 2449 2450 2455
f 2450 2440 2455
f 2441 2440 2450
f 2454 2452 2453
f 2455 2440 2443
f 2453 2443 2444
f 2453 2455 2443
f 2445 2453 2444
f 2445 2454 2453
f 309 2387 2381 2456
f 2386 2448 2385
f 2390 2448 2386
f 2388 2446 2390
f 2389 2447 2446 2388
f 2385 2448 2452
f 2385 2452 2381
f 2457 2381 2452
f 312 2456 2381 2457
f 309 2456 312
f 2448 2449 2452
f 312 2457 2452 2454
f 2396 2458 2345
f 2397 2459 2458 2396
f 2458 2460 2345
f 2345 2460 1355
f 2459 2461 2458
f 2461 2462 2458
f 2462 2460 2458
f 2460 1411 1355
f 2462 2463 2460
f 2401 2374 2418
f 2464 2402 2401 2418
f 2464 2400 2402
f 2465 2418 2420
f 2464 2418 2465
f 2400 2459 2397
f 2459 2400 2464
f 2466 2464 2465
f 2467 2464 2466
f 2459 2464 2467
f 2424 2465 2420
f 2468 2465 2424
f 2468 2466 2465
f 2469 2467 2466
f 2461 2459 2467
f 2470 2424 2428
f 2424 2470 2468
f 2469 2466 2468
f 2471 2461 2467 2469
f 2473 2470 2428 2431
f 2470 2469 2468
f 2473 2469 2470
f 2474 2469 2473
f 2471 2469 2474
f 2471 2472 2461
f 2472 2462 2461
f 2476 2474 2473
f 2475 2472 2471
f 2475 2471 2474
f 2477 2475 2474
f 2476 2473 2431
f 2478 2439 2436
f 2481 2439 2478
f 2480 2481 2478
f 2479 2480 2478
f 2484 2486 2442
f 2485 2486 2484
f 2485 2479 2486
f 2487 2479 2485
f 2486 2478 2436
f 2486 2436 2442
f 2479 2478 2486
f 2487 2482 2479
f 2483 2482 2487
f 2482 2480 2479
f 2488 2489 2483
f 2490 2451 2447
f 2412 2492 2490
f 2484 2442 2451
f 2490 2484 2451
f 2492 2484 2490
f 2492 2485 2484
f 2412 2485 2492
f 2493 2485 2412
f 2491 2493 2412
f 2494 2493 2491
f 2487 2485 2493
f 2488 2487 2493
f 2494 2488 2493
f 2495 2488 2494
f 2495 2496 2488
f 2487 2488 2483
f 2496 2497 2488
f 2488 2497 2489
f 2496 2498 2497
f 2411 2490 2447 2389
f 2412 2490 2411
f 2409 2491 2412
f 2408 2499 2409
f 2408 2410 2499
f 2499 2491 2409
f 2410 2500 2499
f 2413 2500 2410
f 2499 2495 2491
f 2495 2494 2491
f 2499 2500 2495
f 2415 2498 2413
f 2500 2496 2495
f 2500 2413 2496
f 2413 2498 2496
f 2361 2366 2415
f 2366 2498 2415
f 311 2416 310
f 2429 2416 311
f 2501 2430 2429
f 2432 2426 2430 2501
f 2502 2429 311
f 2502 2501 2429
f 2503 2501 2502
f 2503 2432 2501
f 2504 2503 2502
f 2504 2502 311
f 2433 2432 2505
f 2507 2433 2505
f 2507 2505 2506
f 2431 2433 2507
f 2432 2503 2508
f 2508 2505 2432
f 2506 2505 2508
f 2509 2506 2508
f 2510 2507 2506
f 2511 2507 2510
f 2512 2503 2504
f 2512 2508 2503
f 2509 2508 2512
f 314 2504 311
f 314 2512 2504
f 2513 2512 314
f 2514 2513 314
f 315 2514 314
f 2510 2506 2509
f 2516 2510 2515
f 2516 2511 2510
f 2509 2512 2518
f 2510 2509 2518
f 2518 2512 2519
f 2513 2519 2512
f 2520 2516 2515
f 2517 2516 2520
f 2521 2517 2520
f 2515 2510 2518
f 2515 2518 2522
f 2520 2515 2522
f 2523 2522 2518 2519
f 2523 2519 2513
f 2514 2523 2513
f 2524 2523 2514
f 315 2524 2514
f 2527 2526 2520 2525
f 2526 2521 2520
f 2528 2521 2526
f 2528 2526 2527
f 2525 2522 2529
f 2525 2520 2522
f 2523 2529 2522
f 2530 2529 2523
f 2531 2530 2523
f 2524 2531 2523
f 317 2524 315
f 2438 2527 2525
f 2438 2525 2533
f 2534 2527 2438
f 2439 2534 2438
f 2533 2525 2535
f 2533 2535 2532
f 2534 2528 2527
f 2536 2529 2530
f 2536 2535 2529
f 2536 2532 2535
f 2529 2535 2525
f 2537 2536 2530
f 2537 2530 2531
f 2524 2537 2531
f 317 2537 2524
f 2434 2532 2539
f 2437 2434 2539
f 2434 2533 2532
f 2434 2438 2533
f 2538 2539 2532
f 2540 2538 2536
f 2532 2536 2538
f 2537 2540 2536
f 2445 2444 2538
f 2437 2539 2538 2444
f 2540 2445 2538
f 318 2445 2540
f 317 2540 2537
f 318 2540 317
f 2541 319 320
f 318 2454 2445
f 312 2454 318
f 2541 2542 319
f 2543 2542 2541
f 2544 2542 2543
f 2542 321 319
f 2545 321 2542
f 2546 2542 2544
f 2546 2545 2542
f 2547 2545 2546
f 2545 322 321
f 2463 1411 2460
f 2548 2477 2474
f 2472 2549 2463 2462
f 2472 2475 2549
f 2475 2550 2549
f 2550 2475 2477
f 2549 2551 2463
f 2550 2551 2549
f 2551 2552 2463
f 2552 2553 2463
f 2463 2553 1411
f 2554 2476 2431
f 2554 2431 2507
f 2555 2476 2554
f 2548 2474 2476
f 2548 2476 2555
f 2511 2554 2507
f 2556 2548 2555
f 2557 2556 2555
f 2477 2548 2556
f 2477 2556 2558
f 2550 2477 2558
f 2558 2551 2550
f 2551 2559 2552
f 2558 2560 2559 2551
f 2552 2561 2553
f 2562 2511 2516
f 2517 2562 2516
f 2562 2554 2511
f 2557 2555 2554 2562
f 2563 2557 2562
f 2563 2562 2517
f 2557 2564 2556
f 2564 2557 2563
f 2564 2558 2556
f 2564 2565 2558
f 2565 2560 2558
f 2565 2559 2560
f 2565 2566 2559
f 2559 2561 2552
f 2566 2561 2559
f 2567 2517 2521
f 2567 2563 2517
f 2567 2568 2563
f 2569 2564 2563
f 2569 2563 2568
f 2564 2569 2565
f 2570 2565 2569
f 2570 2566 2565
f 2571 2566 2570
f 2528 2567 2521
f 2572 2567 2528
f 2568 2567 2572
f 2573 2568 2572
f 2569 2568 2573
f 2574 2569 2573
f 2569 2571 2570
f 2574 2571 2569
f 2571 2576 2566
f 2575 2576 2571
f 2576 2561 2566
f 2481 2534 2439
f 2534 2572 2528
f 2481 2572 2534
f 2573 2572 2481
f 2577 2573 2481
f 2578 2573 2577
f 2579 2578 2577
f 2573 2578 2574
f 2579 2580 2578
f 2578 2571 2574
f 2580 2571 2578
f 2580 2575 2571
f 2576 2581 2561
f 2481 2480 2577
f 2579 2577 2480
f 2482 2579 2480
f 2483 2582 2579 2482
f 2582 2489 2579
f 2489 2580 2579
f 2489 2583 2580
f 2583 2575 2580
f 2583 2584 2575
f 2584 2576 2575
f 2576 2585 2581
f 2489 2582 2483
f 2586 2583 2489
f 2586 2584 2583
f 2498 2584 2586
f 2576 2587 2585
f 2587 2589 2588
f 2497 2498 2586 2489
f 2498 2587 2584
f 2584 2587 2576
f 2590 2589 2587
f 2590 2592 2589
f 2590 2591 2592
f 2366 2590 2587
f 2366 2593 2590
f 2593 2594 2590
f 2590 2595 2591
f 2594 2595 2590
f 2498 2366 2587
f 2366 2596 2593
f 2598 2541 320 2597
f 2597 320 323
f 2600 2599 2598
f 2598 2597 2603
f 2603 2600 2598
f 2601 2600 2603
f 2604 2602 2601
f 2603 2597 2606
f 2608 2604 2601
f 2609 2605 2604
f 2606 2597 323
f 2610 2603 2606
f 2607 2603 2610
f 2607 2601 2603
f 2611 2601 2607
f 2608 2601 2611
f 2609 2604 2608
f 2612 2609 2608 2611
f 2613 2611 2607
f 2614 2611 2613
f 2612 2611 2614
f 2599 2543 2541
f 2615 2544 2543
f 2598 2599 2541
f 2616 2543 2599
f 2600 2616 2599
f 2617 2615 2543 2616
f 2602 2618 2616
f 2618 2617 2616
f 2618 2619 2617
f 2620 2619 2618
f 2621 2620 2618
f 2602 2616 2600
f 2602 2600 2601
f 2622 2618 2602
f 2621 2618 2622
f 2623 2621 2622
f 2604 2622 2602
f 2605 2623 2604
f 2623 2622 2604
f 2546 2544 2615
f 2615 2624 2546
f 2619 2615 2617
f 2624 2615 2619
f 2619 2625 2624
f 2625 2626 2624
f 2620 2625 2619
f 2627 2625 2620
f 2628 2626 2625
f 2627 2628 2625
f 2627 2629 2628
f 2630 2547 2546
f 2631 2545 2547 2630
f 2632 2631 2630
f 2624 2630 2546
f 2626 2630 2624
f 2633 2632 2630
f 2626 2633 2630
f 2626 2634 2633
f 2626 2635 2634
f 2628 2636 2626
f 2636 2635 2626
f 2629 2637 2636 2628
f 2631 322 2545
f 2638 2631 2632
f 2639 2631 2638
f 2633 2638 2632
f 2640 2633 2634
f 2633 2640 2638
f 2634 2641 2640
f 2640 2642 2638
f 2635 2641 2634
f 2635 2643 2641
f 2636 2643 2635
f 2637 2644 2643 2636
f 2639 322 2631
f 2642 2639 2638
f 2645 2639 2642
f 2645 322 2639
f 324 322 2645
f 2643 2646 2641
f 2641 2647 2640
f 2643 2648 2646
f 2644 2648 2643
f 2561 2581 2553
f 2581 2649 2553
f 2585 2650 2581
f 2587 2588 2585
f 2589 2653 2652 2588
f 2588 2652 2585
f 2653 2657 2652
f 2657 2653 2651 2656
f 2655 2656 2654 2658
f 2585 2652 2659
f 2657 2656 2655
f 2658 2605 2609
f 2655 2660 2657
f 2585 2659 2650
f 2660 2655 2661
f 2655 2658 2661
f 2652 2657 2659
f 2663 2609 2612
f 2661 2658 2609 2663
f 2662 2657 2660
f 2657 2662 2659
f 2664 2661 2663
f 2664 2660 2661
f 2662 2660 2664
f 2591 2666 2665
f 2592 2653 2589
f 2592 2665 2653
f 2592 2591 2665
f 2667 2620 2621
f 2668 2666 2667
f 2651 2665 2668
f 2665 2666 2668
f 2653 2665 2651
f 2623 2669 2621
f 2669 2667 2621
f 2654 2668 2623
f 2668 2669 2623
f 2668 2667 2669
f 2656 2651 2668 2654
f 2658 2654 2623 2605
f 2591 2595 2670 2666
f 2595 2671 2670
f 2667 2672 2620
f 2672 2627 2620
f 2672 2673 2627
f 2672 2674 2673
f 2666 2672 2667
f 2666 2670 2672
f 2670 2674 2672
f 2670 2675 2674
f 2671 2675 2670
f 2673 2629 2627
f 2594 2671 2595
f 2593 2676 2671 2594
f 2675 2677 2674
f 2671 2676 2675
f 2673 2678 2629
f 2674 2678 2673
f 2674 2677 2678
f 2675 2679 2677
f 2676 2679 2675
f 2678 2680 2637 2629
f 2677 2680 2678
f 2677 2681 2680
f 2677 2679 2681
f 2593 2682 2676
f 2596 2682 2593
f 2676 2683 2679
f 2679 2683 2681
f 2682 2684 2676
f 2683 2685 2681
f 2676 2684 2683
f 2680 2686 2644 2637
f 2687 2686 2680
f 2681 2687 2680
f 2681 2685 2687
f 2683 2688 2685
f 2366 2689 2682 2596
f 2164 2689 2366
f 2682 2690 2684
f 2689 2690 2682
f 2684 2688 2683
f 2686 2648 2644
f 2685 2691 2687
f 2688 2692 2691 2685
f 338 333 335
f 338 334 333
f 342 334 338
f 2693 323 355
f 2693 2606 323
f 2610 2606 2693
f 2694 2607 2610
f 2613 2607 2694
f 2695 2612 2614
f 2696 2610 2693
f 2694 2610 2696
f 2697 2613 2694
f 2697 2614 2613
f 2695 2614 2697
f 2698 2694 2696
f 2698 2697 2694
f 2700 2695 2697 2699
f 2701 2697 2698
f 2699 2697 2701
f 2702 2693 355
f 2702 2696 2693
f 2703 2698 2696
f 2701 2698 2703
f 2704 2699 2701
f 2700 2699 2704
f 2706 2700 2704 2705
f 2703 2696 2702
f 2701 2703 2707
f 2704 2701 2708
f 2709 2703 2702
f 2708 2701 2707
f 2707 2703 2709
f 2710 2704 2708
f 2710 2705 2704
f 2711 2705 2710
f 2711 2706 2705
f 2710 2708 2712
f 2640 2714 2642
f 2647 2714 2640
f 2646 2647 2641
f 2646 2715 2647
f 2648 2715 2646
f 2648 2716 2715
f 2647 2717 2714
f 2715 2717 2647
f 2716 2718 2715
f 2719 2645 2642
f 2714 2719 2642
f 2720 324 2645 2719
f 1181 325 324 2720
f 2717 2719 2714
f 2715 2718 2717
f 2721 2720 2719
f 2721 1181 2720
f 2716 2722 2718
f 2723 2722 2716
f 2719 2724 2721
f 2717 2724 2719
f 2718 2722 2724 2717
f 2723 2725 2722
f 1411 2726 1468
f 1468 2727 1471
f 1472 1471 2727
f 2728 1472 2727
f 2728 2729 1472
f 2729 1474 1472
f 2726 2727 1468
f 2553 2726 1411
f 2728 2730 2729
f 2726 2732 2727
f 2731 2732 2726
f 2732 2728 2727
f 2732 2730 2728
f 2732 2733 2730
f 2553 2731 2726
f 2731 2734 2732
f 2732 2735 2733
f 2734 2735 2732
f 2649 2731 2553
f 2581 2736 2649
f 2650 2736 2581
f 2695 2663 2612
f 2737 2663 2695
f 2737 2664 2663
f 2738 2664 2737
f 2738 2662 2664
f 2659 2739 2650
f 2662 2739 2659
f 2739 2662 2738
f 2740 2695 2700
f 2740 2737 2695
f 2741 2737 2740
f 2741 2738 2737
f 2739 2742 2650
f 2743 2741 2740
f 2738 2744 2739
f 2744 2738 2741
f 2742 2739 2744
f 2745 2740 2700
f 2745 2700 2706
f 2743 2740 2745
f 2746 2742 2744
f 2747 2745 2706
f 2748 2743 2745 2747
f 2749 2741 2743
f 2749 2743 2748
f 2749 2744 2741
f 2742 2750 2650
f 2746 2744 2749
f 2751 2749 2748
f 2750 2736 2650
f 2746 2750 2742
f 2751 2748 2752
f 2746 2749 2751
f 2747 2706 2711
f 2713 2747 2711
f 2752 2748 2747
f 2752 2747 2713
f 2686 2753 2648
f 2687 2753 2686
f 2691 2753 2687
f 2684 2692 2688
f 2684 2754 2692
f 2648 2755 2716
f 2753 2755 2648
f 2691 2756 2753
f 2692 2757 2691
f 2757 2756 2691
f 2756 2755 2753
f 2690 2754 2684
f 2689 2758 2690
f 2754 2757 2692
f 2757 2759 2756
f 2758 2760 2754 2690
f 2754 2761 2759 2757
f 2755 2723 2716
f 2756 2762 2723 2755
f 2759 2762 2756
f 2754 2763 2761
f 2760 2763 2754
f 2759 2764 2762
f 2761 2764 2759
f 2762 2765 2723
f 2761 2766 2764
f 2729 2767 1474
f 2768 1477 1474
f 2768 1474 2767
f 2769 1477 2768
f 2770 1479 1477
f 2770 1477 2769
f 2771 2767 2729
f 2769 2768 2767
f 2771 2729 2730
f 2772 2767 2771
f 2773 2769 2767 2772
f 2774 2770 2769
f 2774 2769 2773
f 2775 2771 2730
f 2772 2771 2775
f 2775 2730 2733
f 2776 2775 2733
f 2775 2773 2772
f 2777 2775 2776
f 2778 2773 2775
f 2777 2778 2775
f 2778 2774 2773
f 2776 2733 2735
f 417 418 419
f 417 419 441
f 357 2702 355
f 2709 2702 357
f 2779 2709 357
f 461 2779 357
f 2712 2708 2707
f 2781 2710 2712 2780
f 2711 2710 2781
f 2782 2712 2707
f 2783 2711 2781
f 2784 2711 2783
f 2779 2707 2709
f 2779 2782 2707
f 2785 2712 2782
f 2780 2712 2785
f 2786 2781 2780
f 2783 2781 2786
f 2787 2779 461
f 2787 2782 2779
f 2784 2783 2788
f 2789 2780 2785
f 2786 2780 2789
f 2788 2783 2786
f 2785 2782 2790
f 2789 2785 2791
f 2792 2786 2789
f 2788 2786 2792
f 2794 2784 2788
f 2794 2788 2793
f 2791 2785 2790
f 2792 2789 2791
f 2787 2790 2782
f 2795 2790 2787
f 2796 2791 2790 2795
f 2793 2788 2792
f 2798 2792 2797
f 2793 2792 2798
f 2799 2793 2798
f 2799 2794 2793
f 2797 2792 2791 2796
f 2800 2798 2797
f 2722 2801 2724
f 2725 2802 2722
f 2803 2804 1517 1514
f 2804 2805 1517
f 1517 2806 1520
f 1517 2807 2806
f 2805 2807 1517
f 2807 2808 2806
f 2805 2809 2807
f 2806 2810 1520
f 2810 1523 1520
f 2806 2811 2810
f 2806 2808 2811
f 2805 2813 2809
f 2812 2814 2813 2805
f 2814 2815 2813
f 2812 2816 2814
f 2812 2817 2816
f 2804 2819 2818
f 2803 2819 2804
f 2804 2818 2805
f 2818 2812 2805
f 2818 2820 2812
f 2818 2821 2820
f 2818 2822 2821
f 2812 2820 2817
f 2825 2824 2820
f 2821 2825 2820
f 2822 2826 2825 2821
f 2823 2826 2822
f 2819 2827 2818
f 2818 2828 2822
f 2827 2828 2818
f 2828 2829 2822
f 2828 2830 2829
f 2831 2823 2822
f 2831 2822 2829
f 2832 2831 2829
f 2833 2827 2819
f 2827 2835 2828
f 2834 2835 2827
f 2835 2830 2828
f 2835 2836 2830
f 2835 2837 2836
f 2734 2838 2735
f 2734 2839 2838
f 2840 2834 2827 2833
f 2840 2842 2834
f 2841 2842 2840
f 2834 2843 2835
f 2842 2843 2834
f 2835 2844 2837
f 2843 2844 2835
f 2649 2734 2731
f 2649 2845 2734
f 2839 2846 2838
f 2839 2734 2845
f 2845 2847 2839
f 2649 2848 2845
f 2848 2849 2845
f 2845 2850 2847
f 2850 2845 2849
f 2851 2843 2842
f 2746 2751 2852
f 2736 2848 2649
f 2746 2853 2736 2750
f 2852 2853 2746
f 2853 2854 2736
f 2736 2854 2848
f 2855 2713 2711
f 2856 2752 2713
f 2751 2752 2856
f 2857 2751 2856
f 2857 2852 2751
f 2855 2711 2784
f 2856 2713 2855
f 2857 2856 2858
f 2858 2856 2855
f 2859 2857 2858
f 2860 2857 2859
f 2861 2852 2857
f 2860 2861 2857
f 2852 2862 2854 2853
f 2861 2862 2852
f 2862 2863 2854
f 2854 2864 2848
f 2854 2863 2864
f 2865 2855 2784
f 2858 2855 2865
f 2859 2858 2866
f 2865 2784 2794
f 2866 2858 2865
f 2860 2859 2866
f 2867 2860 2866
f 2861 2869 2862
f 2869 2861 2860 2868
f 2870 2866 2865
f 2871 2866 2870
f 2867 2866 2871
f 2870 2865 2794
f 2872 2870 2794
f 2873 2867 2871
f 2868 2860 2867
f 2872 2794 2799
f 2765 2725 2723
f 2770 2874 1479
f 1553 1550 1479
f 1553 1479 2874
f 2876 2803 1514
f 1555 2876 1514
f 1555 2877 2876
f 1558 2877 1555
f 1558 2875 2877
f 1558 1557 1553
f 2878 1559 1523
f 2810 2878 1523
f 2879 2878 2810
f 2811 2879 2810
f 2879 2880 2878
f 1553 2875 1558
f 1553 2881 2875
f 2881 2882 2875
f 2876 2883 2803
f 2877 2883 2876
f 2875 2884 2877
f 2882 2884 2875
f 2774 2874 2770
f 2881 1553 2874
f 2882 2885 2884
f 2881 2885 2882
f 2877 2886 2883
f 2877 2884 2886
f 2888 2825 2826
f 2889 2888 2826 2823
f 2890 2881 2874 2774
f 2885 2891 2884
f 2881 2890 2885
f 2883 2819 2803
f 2883 2833 2819
f 2886 2833 2883
f 2892 2823 2831
f 2777 2893 2778
f 2778 2894 2774
f 2894 2778 2893
f 2894 2890 2774
f 2894 2895 2890
f 2884 2833 2886
f 2884 2891 2833
f 2891 2897 2833
f 2897 2896 2833
f 2890 2891 2885
f 2890 2897 2891
f 2895 2897 2890
f 2735 2898 2776
f 2898 2735 2838
f 2899 2776 2898
f 2899 2777 2776
f 2893 2777 2899
f 2846 2898 2838
f 2900 2898 2846
f 2901 2898 2900
f 2901 2899 2898
f 2893 2895 2894
f 2893 2902 2895
f 2902 2893 2899
f 2901 2902 2899
f 2902 2903 2895
f 2897 2904 2896
f 2897 2903 2904
f 2895 2903 2897
f 2901 2905 2902
f 2903 2902 2905
f 2907 2905 2901
f 2907 2901 2906
f 2833 2896 2840
f 2896 2908 2840
f 2904 2908 2896
f 2904 2909 2908
f 2903 2911 2904
f 2911 2909 2904
f 2905 2911 2903
f 2911 2910 2909
f 2905 2907 2911
f 2908 2841 2840
f 2909 2841 2908
f 2911 2912 2910
f 2907 2912 2911
f 2909 2910 2841
f 2841 2913 2842
f 2900 2846 2839
f 2914 2901 2900
f 2914 2906 2901
f 2847 2900 2839
f 2915 2900 2847
f 2915 2914 2900
f 2916 2907 2906
f 2916 2906 2914
f 2917 2915 2847
f 2912 2918 2910
f 2915 2919 2914
f 2907 2916 2912
f 2916 2914 2919
f 2920 2847 2850
f 2917 2847 2920
f 2910 2918 2913 2841
f 2921 2915 2917
f 2912 2922 2918
f 2919 2915 2921
f 2916 2923 2922 2912
f 2923 2916 2919
f 2913 2851 2842
f 2922 2924 2918
f 2923 2925 2922
f 2923 2919 2921
f 2918 2924 2851 2913
f 2927 2917 2920 2926
f 2927 2921 2917
f 2922 2925 2924
f 2923 2928 2925
f 372 466 373
f 466 470 373
f 443 600 444
f 641 2787 461
f 2929 2795 2787
f 2929 2787 641
f 641 2930 2929
f 2931 2798 2800
f 2799 2798 2931
f 2932 2797 2796
f 2932 2800 2797
f 2931 2800 2932
f 2933 2799 2931
f 2934 2796 2795
f 2932 2796 2934
f 2932 2934 2935
f 2930 2795 2929
f 2930 2934 2795
f 642 2930 641
f 2936 2930 642
f 2872 2799 2933
f 2937 2931 2932
f 2933 2931 2937
f 2937 2932 2935
f 2940 2933 2937
f 2940 2937 2939
f 2938 2935 2934
f 2937 2935 2938
f 2941 2934 2930 2936
f 2942 2934 2941
f 2942 2938 2934
f 2943 2941 2936 642
f 2945 2940 2939
f 2939 2937 2938
f 2939 2938 2946
f 2948 2939 2946
f 2947 2948 2946
f 2945 2939 2948
f 2945 2948 2947
f 2944 2945 2947
f 2946 2938 2942
f 2946 2942 2950
f 2951 2946 2949
f 2951 2947 2946
f 2950 2949 2946
f 2943 2942 2941
f 2943 2950 2942
f 1187 2950 2943
f 2807 2809 2808
f 2808 2952 2811
f 2808 2809 2952
f 2953 2954 2809
f 2956 2955 2954
f 2953 2956 2954
f 2809 2954 2957 2952
f 2954 2958 2957
f 2954 2959 2958
f 2955 2959 2954
f 2813 2815 2809
f 2815 2953 2809
f 2961 2956 2953
f 2815 2961 2953
f 2815 2960 2961
f 2962 2963 2965
f 2965 2963 2966 2964
f 2963 2967 2966
f 2963 2968 2967
f 2967 2964 2966
f 2815 2970 2960
f 2814 2970 2815
f 2816 2971 2970 2814
f 2816 2972 2971
f 2973 2972 2816
f 2817 2973 2816
f 2973 2974 2972
f 2974 2973 2975
f 2976 2975 2962
f 2974 2975 2976
f 2817 2975 2973
f 2962 2975 2963
f 2975 2968 2963
f 2817 2977 2975
f 2824 2979 2978 2820
f 2824 2980 2979
f 2820 2977 2817
f 2978 2977 2820
f 2981 2983 2830
f 2830 2982 2829
f 2983 2982 2830
f 2984 2985 2983
f 2984 2986 2985
f 2983 2987 2982
f 2832 2829 2982
f 2985 2987 2983
f 2986 2988 2985
f 2832 2982 2989 2831
f 2985 2990 2987
f 2988 2990 2985
f 2987 2989 2982
f 2836 2981 2830
f 2836 2992 2981
f 2836 2837 2992
f 2981 2984 2983
f 2981 2992 2984
f 2994 2996 2993
f 2996 2997 2993
f 2997 2996 2995
f 2995 2998 2997
f 2993 2997 2999 2991
f 2844 3000 2837
f 2844 3001 3000
f 2844 3002 3001
f 2837 3004 3003
f 3000 3004 2837
f 3000 3005 3004
f 3000 3006 3005
f 3005 3006 2994
f 3006 3000 3001
f 2996 3001 2995
f 3006 2996 2994
f 2996 3006 3001
f 2995 3001 2998
f 2843 3002 2844
f 3007 3002 2843
f 2851 3008 3007 2843
f 3007 3010 3002
f 3008 3011 3007
f 3011 3010 3007
f 3011 3012 3010
f 2848 3013 2849
f 2849 3013 2850
f 2848 3014 3013
f 3013 3009 2850
f 3013 3015 3009
f 3015 3016 3009
f 2869 3017 2863 2862
f 2868 2867 2873
f 2869 3018 3017
f 3018 2869 2868
f 3017 3019 2863
f 3020 2870 2872
f 2871 3021 2873
f 3021 2871 2870
f 3021 2870 3020
f 3020 2873 3021
f 3022 2868 2873
f 3018 2868 3022
f 3022 2873 3023
f 3018 3019 3017
f 3018 3024 3019
f 3024 3025 3019
f 3018 3026 3025 3024
f 3019 3027 2864 2863
f 3025 3027 3019
f 3028 2872 2933
f 3028 3020 2872
f 3029 3020 3028
f 3029 2873 3020
f 3030 3028 2933 2940
f 3031 3028 3030
f 3029 3028 3031
f 3029 3023 2873
f 3022 3023 3018
f 3026 3018 3023 3032
f 3030 2940 2945
f 3034 2945 2944
f 3033 3034 2944
f 3034 3030 2945
f 3034 3031 3030
f 3035 3031 3034
f 3036 3029 3031
f 3035 3036 3031
f 3037 3035 3034
f 3023 3029 3036
f 3032 3023 3036
f 3038 3032 3036
f 3038 3036 3035
f 3038 3035 3037
f 3032 3039 3026
f 3039 3032 3038
f 3040 3039 3038
f 3039 3025 3026
f 3041 2811 2952
f 2880 1559 2878
f 2811 3043 3042 2879
f 3043 2811 3041
f 2880 3044 1559
f 2880 3042 3044
f 3042 2880 2879
f 3044 1682 1559
f 3042 3045 3044
f 3043 3045 3042
f 3047 3041 3046
f 3047 3043 3041
f 3043 3048 3045
f 3048 3043 3047
f 3046 3041 2952
f 3044 3050 1682
f 3045 3050 3044
f 3051 2955 2956
f 3049 3051 2956
f 1682 3050 1683
f 3046 2952 2957
f 3050 1684 1683
f 3045 3053 3050
f 3048 3053 3045
f 3055 2959 2955
f 3051 3055 2955
f 3052 3055 3051
f 3054 3056 3052
f 3052 3056 3055
f 3057 3058 2961
f 3057 2961 2960
f 3058 2956 2961
f 3060 3062 3058 3057
f 3063 3062 3060
f 3061 3064 3060
f 3064 3063 3060
f 3058 3049 2956
f 3058 3065 3049
f 3062 3065 3058
f 3067 3065 3062
f 3062 3063 3067
f 3070 3067 3063
f 3063 3064 3069 3068
f 3071 3072 2965
f 3065 3051 3049
f 3071 3066 3072
f 3073 3068 3071
f 3068 3066 3071
f 3068 3069 3066
f 3070 3063 3068
f 3074 3071 2964
f 3071 2965 2964
f 3075 3073 3074
f 3073 3071 3074
f 3065 3054 3052 3051
f 3067 3054 3065
f 3076 3073 3075
f 3076 3068 3073
f 3067 3076 3054
f 3070 3076 3067
f 3076 3070 3068
f 3075 3074 3077
f 3077 2964 2969
f 3077 3074 2964
f 3079 3075 3077
f 3078 3076 3079
f 3076 3075 3079
f 3076 3080 3054
f 3080 3076 3078
f 3059 3057 2960 2970
f 3081 3059 2970
f 3081 2970 2971
f 3060 3057 3059
f 3082 3059 3081
f 3083 3082 3081 2971
f 3061 3060 3059
f 3082 3061 3059
f 3083 2971 2972
f 3083 3084 3082
f 3061 3084 3064
f 3082 3084 3061
f 3072 2976 2962
f 2976 2972 2974
f 3066 3085 3072
f 3085 2976 3072
f 3085 3083 2972 2976
f 3086 3085 3066
f 3083 3085 3084
f 3069 3086 3066
f 3084 3086 3069 3064
f 3086 3084 3085
f 2965 3072 2962
f 2887 2824 2825
f 2888 2887 2825
f 2889 2823 2892
f 2888 3087 2887
f 2888 3088 3087
f 2889 3088 2888
f 3089 3088 2889
f 2887 3090 2824
f 3091 2889 2892
f 3087 3090 2887
f 3089 2889 3091
f 3090 2980 2824
f 3090 3093 3092
f 3087 3093 3090
f 3094 3089 3091
f 3090 3092 2980
f 3088 3095 3087
f 3089 3095 3088
f 3089 3096 3095
f 3096 3089 3094
f 3087 3097 3093
f 3095 3097 3087
f 3096 3098 3097 3095
f 3094 3091 2892
f 3100 2892 2831
f 3099 2986 2984
f 3099 3101 2986
f 3101 2988 2986
f 3100 2831 2989
f 3101 3104 2988
f 3094 2892 3100
f 3102 3104 3101
f 3103 3105 3102
f 3106 2990 2988
f 3104 3106 2988
f 3102 3109 3104
f 3105 3109 3102
f 3105 3103 3108
f 3104 3110 3106
f 3111 3108 3107
f 3109 3110 3104
f 3105 3108 3112
f 3003 2992 2837
f 3113 2984 2992
f 3115 3114 2992 3003
f 3114 3113 2992
f 3113 3099 2984
f 3113 3116 3099
f 3114 3116 3113
f 3117 3116 3114
f 3114 3118 3117
f 3115 3118 3114
f 3119 3117 3118
f 3116 3102 3101 3099
f 3117 3122 3116
f 3119 3123 3120 3121
f 3118 3123 3119
f 3103 3102 3116
f 3122 3103 3116
f 3117 3119 3122
f 3124 2994 2993
f 3124 3125 2994
f 3124 3120 3125
f 3121 3124 3126
f 3121 3120 3124
f 3119 3121 3122
f 3103 3122 3121 3127
f 3128 3124 2993
f 3128 3126 3124
f 3129 3126 3128
f 3127 3121 3129
f 3121 3126 3129
f 3107 3128 2991
f 3128 2993 2991
f 3129 3128 3107
f 3108 3129 3107
f 3127 3108 3103
f 3108 3127 3129
f 3130 3115 3003
f 3130 3003 3004
f 3131 3130 3004 3005
f 3130 3131 3132
f 3115 3132 3118
f 3132 3115 3130
f 3133 3005 2994
f 3123 3131 3133 3125
f 3131 3005 3133
f 3131 3123 3132
f 3132 3123 3118
f 3133 2994 3125
f 3123 3125 3120
f 2926 2920 2850
f 2924 3134 2851
f 2923 2921 2927
f 3134 3008 2851
f 2924 3135 3134
f 2925 3136 3135 2924
f 2928 3136 2925
f 2928 3137 3136
f 2928 2923 2927 3137
f 3134 3138 3008
f 3009 2926 2850
f 3135 3138 3134
f 3139 2927 2926
f 2927 3140 3137
f 3138 3011 3008
f 3141 2926 3009
f 3136 3138 3135
f 3139 2926 3141
f 3137 3142 3136
f 3140 2927 3139
f 3140 3142 3137
f 3136 3143 3138
f 3136 3142 3143
f 3139 3144 3140
f 3142 3140 3144
f 3138 3145 3011
f 3139 3141 3146
f 3139 3148 3144
f 3143 3147 3145 3138
f 3142 3149 3143
f 3144 3149 3142
f 3145 3012 3011
f 3150 3139 3146
f 3149 3147 3143
f 3144 3151 3149
f 3148 3151 3144
f 3148 3139 3150
f 3146 3141 3009
f 3146 3009 3016
f 540 724 538
f 540 730 724
f 780 598 777
f 780 778 598
f 816 2943 642
f 816 1187 2943
f 2964 2967 2969
f 2968 3153 3152 2967
f 2967 3152 3154 2969
f 3152 3155 3154
f 3152 3156 3155
f 3153 3156 3152
f 2975 3159 2968
f 2977 3159 2975
f 3159 3153 2968
f 3159 3160 3153
f 3160 3156 3153
f 3159 2977 3161 3160
f 3160 3163 3162 3156
f 3161 3163 3160
f 3161 3164 3163
f 2977 3165 3161
f 3161 3165 3167 3164
f 3167 3165 3166
f 2978 3169 2977
f 2987 3170 2989
f 2990 3170 2987
f 2997 2998 3174
f 2999 2997 3174
f 2998 3175 3174
f 2999 3174 3171 2991
f 3175 3176 3174
f 3174 3172 3171
f 3176 3177 3174
f 3174 3178 3172
f 3177 3178 3174
f 3177 3179 3178
f 3176 3179 3177
f 3176 3180 3179
f 3001 3175 2998
f 3001 3182 3175
f 3175 3182 3176
f 3182 3183 3180 3176
f 3182 3185 3184
f 3182 3184 3186 3183
f 3184 3185 3187
f 3184 3187 3188 3186
f 3002 3185 3001
f 3010 3189 3002
f 3002 3190 3185
f 3189 3190 3002
f 3012 3189 3010
f 3185 3182 3001
f 3012 3191 3189
f 3014 3015 3013
f 3015 3193 3016
f 3014 3192 3015
f 3193 3015 3192
f 3039 3194 3027 3025
f 3056 3196 3195
f 3054 3080 3196 3056
f 2958 3197 2957
f 2959 3198 3197 2958
f 3199 3046 2957 3197
f 3055 3198 2959
f 3046 3199 3047
f 3056 3195 3198 3055
f 3200 3047 3199
f 3050 3201 1684
f 3053 3201 3050
f 3048 3200 3053
f 3200 3048 3047
f 3080 3202 3196
f 1684 1746 1665
f 3198 3203 3197
f 3201 1746 1684
f 3202 3195 3196
f 3203 3204 3197
f 3204 3199 3197
f 3205 3204 3203
f 3195 3203 3198
f 1746 3201 1750
f 3199 3206 3200
f 3206 3199 3204
f 3205 3206 3204
f 3207 3205 3203
f 3195 3207 3203
f 3195 3208 3207
f 3053 1757 3201
f 3053 3200 3206
f 3202 3208 3195
f 3202 3209 3208
f 3207 3208 3205
f 1757 1754 1750
f 1757 1750 3201
f 3053 3210 1757
f 3053 3211 3210
f 3211 3053 3206
f 3211 3206 3205
f 3208 3211 3205
f 3209 3212 3208
f 3211 3213 3210
f 3208 3213 3211
f 3212 3213 3208
f 3217 3215 3214
f 3213 3215 3217
f 3210 3218 1764 1757
f 3210 3216 3218
f 3213 3216 3210
f 3216 3213 3217
f 3213 3219 3215
f 3212 3219 3213
f 3209 3219 3212
f 3215 3220 3214
f 3220 3223 3221
f 3215 3223 3220
f 1764 1765 1762
f 3217 3222 3216
f 1764 3218 1765
f 3218 3216 3222
f 3219 3223 3215
f 3079 3077 2969
f 3154 3079 2969
f 3224 3079 3154
f 3078 3224 3202 3080
f 3224 3078 3079
f 3155 3225 3154
f 3226 3154 3225
f 3226 3224 3154
f 3224 3227 3202
f 3227 3224 3226
f 3228 3155 3156
f 3229 3225 3155
f 3227 3226 3225
f 3229 3227 3225
f 3231 3229 3155 3228
f 3231 3228 3230
f 3229 3232 3227
f 3233 3209 3202 3227
f 3233 3232 3229
f 3234 3233 3229
f 3234 3229 3231
f 3235 3234 3231
f 3233 3227 3232
f 3236 3234 3235
f 3233 3237 3209
f 3233 3234 3237
f 3234 3236 3237
f 3241 3239 3238
f 3240 3241 3238
f 3241 3243 3239
f 3242 3241 3240
f 3237 3243 3241
f 3236 3243 3237
f 3237 3242 3209
f 3242 3237 3241
f 3157 3238 3158
f 3238 3239 3158
f 3240 3238 3157
f 3240 3244 3242
f 3219 3242 3244
f 3242 3219 3209
f 3162 3228 3156
f 3230 3228 3162
f 3162 3245 3230
f 3245 3162 3163
f 3246 3231 3230
f 3246 3230 3245
f 3246 3235 3231
f 3247 3245 3163 3164
f 3247 3246 3245
f 3235 3248 3236
f 3246 3248 3235
f 3249 3167 3166
f 3239 3250 3249
f 3167 3247 3164
f 3250 3251 3249
f 3251 3167 3249
f 3251 3247 3167
f 3243 3250 3239
f 3250 3243 3251
f 3243 3247 3251
f 3248 3243 3236
f 3246 3243 3248
f 3243 3246 3247
f 3239 3249 3158
f 3249 3166 3158
f 3098 3096 3094 3252
f 3093 3253 3092
f 3097 3253 3093
f 3097 3254 3253
f 3097 3255 3254
f 3098 3255 3097
f 3092 3253 2980
f 3098 3256 3255
f 3256 3259 3255
f 3259 3256 3257 3258
f 3260 3170 2990
f 3106 3260 2990
f 3110 3260 3106
f 3111 3107 3171
f 3109 3261 3110
f 3112 3108 3111
f 3171 3107 2991
f 3252 3100 2989
f 3252 3094 3100
f 3110 3262 3260
f 3112 3111 3171
f 3109 3263 3261
f 3105 3263 3109
f 3263 3105 3112
f 2989 3265 3264
f 3265 2989 3170
f 3266 3265 3170
f 3260 3266 3170
f 3267 3171 3172
f 3264 3252 2989
f 3262 3266 3260
f 3267 3112 3171
f 3261 3268 3262 3110
f 3261 3269 3268
f 3270 3112 3267
f 3263 3269 3261
f 3263 3270 3269
f 3263 3112 3270
f 3272 3267 3172
f 3273 3272 3172 3271
f 3275 3274 3264 3265
f 3275 3265 3266
f 3262 3275 3266
f 3274 3252 3264
f 3267 3272 3270
f 3252 3274 3098
f 3269 3276 3268
f 3277 3269 3270
f 3275 3278 3274
f 3262 3278 3275
f 3268 3276 3278 3262
f 3272 3273 3277 3270
f 3280 3098 3274
f 3278 3280 3274
f 3278 3276 3280
f 3279 3281 3273
f 3280 3256 3098
f 3269 3282 3276
f 3277 3282 3269
f 3277 3283 3282
f 3283 3277 3273 3281
f 3285 3283 3286
f 3256 3280 3257
f 3280 3288 3284 3257
f 3276 3288 3280
f 3282 3288 3276
f 3289 3285 3287
f 3283 3289 3282
f 3289 3283 3285
f 3291 3294 3292
f 3294 3293 3292
f 3285 3286 3290
f 3258 3294 3291
f 3257 3294 3258
f 3294 3295 3293
f 3284 3295 3294 3257
f 3288 3295 3284
f 3282 3296 3288
f 3289 3296 3282
f 3296 3289 3287
f 3271 3172 3178
f 3179 3271 3178
f 3179 3297 3271
f 3180 3297 3179
f 3279 3273 3271
f 3298 3279 3271 3297
f 3298 3297 3180
f 3299 3298 3180
f 3298 3281 3279
f 3298 3300 3281
f 3299 3300 3298
f 3300 3283 3281
f 3283 3302 3301 3286
f 3300 3302 3283
f 3302 3300 3303
f 3173 3304 3181
f 3286 3173 3290
f 3304 3305 3181
f 3286 3301 3304 3173
f 3301 3303 3305 3304
f 3302 3303 3301
f 3299 3180 3183
f 3306 3183 3186
f 3307 3299 3183
f 3308 3307 3183 3306
f 3299 3309 3300
f 3309 3299 3307
f 3310 3307 3308
f 3310 3309 3307
f 3300 3310 3303
f 3300 3309 3310
f 3188 3306 3186
f 3305 3188 3181
f 3306 3188 3308
f 3303 3188 3305
f 3303 3308 3188
f 3303 3310 3308
f 3147 3311 3145
f 3151 3312 3149
f 3148 3312 3151
f 3147 3313 3311
f 3149 3313 3147
f 3148 3150 3314
f 3145 3315 3012
f 3311 3315 3145
f 3315 3191 3012
f 3149 3316 3313
f 3312 3316 3149
f 3317 3146 3016
f 3150 3146 3317
f 3317 3016 3193
f 3314 3150 3317
f 3318 3317 3193
f 3319 3317 3318
f 3314 3317 3319
f 845 846 706
f 846 845 849
f 806 797 944 631
f 963 964 638
f 3321 3324 3320
f 3322 3324 3321
f 3323 3324 3322
f 3324 3325 3320
f 3323 3327 3324
f 3158 3328 3157
f 3158 3329 3328
f 3328 3330 3331 3157
f 3328 3332 3330
f 3332 3333 3330
f 3330 3334 3331
f 3333 3335 3330
f 3334 3330 3335
f 3335 3336 3334
f 3335 3337 3336
f 3333 3337 3335
f 2977 3168 3165
f 3329 3166 3328
f 3158 3166 3329
f 3166 3168 3328
f 3166 3165 3168
f 3168 3332 3328
f 3332 3338 3333
f 3333 3340 3337
f 3340 3333 3338
f 3332 3341 3338
f 3339 3341 3332
f 2977 3332 3168
f 3169 3332 2977
f 2980 3342 2979
f 2978 3343 3169
f 2979 3343 2978
f 3342 3343 2979
f 3169 3339 3332
f 3344 3345 3349
f 3348 3350 3347
f 3347 3353 3346
f 3350 3353 3347
f 3353 3354 3355 3346
f 3356 3350 3351
f 3353 3357 3354
f 3350 3358 3353
f 3356 3358 3350
f 3356 3359 3358
f 3173 3360 3344
f 3181 3361 3360 3173
f 3360 3345 3344
f 3361 3345 3360
f 3362 3345 3361
f 3363 3349 3345
f 3345 3364 3363
f 3345 3365 3364
f 3363 3352 3349
f 3363 3366 3352
f 3364 3367 3363
f 3364 3368 3367
f 3367 3369 3366 3363
f 3368 3370 3369 3367
f 3181 3362 3361
f 3188 3362 3181
f 3187 3362 3188
f 3187 3365 3362
f 3185 3365 3187
f 3362 3365 3345
f 3185 3371 3365
f 3364 3372 3368
f 3365 3371 3372 3364
f 3373 3370 3368
f 3373 3368 3372
f 3190 3371 3185
f 3191 3374 3189
f 3189 3375 3190
f 3374 3375 3189
f 3191 3376 3374
f 3190 3375 3371
f 3376 3377 3374
f 3193 3380 3379
f 3380 3193 3192
f 2864 3014 2848
f 3381 3382 2864
f 3383 3220 3384
f 3220 3383 3214
f 3220 3221 3384
f 3385 3214 3383
f 3217 3385 3222
f 3385 3217 3214
f 1765 3386 1824
f 3218 3386 1765
f 3219 3387 3223
f 3223 3389 3221
f 3223 3390 3389
f 3387 3390 3223
f 3384 3321 3320 3383
f 3384 3322 3321
f 1824 1826 1807
f 3388 3385 3383 3320
f 3221 3389 3322 3384
f 3392 3385 3388
f 3386 3393 1826 1824
f 3392 3222 3385
f 3218 3393 3386
f 3222 3394 3218
f 3394 3222 3392
f 3387 3395 3390
f 3389 3391 3322
f 3390 3397 3391 3389
f 3395 3397 3390
f 3391 3323 3322
f 3395 3398 3397
f 3391 3399 3323
f 3391 3397 3399
f 3397 3400 3399
f 3398 3400 3397
f 3392 3388 3401
f 3399 3402 3323
f 3218 3403 3393
f 3394 3403 3218
f 3240 3405 3244
f 3405 3240 3157
f 3406 3244 3405
f 3244 3406 3387 3219
f 3404 3405 3157 3331
f 3406 3405 3404
f 3407 3406 3404
f 3406 3396 3395 3387
f 3396 3406 3407
f 3408 3404 3331
f 3408 3331 3334
f 3408 3407 3404
f 3395 3396 3407
f 3409 3408 3334
f 3410 3407 3408
f 3411 3409 3334 3336
f 3410 3408 3409
f 3412 3410 3409 3411
f 3413 3407 3410
f 3395 3407 3413
f 3414 3411 3336 3337
f 3415 3412 3411
f 3415 3411 3414
f 3417 3413 3410 3412
f 3415 3417 3412
f 3398 3416 3400
f 3395 3416 3398
f 3416 3395 3413
f 3418 3416 3413
f 3418 3413 3417
f 3400 3402 3399
f 3400 3419 3402
f 3420 3415 3414
f 3400 3416 3419
f 3416 3421 3419
f 3420 3417 3415
f 3416 3418 3421
f 3422 3414 3337
f 3422 3337 3340
f 3423 3414 3422
f 3423 3420 3414
f 3255 3259 3254
f 3259 3258 3424
f 3253 3342 2980
f 3254 3426 3425
f 3259 3426 3254
f 3254 3425 3253
f 3427 3424 3346
f 3259 3428 3426
f 3424 3429 3428 3259
f 3429 3424 3427
f 3253 3425 3342
f 3425 3431 3342
f 3430 3431 3425
f 3426 3432 3430 3425
f 3428 3432 3426
f 3344 3290 3173
f 3292 3293 3348
f 3434 3290 3344
f 3434 3285 3290
f 3424 3258 3291
f 3293 3436 3433
f 3295 3436 3293
f 3287 3434 3435
f 3285 3434 3287
f 3288 3436 3295
f 3288 3296 3436
f 3292 3347 3346 3291
f 3348 3347 3292
f 3293 3433 3348
f 3349 3434 3344
f 3346 3424 3291
f 3435 3434 3349
f 3296 3437 3436
f 3287 3438 3437 3296
f 3438 3287 3435
f 3433 3351 3348
f 3427 3346 3439
f 3440 3435 3349
f 3436 3441 3433
f 3437 3441 3436
f 3351 3350 3348
f 3442 3440 3349 3352
f 3433 3441 3351
f 3443 3440 3442
f 3443 3435 3440
f 3438 3435 3443
f 3437 3445 3441
f 3445 3437 3438 3444
f 3441 3356 3351
f 3441 3446 3356
f 3444 3438 3443
f 3448 3444 3443
f 3445 3447 3441
f 3449 3445 3444
f 3450 3439 3346 3355
f 3439 3450 3427
f 3451 3443 3442
f 3447 3446 3441
f 3447 3452 3446
f 3448 3443 3451
f 3445 3449 3452 3447
f 3449 3444 3448
f 3446 3359 3356
f 3452 3453 3446
f 3446 3453 3359
f 3442 3352 3366
f 3454 3366 3369
f 3366 3451 3442
f 3451 3366 3454
f 3448 3451 3455
f 3456 3454 3369
f 3457 3456 3369
f 3457 3369 3370
f 3458 3454 3456
f 3455 3451 3454
f 3458 3455 3454
f 3449 3459 3452
f 3449 3448 3455
f 3460 3449 3455
f 3313 3461 3311
f 3148 3462 3312
f 3462 3148 3314
f 3461 3315 3311
f 3313 3316 3461
f 3316 3463 3461
f 3315 3376 3191
f 3461 3376 3315
f 3464 3319 3318
f 3465 3314 3319 3464
f 3312 3466 3316
f 3462 3465 3466 3312
f 3465 3462 3314
f 3461 3467 3376
f 3463 3467 3461
f 3316 3468 3463
f 3466 3468 3316
f 3468 3467 3463
f 3376 3469 3377
f 3467 3469 3376
f 3470 3464 3318
f 3465 3464 3470
f 3466 3471 3468
f 3471 3466 3465
f 3318 3193 3379
f 3470 3318 3379 3378
f 841 976 842
f 257 980 253
f 980 976 253
f 980 257 981
f 980 998 977
f 998 980 981
f 997 998 1010
f 1021 887 1010
f 1065 955 940
f 1104 965 1102
f 3472 965 1104
f 3474 3472 1104 3473
f 3477 3476 965
f 3472 3477 965
f 3478 3477 3472
f 3480 3478 3472
f 3481 3478 3480
f 3479 3478 3481
f 3482 3479 3481
f 3474 3480 3472
f 3483 3480 3474
f 3481 3480 3483
f 3484 3481 3483
f 3484 3482 3481
f 3485 3486 3482 3484
f 3475 3483 3474
f 3487 3484 3483
f 3488 3485 3484
f 3487 3483 3475
f 3489 3484 3487
f 3490 3484 3489
f 3490 3488 3484
f 3476 966 965
f 3491 966 3476
f 3491 3476 3477
f 3492 3477 3478
f 3493 3491 3477 3492
f 3479 3494 3478
f 3494 3492 3478
f 3493 3492 3494
f 3494 3495 3493
f 3496 3494 3479
f 3495 3494 3496
f 3482 3496 3479
f 3496 3497 3495
f 3498 3497 3496
f 3486 3496 3482
f 3486 3498 3496
f 3498 3499 3497
f 3500 3498 3486
f 3500 3501 3498
f 3498 3501 3499
f 3491 1105 966
f 3502 3491 3493
f 3502 1105 3491
f 3503 3502 3493
f 3503 3493 3495
f 3495 3504 3503
f 3504 3505 3503
f 3497 3504 3495
f 3504 3506 3505
f 3499 3507 3504 3497
f 3508 3507 3499
f 3507 3506 3504
f 3509 3502 3503
f 3509 1105 3502
f 3510 3509 3503
f 3503 3511 3510
f 3505 3511 3503
f 3512 3511 3505
f 3506 3512 3505
f 3511 3513 3510
f 3506 3514 3512
f 3507 3514 3506
f 3507 3515 3514
f 3509 1106 1105
f 1156 1106 3509
f 1156 3509 3510
f 3324 3327 3326
f 3325 3516 3320
f 3325 3324 3326
f 3327 3517 3326
f 3325 3518 3516
f 3518 3325 3326
f 3518 3519 3516
f 3326 3520 3518
f 1931 3520 1930
f 1931 3518 3520
f 3519 3518 1931
f 1930 3520 1933
f 3326 3521 3520
f 3517 3521 3326
f 3521 1933 3520
f 3522 3523 1935 1933
f 3323 3524 3327
f 3327 3525 3517
f 3524 3525 3327
f 3524 3527 3525
f 3526 3527 3524
f 3527 3529 3525
f 3528 3527 3526
f 3525 3521 3517
f 3529 3521 3525
f 3521 3522 1933
f 3338 3530 3340
f 3341 3530 3338
f 3530 3531 3533
f 3341 3531 3530
f 3339 3534 3341
f 3341 3534 3531
f 3528 3529 3527
f 3532 3529 3528
f 3533 3529 3532
f 3529 3533 3531
f 3529 3534 3521
f 3531 3534 3529
f 3534 3522 3521
f 3342 3535 3343
f 3535 3536 3343
f 3343 3537 3169
f 3536 3537 3343
f 3535 3539 3536
f 3169 3537 3534 3339
f 3536 3541 3537
f 3540 3541 3536 3539
f 3538 3541 3540
f 3537 3542 3522 3534
f 3541 3542 3537
f 3542 3523 3522
f 3358 3357 3353
f 3359 3543 3358
f 3357 3545 3544 3354
f 3358 3546 3357
f 3358 3547 3546
f 3354 3544 3548 3355
f 3546 3545 3357
f 3545 3549 3544
f 3548 3549 3538
f 3544 3549 3548
f 3549 3541 3538
f 3549 3542 3541
f 3545 3542 3549
f 3546 3542 3545
f 3550 3523 3542
f 3358 3543 3547
f 3543 3551 3547
f 3551 3553 3547
f 3552 3553 3551
f 3553 3546 3547
f 3553 3554 3546
f 3546 3550 3542
f 3546 3555 3550
f 3546 3554 3555
f 3554 3556 3555
f 3373 3372 3557
f 3373 3557 3558
f 3372 3554 3559 3557
f 3371 3375 3554 3372
f 3557 3559 3558
f 3375 3561 3554
f 3559 3553 3552
f 3560 3561 3375
f 3559 3554 3553
f 3560 3562 3561
f 3561 3563 3554
f 3561 3564 3563
f 3554 3563 3556
f 3377 3375 3374
f 3377 3560 3375
f 3566 3378 3565
f 3567 3566 3565
f 3565 3568 3567
f 3566 3567 3569
f 3192 3570 3380
f 3014 3570 3192
f 3379 3380 3378
f 3380 3570 3565
f 3382 3571 3014
f 3378 3380 3565
f 3014 3572 3570
f 3571 3572 3014
f 3570 3568 3565
f 3571 3574 3572
f 3573 3574 3571
f 3570 3572 3568
f 2864 3382 3014
f 3577 3571 3382
f 3577 3579 3571
f 3571 3579 3573
f 3579 3578 3580
f 3579 3580 3582
f 3579 3583 3573
f 3583 3579 3582
f 3485 3584 3486
f 3585 3581 3584 3485
f 3582 3580 3585
f 3580 3581 3585
f 3585 3485 3488
f 3586 3582 3585
f 3573 3576 3574
f 3576 3583 3582 3575
f 3583 3576 3573
f 3587 3488 3490
f 3588 3585 3488 3587
f 3586 3585 3588
f 3582 3586 3575
f 3381 3577 3382
f 3381 3590 3577
f 3589 3590 3381
f 3579 3590 3578
f 3590 3579 3577
f 3590 3591 3578
f 3589 3591 3590
f 3578 3592 3580
f 3592 3578 3593
f 3578 3594 3593
f 3578 3591 3594
f 3508 3499 3501
f 3584 3501 3500
f 3595 3508 3501
f 3581 3595 3584
f 3595 3501 3584
f 3595 3596 3508
f 3593 3596 3595
f 3580 3592 3595 3581
f 3592 3593 3595
f 3593 3594 3596
f 3584 3500 3486
f 2864 3589 3381
f 3589 3597 3591
f 3597 3598 3591
f 3594 3599 3596
f 3591 3600 3594
f 3598 3600 3591
f 3596 3601 3508
f 3601 3507 3508
f 3599 3601 3596
f 3600 3599 3594
f 3599 3602 3601
f 2864 3604 3589
f 3604 3597 3589
f 3600 3605 3603 3599
f 3598 3605 3600
f 3598 3606 3605
f 3597 3606 3598
f 3604 3607 3597
f 3603 3602 3599
f 3607 3606 3597
f 3601 3608 3515 3507
f 3602 3608 3601
f 3606 3609 3605
f 3607 3609 3606
f 3604 3610 3607
f 3611 3610 2864
f 2864 3610 3604
f 3401 3388 3320 3516
f 3612 3392 3401
f 3393 1961 1826
f 3393 3613 1961
f 3403 3613 3393
f 3394 3612 3403
f 3612 3394 3392
f 3614 3612 3401
f 3613 3403 3612
f 3519 3401 3516
f 1962 3617 3615
f 1961 3617 1962
f 3617 3614 3616 3615
f 3614 3519 3616
f 3614 3401 3519
f 3613 3617 1961
f 3612 3617 3613
f 3617 3612 3614
f 1962 3615 1931 1929
f 3615 3616 1931
f 3616 3519 1931
f 3618 1965 1935
f 3618 1935 3523
f 3402 3524 3323
f 3419 3619 3402
f 3421 3620 3419
f 3420 3622 3621 3417
f 3418 3620 3421
f 3418 3621 3620
f 3418 3417 3621
f 3622 3623 3621
f 3402 3619 3524
f 3619 3526 3524
f 3619 3624 3526
f 3620 3619 3419
f 3620 3625 3619
f 3620 3623 3625
f 3621 3623 3620
f 3624 3528 3526
f 3624 3626 3528
f 3619 3625 3624
f 3625 3626 3624
f 3340 3627 3422
f 3530 3627 3340
f 3422 3628 3423
f 3628 3422 3627
f 3629 3420 3423
f 3629 3423 3628
f 3630 3628 3627 3530
f 3628 3630 3629
f 3629 3631 3420
f 3623 3622 3631
f 3622 3420 3631
f 3626 3532 3528
f 3532 3630 3533
f 3630 3530 3533
f 3626 3632 3532
f 3632 3630 3532
f 3630 3632 3629
f 3631 3625 3623
f 3625 3632 3626
f 3631 3632 3625
f 3629 3632 3631
f 3431 3535 3342
f 3430 3633 3431
f 3428 3635 3432
f 3429 3636 3635 3428
f 3636 3429 3427 3634
f 3431 3633 3535
f 3430 3637 3633
f 3432 3637 3430
f 3635 3637 3432
f 3633 3638 3535
f 3637 3638 3633
f 3637 3639 3638
f 3637 3636 3640 3639
f 3636 3634 3640
f 3636 3637 3635
f 3638 3539 3535
f 3639 3540 3539 3638
f 3540 3639 3538
f 3639 3640 3538
f 3453 3641 3359
f 3452 3459 3453
f 3641 3543 3359
f 3450 3634 3427
f 3548 3450 3355
f 3634 3450 3548
f 3640 3548 3538
f 3634 3548 3640
f 3453 3642 3641
f 3457 3458 3456
f 3643 3458 3457
f 3459 3642 3453
f 3644 3455 3458
f 3643 3644 3458
f 3449 3460 3459
f 3460 3455 3644
f 3645 3460 3644
f 3641 3646 3543
f 3642 3646 3641
f 3459 3647 3642
f 3643 3648 3645 3644
f 3460 3645 3459
f 3645 3647 3459
f 3646 3649 3543
f 3647 3649 3646
f 3642 3647 3646
f 3647 3650 3649
f 3645 3651 3647
f 3651 3650 3647
f 3648 3651 3645
f 3651 3652 3650
f 3648 3652 3651
f 3649 3551 3543
f 3649 3552 3551
f 3649 3650 3552
f 3650 3653 3552
f 3373 3457 3370
f 3373 3558 3654 3457
f 3655 3643 3457 3654
f 3652 3648 3643 3655
f 3657 3654 3656
f 3654 3558 3656
f 3657 3655 3654
f 3650 3652 3657
f 3652 3655 3657
f 3656 3559 3552
f 3656 3558 3559
f 3653 3656 3552
f 3653 3657 3656
f 3657 3653 3650
f 3562 3564 3561
f 3562 3658 3564
f 3658 3661 3564
f 3659 3662 3658
f 3660 3662 3659
f 3564 3661 3563
f 3661 3664 3563
f 3665 3664 3661
f 3662 3665 3661
f 3662 3661 3658
f 3666 3665 3662
f 3660 3666 3662
f 3663 3668 3666 3660
f 3467 3669 3469
f 3670 3465 3470
f 3467 3671 3669
f 3468 3671 3467
f 3471 3465 3670
f 3672 3671 3468
f 3471 3672 3468
f 3469 3673 3377
f 3669 3673 3469
f 3673 3674 3560 3377
f 3470 3378 3566
f 3673 3676 3674
f 3670 3470 3675
f 3669 3676 3673
f 3671 3676 3669
f 3677 3672 3471 3670
f 3675 3470 3566
f 3678 3670 3675
f 3679 3670 3678
f 3671 3663 3676
f 3677 3679 3680
f 3677 3670 3679
f 3674 3562 3560
f 3659 3562 3674
f 3676 3659 3674
f 3663 3659 3676
f 3672 3677 3663 3671
f 3681 3675 3566
f 3675 3681 3678
f 3659 3658 3562
f 3663 3660 3659
f 3680 3679 3678
f 3681 3566 3569
f 3682 3678 3681
f 3682 3680 3678
f 3683 3680 3682
f 3677 3683 3663
f 3683 3677 3680
f 3684 3681 3569
f 3681 3684 3682
f 3685 3682 3684
f 3667 3682 3685
f 3668 3683 3667
f 3663 3683 3668
f 3683 3682 3667
f 1154 1101 1151
f 3475 3474 3473
f 1155 1104 1102
f 3475 3473 3686
f 3686 3687 3475
f 3686 3473 1104
f 3689 3688 3687
f 3691 1104 1155
f 3686 1104 3691
f 3693 3687 3686
f 3690 3689 3687
f 3692 3686 3691
f 3693 3686 3692
f 3690 3687 3693
f 3695 3694 3690
f 3696 3690 3693
f 3695 3690 3696
f 3697 3693 3692
f 3696 3693 3697
f 3698 3695 3696
f 3688 3487 3475
f 3688 3475 3687
f 3699 3489 3487 3688
f 3490 3489 3699
f 3699 3688 3689
f 3700 3490 3699
f 3690 3699 3689
f 3700 3699 3690
f 3694 3700 3690
f 3512 3701 3511
f 3514 3702 3701 3512
f 3515 3703 3514
f 3514 3703 3702
f 3515 3704 3703
f 3513 1156 3510
f 3705 1156 3513
f 3701 3513 3511
f 3706 1156 3705
f 3513 3707 3705
f 3701 3707 3513
f 3702 3708 3701
f 3703 3709 3708 3702
f 3704 3710 3703
f 3701 3708 3707
f 3708 3711 3707
f 3710 3709 3703
f 3709 3712 3708
f 3709 3713 3712
f 3710 3713 3709
f 1157 1156 3706
f 3714 3706 3705
f 3707 3714 3705
f 3715 3706 3714
f 3715 1157 3706
f 3712 3711 3708
f 3711 3714 3707
f 3716 3714 3711
f 3713 3717 3712
f 3718 3715 3714
f 3719 3715 3718
f 3716 3718 3714
f 3712 3717 3711
f 3719 1157 3715
f 2037 3720 2038
f 3720 3721 2038
f 2038 3722 2036
f 3721 3722 2038
f 3722 3723 2036
f 3720 3725 3721
f 3726 3725 3720
f 3550 3724 3523
f 3725 3727 3721
f 3727 3722 3721
f 3555 3724 3550
f 3555 3556 3724
f 3729 3725 3726
f 3729 3727 3725
f 3727 3723 3722
f 3730 3731 3728
f 3730 3732 3731
f 3728 3731 3729
f 3731 3733 3727
f 3731 3727 3729
f 3733 3723 3727
f 3569 3567 3732
f 3567 3568 3732
f 3569 3732 3730
f 3732 3733 3731
f 3568 3733 3732
f 3733 3734 3723
f 3575 3738 3576
f 3738 3575 3735
f 3572 3736 3733 3568
f 3739 3576 3738
f 3576 3739 3574
f 3574 3740 3736 3572
f 3739 3740 3574
f 3741 3737 3694
f 3741 3738 3737
f 3739 3738 3741
f 3742 3741 3694 3695
f 3743 3739 3741
f 3743 3741 3742
f 3736 3734 3733
f 3735 3586 3588
f 3575 3586 3735
f 3744 3588 3587
f 3735 3588 3744
f 3700 3587 3490
f 3587 3700 3744
f 3737 3735 3744
f 3738 3735 3737
f 3737 3744 3700
f 3737 3700 3694
f 3602 3603 3745
f 3605 3746 3603
f 3608 3747 3704 3515
f 3602 3747 3608
f 3745 3747 3602
f 3746 3745 3603
f 3609 3746 3605
f 3607 3748 3609
f 3610 3748 3607
f 3745 3749 3747
f 3746 3749 3745
f 3747 3750 3710 3704
f 3746 3751 3749
f 3609 3751 3746
f 3747 3752 3750
f 3749 3752 3747
f 3609 3753 3751
f 3748 3753 3609
f 3610 3754 3753 3748
f 3610 3755 3754
f 3749 3756 3752
f 3751 3756 3749
f 3752 3757 3750
f 3753 3758 3751
f 3755 3759 3753 3754
f 3750 3757 3713 3710
f 3752 3760 3757
f 3756 3760 3752
f 3758 3756 3751
f 3610 3611 3755
f 3761 1965 3618
f 3762 2042 1965 3761
f 2045 2042 3762
f 2045 3763 2049
f 2050 2049 3763
f 3764 2050 3763
f 2050 3765 2052
f 3765 3764 3766
f 2050 3764 3765
f 2051 3767 2037
f 3767 3720 2037
f 2052 3767 2051
f 2052 3766 3768 3767
f 3765 3766 2052
f 3769 2045 3762
f 3769 3763 2045
f 3618 3523 3724
f 3769 3770 3763
f 3764 3763 3770
f 3767 3726 3720
f 3768 3772 3767
f 3772 3726 3767
f 3768 3773 3772
f 3766 3774 3768
f 3774 3773 3768
f 3764 3774 3766
f 3771 3774 3764
f 3761 3618 3724
f 3775 3761 3724
f 3776 3762 3761 3775
f 3776 3769 3762
f 3770 3769 3776
f 3777 3770 3776
f 3764 3777 3771
f 3777 3764 3770
f 3774 3778 3773
f 3771 3778 3774
f 3772 3729 3726
f 3775 3724 3556
f 3664 3775 3556
f 3779 3776 3775
f 3780 3779 3775 3664
f 3777 3776 3779
f 3781 3777 3779
f 3780 3781 3779
f 3780 3782 3781
f 3783 3781 3782
f 3777 3783 3771
f 3781 3783 3777
f 3786 3785 3772
f 3773 3786 3772
f 3786 3784 3785
f 3778 3786 3773
f 3783 3778 3771
f 3778 3784 3786
f 3783 3784 3778
f 3785 3729 3772
f 3729 3785 3728
f 3563 3664 3556
f 3788 3780 3664
f 3788 3664 3665
f 3666 3788 3665
f 3666 3789 3788
f 3787 3667 3685
f 3791 3790 3788
f 3791 3788 3789
f 3668 3789 3666
f 3668 3787 3789
f 3668 3667 3787
f 3793 3792 3730
f 3793 3787 3792
f 3787 3685 3684 3792
f 3794 3787 3793
f 3788 3782 3780
f 3788 3790 3782
f 3791 3787 3794
f 3789 3787 3791
f 3795 3793 3730
f 3784 3793 3795
f 3794 3793 3784
f 3783 3794 3784
f 3782 3794 3783
f 3790 3794 3782
f 3791 3794 3790
f 3785 3795 3728
f 3795 3730 3728
f 3784 3795 3785
f 3792 3569 3730
f 3792 3684 3569
f 3801 3799 3798
f 3800 3801 3798
f 3798 3804 3802
f 3798 3802 3803
f 3805 3798 3803
f 3799 3806 3804
f 3798 3799 3804
f 3800 3798 3805
f 3799 3807 3806
f 3803 3802 3809 3810
f 3811 3803 3810
f 3812 3803 3811
f 3812 3805 3803
f 3804 3806 3813
f 3809 3804 3814
f 3809 3802 3804
f 3813 3814 3804
f 3806 3815 3813
f 3807 3815 3806
f 1159 3810 3809
f 3817 3810 1159
f 3809 3814 3816
f 3813 3818 3814
f 3819 3809 3816
f 1159 3809 3819
f 3816 3814 3818
f 3813 3820 3818
f 3813 3796 3820
f 3815 3796 3813
f 3797 3796 3815
f 3821 3800 3805
f 3808 3800 3821
f 3821 3805 3812
f 3823 3821 3812
f 3808 3821 3823
f 3822 3811 3810
f 3822 3812 3811
f 3823 3812 3822
f 3824 3808 3823
f 3822 3810 3825
f 3823 3822 3826
f 3824 3823 3827
f 3801 3829 3799
f 3830 3801 3800
f 3830 3831 3801
f 3829 3832 3807 3799
f 3833 3830 3800 3808
f 3801 3831 3829
f 3829 3834 3832
f 3835 3830 3833
f 3831 3834 3829
f 3835 3831 3830
f 3836 3834 3831
f 3835 3836 3831
f 3834 3837 3832
f 3838 3837 3834
f 3836 3838 3834
f 3840 3836 3835
f 3840 3835 3839
f 3832 3841 3815 3807
f 3837 3841 3832
f 3838 3842 3837
f 3836 3843 3838
f 3836 3844 3843
f 3840 3844 3836
f 3841 3797 3815
f 3837 3842 3841
f 3838 3845 3842
f 3843 3845 3838
f 3843 3846 3845
f 3844 3847 3846 3843
f 3844 3848 3847
f 3848 3844 3840
f 3841 3828 3797
f 3842 3828 3841
f 3833 3850 3835
f 3839 3835 3850
f 3824 3833 3808
f 3850 3833 3824
f 3851 3850 3824
f 3851 3824 3852
f 3839 3850 3851
f 3848 3840 3839
f 3853 3848 3839
f 3797 3854 3796
f 3854 3855 3796
f 3820 3857 3856
f 3796 3857 3820
f 3796 3855 3857
f 3857 3858 3856
f 3855 3859 3857
f 3859 3858 3857
f 3855 3860 3859
f 3858 3861 3856
f 3819 3816 3862
f 1158 1159 3819
f 1160 3817 1159
f 3863 3817 1160
f 3862 3816 3818
f 3856 3818 3820
f 3818 3856 3862
f 3864 3819 3862
f 1158 3819 3864
f 3856 3861 3862
f 3864 3862 3865
f 1161 1158 3864
f 3861 3865 3862
f 3863 3810 3817
f 3825 3810 3863
f 3826 3822 3866
f 3827 3823 3826
f 3867 3824 3827
f 3866 3822 3825
f 3866 3825 3869
f 3868 3826 3866
f 3870 3826 3868
f 3827 3826 3870
f 3871 3825 3863
f 3869 3825 3871
f 3872 3827 3870
f 3867 3827 3872
f 3871 3863 1160
f 3873 3866 3869
f 3868 3866 3873
f 3874 3867 3872
f 3828 3854 3797
f 3854 3876 3855
f 3828 3876 3854
f 3875 3876 3828
f 3875 3877 3876
f 3875 3878 3877
f 3876 3860 3855
f 3877 3860 3876
f 3878 3879 3877
f 3877 3880 3860
f 3842 3875 3828
f 3849 3875 3842
f 3842 3845 3849
f 3845 3882 3849
f 3846 3883 3845
f 3847 3884 3846
f 3846 3884 3883
f 3847 3885 3884
f 3881 3885 3847
f 3849 3882 3878 3875
f 3883 3882 3845
f 3881 3886 3885
f 3882 3887 3878
f 3883 3887 3882
f 3852 3824 3867
f 3851 3853 3839
f 3848 3881 3847
f 3888 3851 3852
f 3848 3853 3889
f 3853 3851 3888
f 3890 3853 3888
f 3848 3889 3881
f 3891 3852 3867
f 3890 3889 3853
f 3889 3886 3881
f 3892 3888 3852
f 3890 3893 3889
f 3892 3852 3891
f 3890 3888 3892
f 3886 3894 3885
f 3889 3895 3894 3886
f 3891 3867 3874
f 3896 2070 2069
f 3896 2068 2070
f 3897 2068 3896
f 3898 3897 3896
f 3860 3899 3859
f 3858 3900 3861
f 3858 3901 3900
f 3859 3901 3858
f 3899 3901 3859
f 3899 3902 3901
f 3901 3903 3900
f 3902 3903 3901
f 3902 3904 3903
f 3905 3864 3865
f 1161 3864 3905
f 3906 3861 3900
f 3861 3906 3865
f 3905 3865 3906
f 3900 3907 3906
f 3908 1161 3905
f 3903 3907 3900
f 3909 3905 3906
f 3908 3905 3909
f 1163 1161 3908
f 3910 3906 3907
f 3910 3909 3906
f 3903 3904 3907
f 3911 3908 3909
f 3907 3912 3910
f 3904 3912 3907
f 3904 3913 3912
f 3914 3871 1160
f 3914 3869 3871
f 3915 3870 3868
f 3872 3870 3915
f 3915 3868 3916
f 3873 3869 3914
f 3916 3868 3873
f 3916 3873 3917
f 3918 3872 3915
f 3874 3872 3918
f 3919 3873 3914
f 3920 3915 3916
f 3918 3915 3920
f 3917 3873 3919
f 3921 3914 1160
f 3919 3914 3921
f 3916 3917 3922
f 3920 3916 3923
f 3922 3917 3919 3924
f 3923 3916 3922
f 3925 3918 3920
f 3926 3918 3925
f 3897 2080 2068
f 3927 3897 3898
f 3928 2081 2080 3897
f 3928 3897 3927
f 2082 2081 3928
f 3860 3880 3899
f 3877 3879 3880
f 3878 3929 3879
f 3880 3930 3899
f 3879 3930 3880
f 3930 3902 3899
f 3879 3931 3930
f 3929 3931 3879
f 3930 3932 3902
f 3932 3904 3902
f 3883 3933 3887
f 3884 3933 3883
f 3887 3929 3878
f 3884 3934 3933
f 3885 3934 3884
f 3887 3935 3929
f 3933 3935 3887
f 3929 3936 3931
f 3935 3936 3929
f 3934 3937 3933
f 3931 3932 3930
f 3931 3938 3932
f 3936 3938 3931
f 3935 3939 3936
f 3933 3939 3935
f 3932 3913 3904
f 3938 3913 3932
f 3937 3939 3933
f 3940 3890 3892
f 3941 3892 3891
f 3940 3892 3941
f 3942 3893 3890 3940
f 3893 3895 3889
f 3943 3891 3874
f 3941 3891 3943
f 3944 3940 3941
f 3942 3940 3944
f 3893 3945 3894 3895
f 3946 3893 3942
f 3943 3874 3918
f 3941 3943 3947
f 3948 3941 3947
f 3944 3941 3948
f 3946 3945 3893
f 3949 3942 3944 3948
f 3943 3918 3926
f 2069 2067 2126
f 2126 2124 3950
f 3951 2069 2126 3950
f 2125 3950 2124
f 3952 3950 2125
f 3953 3952 2125
f 296 3953 2125
f 3896 2069 3951
f 3954 3896 3951
f 3956 3898 3896 3954
f 3957 3956 3955
f 3954 3951 3958
f 3955 3954 3958
f 3955 3956 3954
f 3959 3951 3950
f 3958 3951 3959
f 3952 3959 3950
f 3960 3958 3959
f 3953 3959 3952
f 3961 3960 3959 3953
f 1164 3953 296
f 1164 3961 3953
f 3962 3908 3911
f 1163 3908 3962
f 3911 3909 3910 3963
f 3963 3912 3964
f 3912 3963 3910
f 3965 3955 3964
f 3913 3965 3964 3912
f 3965 3957 3955
f 3963 3964 3966
f 3966 3955 3958
f 3966 3964 3955
f 3967 3963 3966 3960
f 3967 3911 3963
f 3960 3966 3958
f 3961 3967 3960
f 3961 3911 3967
f 3962 3911 3961
f 1163 3962 3961
f 1164 1163 3961
f 3924 3919 3921
f 1165 3921 1160
f 1167 3921 1165
f 3968 3920 3923
f 3925 3920 3968
f 3969 3922 3924
f 3968 3923 3922 3969
f 3970 3925 3968
f 3971 3925 3970
f 3971 3926 3925
f 1167 3924 3921
f 3973 3924 1167
f 3969 3924 3973
f 3972 3968 3969
f 3972 3970 3968
f 3974 3970 3972
f 3974 3971 3970
f 3975 3971 3974
f 3969 3973 3976
f 3978 3972 3969
f 3978 3969 3977
f 3974 3972 3978
f 3979 3974 3978
f 3981 2169 2082
f 3981 2082 3928
f 2170 3981 3928 3980
f 2170 2169 3981
f 2167 3982 2168
f 2170 3982 2167
f 3982 3983 2168
f 3983 2166 2168
f 3985 3927 3898 3956
f 3986 3985 3956
f 3957 3986 3956
f 3980 3928 3927
f 3980 3927 3985
f 3957 3987 3986
f 3987 3985 3986
f 3987 3980 3985
f 3988 3980 3987
f 3989 3988 3987
f 3988 2170 3980
f 3990 3988 3989
f 2170 3988 3990
f 3991 2170 3990
f 2170 3983 3982
f 3991 3983 2170
f 3991 3992 3983
f 3983 3992 2166
f 3992 3984 2166
f 3993 3957 3965
f 3938 3993 3965 3913
f 3938 3994 3993
f 3936 3994 3938
f 3939 3994 3936
f 3937 3995 3939
f 3993 3996 3987 3957
f 3996 3989 3987
f 3994 3996 3993
f 3939 3997 3994
f 3939 3995 3997
f 3996 3990 3989
f 3994 3998 3996
f 3997 3998 3994
f 3996 3998 3990
f 3998 3991 3990
f 3997 3999 3998
f 3995 3999 3997
f 3937 3999 3995
f 3998 3999 3991
f 3937 3885 3999
f 3934 3885 3937
f 3999 3992 3991
f 3885 3984 3999
f 3894 3984 3885
f 3949 4000 3942
f 3946 3942 4000
f 3945 4001 3894
f 3946 4000 3945
f 3945 4002 4001
f 4000 4002 3945
f 4001 3984 3894
f 4003 3943 3926
f 3947 3943 4003
f 4004 3948 3947
f 4004 3947 4003
f 4005 3948 4004
f 3949 3948 4005
f 4003 3926 3971
f 3949 4006 4000
f 4006 3949 4005
f 4007 4003 3971 3975
f 4008 4004 4003 4007
f 4005 4004 4008
f 4006 4005 4008
f 4000 4010 4002
f 4010 4000 4006 4009
f 4006 4008 4011
f 4012 4008 4007
f 4011 4008 4012
f 4013 3976 3973 1167
f 4013 1167 1168
f 3977 3969 3976
f 4014 3974 3979
f 3975 3974 4014
f 4016 3978 3977
f 3979 3978 4016
f 4015 3975 4014
f 4017 3979 4016
f 4014 3979 4017
f 4018 3976 4013
f 4019 3977 3976 4018
f 4019 4016 3977
f 4017 4016 4019
f 1169 4013 1168
f 4020 4013 1169
f 4020 4018 4013
f 4014 4017 4022
f 4023 4017 4019
f 4022 4017 4023
f 4021 4015 4014 4022
f 4018 4023 4019
f 3984 2164 2166
f 3999 3984 3992
f 4002 4024 4001
f 4010 4024 4002
f 4024 4025 4001
f 4010 4025 4024
f 4025 4026 4001
f 4007 3975 4015
f 4012 4007 4027
f 4011 4009 4006
f 4027 4007 4015
f 4012 4028 4011
f 4009 4011 4028
f 4010 4009 4028
f 4029 4010 4028
f 4029 4028 4030
f 4029 4031 4010
f 4010 4032 4025
f 4031 4032 4010
f 4032 4026 4025
f 4031 4033 4032
f 4027 4015 4021
f 4030 4012 4027
f 4012 4030 4028
f 4030 4027 4021
f 4029 4030 4034
f 4034 4030 4021
f 4035 4029 4034
f 4031 4029 4035
f 4034 4021 4036
f 4037 4018 4020
f 4039 4022 4023
f 4039 4023 4038
f 4040 4022 4039
f 4041 4021 4022
f 4042 4018 4037
f 4042 4023 4018
f 4042 4038 4023
f 4041 4022 4040
f 4037 4020 1169
f 4043 4042 4037
f 4043 4037 1169
f 1171 4043 1169
f 4044 4043 1171
f 4040 4039 4045
f 4048 4038 4042 4047
f 4045 4039 4038 4048
f 4049 4040 4045
f 4046 4041 4040
f 4046 4040 4049
f 4047 4042 4043
f 4050 4045 4048
f 4049 4045 4050
f 4051 4046 4049
f 4050 4048 4047
f 4051 4049 4050
f 4044 4047 4043
f 4050 4047 4052
f 4053 4051 4050
f 4001 4026 3984
f 4036 4021 4041
f 4055 4034 4036
f 4035 4034 4055
f 4056 4035 4055
f 4035 4057 4031
f 4057 4035 4056
f 4033 4026 4032
f 4031 4057 4033
f 4033 4054 4026
f 4033 4058 4054
f 4057 4058 4033
f 4054 4059 4026
f 4058 4059 4054
f 4046 4036 4041
f 4060 4036 4046
f 4061 4055 4036 4060
f 4056 4055 4061
f 4062 4056 4061
f 4063 4060 4046
f 4064 4060 4063
f 4064 4061 4060
f 4056 4065 4057
f 4062 4065 4056
f 4063 4046 4051
f 4062 4061 4064
f 4065 4058 4057
f 4066 4065 4062
f 4067 4063 4051
f 4067 4064 4063
f 4068 4064 4067
f 4068 4062 4064
f 4065 4059 4058
f 4066 4059 4065
f 1173 1172 4070
f 4072 4069 4071
f 4073 4069 1173 4070
f 4071 4069 4073
f 4074 4072 4071
f 4070 1172 4076
f 4077 4074 4071
f 4077 4075 4074
f 4078 4075 4077
f 4080 1174 1173
f 4069 4080 1173
f 4081 4080 4069
f 4083 4081 4069 4072
f 4082 4081 4083
f 4084 4082 4083
f 4085 4083 4072
f 4075 4085 4072
f 4085 4084 4083
f 4086 4084 4085
f 4086 4087 4084
f 4088 4087 4086
f 4075 4072 4074
f 4089 4085 4075
f 4089 4086 4085
f 4079 4090 4089
f 4090 4086 4089
f 4090 4088 4086
f 4078 4089 4075
f 4079 4089 4078
f 4091 1174 4080
f 4092 4080 4081
f 4092 4091 4080
f 4082 4092 4081
f 4084 4093 4082
f 4093 4092 4082
f 4087 4094 4084
f 4094 4093 4084
f 4087 4096 4094
f 4088 4096 4087
f 4088 4097 4096
f 4095 4098 4094
f 4096 4097 4094
f 4099 1171 1174 4091
f 4100 4091 4092
f 4099 4091 4100
f 4101 4099 4100
f 4102 4100 4092
f 4102 4101 4100
f 4093 4102 4092
f 4093 4103 4102
f 4103 4101 4102
f 4094 4098 4093
f 4103 4093 4098
f 4095 4104 4098
f 4104 4103 4098
f 4097 4095 4094
f 4097 4105 4095
f 4105 4104 4095
f 4105 4106 4104
f 4107 4044 1171
f 4052 4047 4044
f 4108 4050 4052
f 4109 4050 4108
f 4053 4050 4109
f 4110 4051 4053
f 4111 4052 4044 4107
f 4108 4052 4111
f 4110 4053 4109
f 4099 4107 1171
f 4112 4108 4111
f 4112 4109 4108
f 4113 4109 4112
f 4113 4110 4109
f 4114 4107 4099
f 4114 4111 4107
f 4115 4111 4114
f 4115 4112 4111
f 4116 4113 4112
f 4114 4099 4101
f 4117 4115 4114
f 4118 4116 4115
f 4116 4112 4115
f 4119 4113 4116
f 4117 4114 4101
f 4103 4117 4101
f 4120 4118 4117
f 4118 4115 4117
f 4118 4119 4116
f 4120 4119 4118
f 4121 4119 4120
f 4120 4117 4103
f 4104 4120 4103
f 4106 4122 4120 4104
f 4122 4121 4120
f 3984 4124 4123
f 4124 4126 4125 4123
f 4125 4130 4123
f 4132 4128 4131
f 4133 4129 4132
f 4129 4128 4132
f 4129 4133 4127
f 4125 4135 4130
f 4135 4127 4133 4134
f 4127 4135 4125
f 4026 4124 3984
f 4136 4137 4126 4124
f 4137 4138 4126
f 4137 4139 4138
f 4138 4141 4140
f 4139 4141 4138
f 4126 4138 4125
f 4143 4144 4088 4142
f 4128 4140 4143
f 4140 4141 4143
f 4141 4144 4143
f 4138 4145 4127
f 4145 4140 4128
f 4140 4145 4138
f 4138 4127 4125
f 4079 4142 4090
f 4142 4088 4090
f 4128 4142 4079
f 4128 4143 4142
f 4129 4145 4128
f 4129 4127 4145
f 4128 4079 4131
f 4026 4136 4124
f 4137 4146 4139
f 4137 4147 4146
f 4146 4141 4139
f 4141 4146 4148
f 4088 4149 4097
f 4144 4150 4149 4088
f 4141 4148 4144
f 4148 4150 4144
f 4059 4136 4026
f 4059 4152 4136
f 4152 4137 4136
f 4152 4147 4137
f 4152 4154 4147
f 4153 4154 4152
f 4147 4155 4146
f 4154 4155 4147
f 4148 4151 4150
f 4148 4156 4151
f 4155 4156 4148 4146
f 4155 4157 4156
f 4149 4158 4105 4097
f 4158 4106 4105
f 4150 4158 4149
f 4160 4106 4158
f 4160 4159 4106
f 4151 4158 4150
f 4151 4160 4158
f 4156 4160 4151
f 4156 4157 4160
f 4067 4051 4110
f 4161 4068 4067
f 4062 4068 4066
f 4162 4067 4110
f 4161 4067 4162
f 4163 4068 4161
f 4066 4068 4163
f 4059 4153 4152
f 4066 4153 4059
f 4162 4110 4113
f 4164 4161 4162
f 4163 4161 4164
f 4165 4066 4163
f 4066 4165 4153
f 4166 4164 4162 4113
f 4167 4165 4164
f 4165 4163 4164
f 4154 4165 4167
f 4165 4154 4153
f 4168 4113 4119
f 4166 4113 4168
f 4164 4166 4169
f 4164 4169 4167
f 4167 4170 4154
f 4121 4168 4119
f 4171 4169 4121
f 4169 4168 4121
f 4169 4166 4168
f 4157 4170 4171
f 4170 4169 4171
f 4170 4167 4169
f 4155 4170 4157
f 4154 4170 4155
f 4159 4122 4106
f 4159 4121 4122
f 4159 4171 4121
f 4160 4157 4159
f 4157 4171 4159
f 4172 4073 4070
f 4173 4071 4073
f 4077 4071 4173
f 4174 4078 4077
f 4174 4131 4078
f 4131 4079 4078
f 4172 4070 4076
f 4175 4173 4073
f 4176 4077 4173
f 4176 4174 4077
f 4177 4174 4176
f 4175 4073 4172
f 4178 4173 4175
f 4178 4176 4173
f 4076 1172 1175
f 4172 4076 4179
f 4175 4172 4179
f 4180 4175 4179
f 4181 4176 4178
f 4181 4177 4176
f 4182 4076 1175
f 4179 4076 4182
f 4183 4178 4175 4180
f 4184 4181 4178 4183
f 4185 4180 4179
f 4186 4183 4180
f 4184 4183 4186
f 4185 4179 4182
f 4187 4184 4186
f 4188 4184 4187
f 4123 4130 3984
f 4130 4190 3984
f 4189 4190 4130
f 4133 4132 4191
f 4177 4131 4174
f 4191 4131 4177
f 4191 4132 4131
f 4135 4189 4130
f 4192 4135 4134
f 4193 4191 4177
f 4194 4191 4193
f 4133 4191 4194
f 4194 4134 4133
f 4135 4192 4189
f 4192 4134 4194
f 4195 4177 4181
f 4193 4177 4195
f 4196 4193 4195
f 4196 4194 4193
f 4194 4197 4192
f 4197 4194 4196
f 4198 4195 4181 4184
f 4196 4195 4198
f 4192 4199 4189
f 4199 4192 4197
f 4200 4196 4198
f 4197 4196 4200
f 4188 4198 4184
f 4199 4190 4189
f 4201 4182 1175
f 4185 4182 4201
f 4180 4185 4202
f 4186 4180 4202
f 4203 4188 4187
f 4204 4185 4201
f 4204 4202 4185
f 4206 4186 4202
f 4206 4202 4205
f 4206 4187 4186
f 4203 4187 4206
f 4205 4202 4204
f 4201 1175 1176
f 4207 4203 4206
f 4208 4204 4201
f 4209 4206 4205
f 4211 4201 1176
f 4208 4201 4211
f 4205 4204 4208
f 4210 4206 4209
f 4209 4205 4212
f 4210 4207 4206
f 4190 2164 3984
f 4213 4198 4188
f 4200 4198 4213
f 4215 4197 4200 4214
f 4215 4199 4197
f 4213 4188 4203
f 4214 4200 4213
f 4199 4216 4190
f 4215 4216 4199
f 4217 4213 4203
f 4214 4218 4215
f 4217 4203 4207
f 4219 4213 4217
f 4214 4213 4219
f 4220 4215 4218
f 4221 4214 4219
f 4215 4222 4216
f 4220 4222 4215
f 4221 4218 4214
f 4216 4223 4190
f 4222 4223 4216
f 4224 4207 4210
f 4224 4217 4207
f 4225 4217 4224
f 4219 4217 4225
f 4212 4205 4208
f 4227 4208 4211
f 4228 4208 4227
f 4228 4212 4208
f 4229 4227 4211
f 1177 4211 1176
f 4229 4211 1177
f 4226 4210 4230
f 4209 4212 4231
f 4230 4210 4209
f 4231 4212 4228
f 4230 4209 4231
f 4226 4230 4232
f 4233 4227 4229
f 4228 4227 4233
f 4234 4230 4231
f 4232 4230 4234
f 4224 4210 4226
f 4221 4219 4225
f 4220 4218 4221
f 4236 4225 4224
f 4237 4221 4225
f 4221 4238 4220
f 4238 4221 4237
f 4220 4238 4222
f 4190 4239 2164
f 4223 4239 4190
f 4238 4240 4223 4222
f 4223 4240 4239
f 4238 4241 4240
f 4239 4235 2164
f 4242 4225 4236
f 4237 4225 4242
f 4236 4224 4226
f 4242 4236 4243
f 4242 4244 4237
f 4243 4236 4226 4232
f 4245 4242 4243
f 4244 4242 4245
f 4237 4244 4238
f 4246 4244 4245
f 4247 1178 1179
f 4247 1179 4248
f 4250 1178 4247
f 4251 1180 1178 4250
f 4251 4250 4252
f 4249 4250 4247
f 4252 4250 4249
f 4253 4252 4249
f 4253 4254 4252
f 4254 4255 4252
f 4256 4253 4249
f 4257 4254 4253
f 4257 4258 4254
f 4258 4255 4254
f 4258 4259 4255
f 4260 1180 4251
f 4261 4251 4252
f 4261 4260 4251
f 4252 4262 4261
f 4262 4252 4255
f 4255 4263 4262
f 4263 4264 4262
f 4264 4261 4262
f 4259 4263 4255
f 4234 4231 4265
f 4265 4228 4233 4267
f 4265 4231 4228
f 4268 4234 4265
f 4232 4234 4268
f 4266 4232 4268
f 4269 4229 1177
f 4270 4233 4229
f 4267 4233 4270
f 4268 4265 4271
f 4270 4229 4269
f 4271 4265 4267
f 4272 4266 4268
f 4269 1177 1180
f 4273 4267 4270
f 4274 4271 4267
f 4275 4271 4274
f 4275 4268 4271
f 4272 4268 4275
f 4260 4269 1180
f 4273 4270 4269
f 4274 4267 4273
f 4276 4269 4260
f 4276 4273 4269
f 4277 4274 4273 4276
f 4277 4275 4274
f 4278 4275 4277
f 4278 4272 4275
f 4276 4260 4261
f 4261 4279 4276
f 4280 4276 4279
f 4280 4277 4276
f 4279 4281 4280
f 4282 4277 4280
f 4282 4278 4277
f 4235 4283 2164
f 4283 4284 2164
f 4285 4286 4283
f 4235 4288 4283
f 4287 4288 4235
f 4288 4285 4283
f 4287 4289 4288
f 4288 4291 4292 4285
f 4289 4291 4288
f 4291 4289 4290
f 4295 4296 4293
f 4296 4290 4293
f 4290 4294 4293
f 4291 4296 4295
f 4290 4296 4291
f 4285 4292 4286
f 4292 4291 4295
f 4239 4287 4235
f 4239 4297 4287
f 4297 4289 4287
f 4289 4299 4298
f 4297 4299 4289
f 4290 4300 4294
f 4298 4290 4289
f 4290 4298 4300
f 4298 4301 4300
f 4298 4299 4301
f 4302 4243 4232 4266
f 4241 4238 4244
f 4302 4303 4243
f 4245 4243 4303
f 4241 4244 4304
f 4246 4245 4303
f 4304 4244 4246
f 4240 4305 4239
f 4241 4305 4240
f 4302 4266 4272
f 4306 4303 4302
f 4307 4246 4303
f 4304 4305 4241
f 4306 4302 4272
f 4307 4303 4306
f 4307 4308 4246
f 4246 4308 4309 4304
f 4305 4297 4239
f 4304 4309 4305
f 4305 4310 4297
f 4309 4310 4305
f 4311 4272 4278
f 4311 4306 4272
f 4312 4307 4306 4311
f 4312 4308 4307
f 4308 4313 4310 4309
f 4313 4308 4312
f 4310 4299 4297
f 4314 4311 4278
f 4312 4311 4314
f 4313 4312 4314
f 4299 4315 4301
f 4299 4313 4315
f 4310 4313 4299
f 4316 1181 2721
f 1182 1181 4316
f 4317 4249 4247 4248
f 4248 1179 4320
f 4321 4317 4248
f 4318 4317 4321
f 4320 1179 1184
f 4321 4248 4320
f 4324 4319 4318
f 4322 4319 4324
f 4325 4323 4322
f 4326 4323 4325
f 4327 4320 1184
f 4328 4321 4320
f 4318 4321 4328
f 4325 4322 4324
f 4256 4249 4317
f 4256 4257 4253
f 4329 4258 4257
f 4330 4259 4258
f 4330 4331 4259
f 4332 4333 4258 4329
f 4333 4330 4258
f 4329 4257 4256 4334
f 4335 4332 4329 4334
f 4256 4317 4318
f 4319 4256 4318
f 4334 4256 4319
f 4336 4335 4334
f 4322 4334 4319
f 4323 4334 4322
f 4336 4334 4323
f 4337 4264 4263
f 4259 4338 4263
f 4338 4337 4263
f 4331 4338 4259
f 4331 4339 4338
f 4339 4337 4338
f 4339 4340 4337
f 4279 4261 4264
f 4337 4341 4264
f 4341 4279 4264
f 4341 4281 4279
f 4281 4282 4280
f 4341 4342 4281
f 4342 4282 4281
f 4343 4282 4342
f 4337 4340 4341
f 4340 4342 4341
f 2689 4344 2758
f 2760 4345 2763
f 2758 4345 2760
f 2763 2766 2761
f 4344 4345 2758
f 2164 4346 2689
f 4286 4347 4283
f 4283 4347 4284
f 4286 4348 4349
f 4284 4351 2164
f 4352 4286 4349
f 4286 4352 4347
f 4347 4352 4284
f 4354 4348 4350
f 4355 4349 4348 4354
f 4351 4346 2164
f 4356 4353 4323 4326
f 4356 4350 4353
f 4354 4350 4356
f 4284 4357 4351
f 4352 4357 4284
f 4330 4358 4331
f 4359 4293 4333 4332
f 4293 4330 4333
f 4293 4294 4330
f 4294 4358 4330
f 4360 4295 4359
f 4295 4293 4359
f 4295 4360 4292
f 4286 4292 4360
f 4359 4332 4335
f 4359 4361 4360
f 4360 4348 4286
f 4362 4335 4336
f 4362 4359 4335
f 4361 4359 4362
f 4348 4360 4361
f 4350 4361 4362
f 4348 4361 4350
f 4353 4362 4336
f 4350 4362 4353
f 4353 4336 4323
f 4358 4339 4331
f 4358 4363 4339
f 4294 4363 4358
f 4300 4301 4294
f 4301 4363 4294
f 4363 4340 4339
f 4314 4282 4343
f 4314 4278 4282
f 4364 4365 4343
f 4365 4314 4343
f 4301 4364 4363
f 4301 4315 4364
f 4315 4365 4364
f 4313 4365 4315
f 4365 4313 4314
f 4340 4343 4342
f 4340 4364 4343
f 4363 4364 4340
f 4366 4316 2721
f 1182 4316 4366
f 2724 2801 2721
f 2801 4366 2721
f 2722 2802 2801
f 2801 4367 4366
f 2725 4368 2802
f 4369 1182 4366
f 4367 4370 4366
f 2802 4371 2801
f 4368 4371 2802
f 4369 4366 4370
f 4369 1183 1182
f 4371 4367 2801
f 4372 4370 4367
f 4368 4374 4373 4371
f 4375 4369 4370
f 4371 4376 4367
f 4376 4372 4367
f 4373 4376 4371
f 4370 4372 4375
f 4374 4377 4376 4373
f 4378 4369 4375
f 4375 4372 4379
f 4376 4380 4379 4372
f 4377 4380 4376
f 1188 1183 4369
f 1188 4369 4378
f 4328 4320 4327
f 4381 4318 4328
f 4382 4324 4318 4381
f 4383 4325 4324 4382
f 4384 4326 4325 4383
f 4385 4382 4381
f 4385 4381 4386
f 4387 4382 4385
f 4387 4383 4382
f 4388 4328 4327 1186
f 1186 4327 1184
f 4389 4328 4388
f 4389 4381 4328
f 4386 4381 4389
f 4384 4383 4387
f 4390 4384 4387
f 2762 4391 2765
f 2764 4391 2762
f 4345 4392 2763
f 4391 4393 2765
f 2764 4394 4391
f 2766 4394 2764
f 4392 2766 2763
f 2765 4393 2725
f 4393 4368 2725
f 4394 4395 4391
f 2766 4395 4394
f 4392 4395 2766
f 4345 4396 4392
f 4344 4396 4345
f 4393 4374 4368
f 4391 4397 4374 4393
f 4395 4397 4391
f 4395 4398 4397
f 4392 4396 4398 4395
f 4397 4400 4377 4374
f 4398 4400 4397
f 4399 4396 4344
f 2689 4346 4344
f 4346 4399 4344
f 4346 4401 4399
f 4402 4356 4326 4384
f 4403 4354 4356 4402
f 4403 4355 4354
f 4355 4404 4349
f 4404 4355 4403
f 4349 4357 4352
f 4349 4404 4357
f 4405 4402 4384
f 4403 4402 4405
f 4404 4403 4406
f 4404 4407 4357
f 4408 4403 4405
f 4406 4403 4408
f 4357 4409 4351
f 4407 4409 4357
f 4406 4407 4404
f 4351 4409 4346
f 4407 4410 4409
f 4411 4405 4384
f 4408 4405 4411
f 4411 4384 4390
f 4377 4412 4380
f 4378 4375 4413
f 4414 4375 4379
f 4375 4414 4413
f 4379 4415 4414
f 4380 4415 4379
f 4412 4416 4415 4380
f 4416 4418 4417 4415
f 4378 4413 4419
f 4413 4414 4421
f 4414 4417 4421
f 4417 4422 2951
f 4415 4417 4414
f 3033 2944 4422
f 4418 3033 4422
f 4418 4422 4417
f 4420 4378 4419
f 4419 4413 4421
f 4421 4417 2951
f 4422 2947 2951
f 2944 2947 4422
f 4423 4419 2949
f 4420 4419 4423
f 4421 2949 4419
f 2951 2949 4421
f 4423 2949 2950
f 1187 4423 2950
f 1187 4420 4423
f 1185 4420 1187
f 1188 4378 4420
f 1185 1188 4420
f 4424 4389 4388 1186
f 4424 1186 1189
f 4387 4385 4386
f 4425 4390 4387
f 4425 4387 4386
f 4425 4386 4426
f 4427 4390 4425
f 4426 4386 4389
f 4428 4425 4426
f 4427 4425 4428
f 4429 4426 4389
f 4428 4426 4430
f 4431 4389 4424
f 4429 4389 4431
f 4430 4426 4429
f 4432 4431 4424
f 4433 4428 4430
f 4427 4428 4433
f 4433 4430 4434
f 4400 4435 4412 4377
f 4398 4436 4435 4400
f 4396 4436 4398
f 4396 4437 4436
f 4435 4416 4412
f 4399 4438 4437 4396
f 4439 4418 4416
f 4435 4439 4416
f 4440 4439 4435
f 4436 4440 4435
f 4437 4440 4436
f 4441 3033 4418
f 4439 4441 4418
f 4442 4441 4439
f 4440 4442 4439
f 4440 4443 4442
f 4437 4443 4440
f 4438 4443 4437
f 4441 3034 3033
f 3037 3034 4441
f 4442 3037 4441
f 4443 3037 4442
f 3040 3038 3037
f 4443 3040 3037
f 4443 4445 3040
f 4438 4445 4443
f 4438 4444 4445
f 3040 4445 3039
f 4444 3194 4445
f 4401 4438 4399
f 4446 4444 4346
f 4401 4444 4438
f 4346 4444 4401
f 4407 4406 4447
f 4409 4446 4346
f 4410 4446 4409
f 4410 4448 4446
f 4411 4390 4427
f 4449 4406 4408
f 4450 4411 4427
f 4411 4451 4408
f 4449 4408 4451
f 4447 4406 4449
f 4452 4447 4449
f 4451 4411 4450
f 4447 4410 4407
f 4452 4449 4451
f 4447 4448 4410
f 4447 4452 4453
f 4454 4451 4450
f 4455 4453 4452
f 4453 4448 4447
f 4430 4429 4431
f 4432 4424 1189
f 4456 4433 4434
f 4457 4427 4433 4456
f 4458 4431 4432
f 4459 4434 4430
f 4456 4434 4459
f 1190 4432 1189
f 4459 4430 4431
f 4459 4431 4460
f 1191 4432 1190
f 4458 4432 1191
f 4460 4431 4458
f 4461 4457 4456
f 4462 4457 4461
f 4463 4456 4459
f 4461 4456 4463
f 4460 4458 4464
f 4463 4459 4460
f 4465 4462 4461
f 4463 4460 4466
f 4464 4458 1191
f 4445 3194 3039
f 4444 4446 3194
f 3194 2864 3027
f 3194 4446 2864
f 4452 4451 4454
f 4462 4450 4427 4457
f 4454 4450 4462
f 4467 4452 4454
f 4455 4452 4467
f 4453 4468 4448
f 4469 4453 4455
f 4467 4454 4470
f 4469 4468 4453
f 4468 4446 4448
f 4470 4454 4462
f 4467 4470 4471
f 4472 4455 4467
f 4470 4462 4465
f 4473 4470 4465
f 4471 4470 4473
f 4472 4467 4471
f 4474 4471 4473
f 4475 4469 4455
f 4476 4464 1191
f 4466 4460 4477
f 4478 4463 4466
f 4461 4463 4478
f 4479 4465 4461
f 4477 4460 4464
f 4479 4461 4478
f 4476 1191 1192
f 4481 4479 4478
f 4480 4466 4477
f 4482 4477 4464
f 4480 4477 4482
f 4483 4476 1192
f 4464 4476 4483
f 4484 4464 4483
f 4485 4466 4480
f 4478 4466 4485
f 4486 4478 4485
f 4481 4478 4486
f 4482 4464 4484
f 4487 4480 4482
f 4487 4485 4480
f 4487 4486 4485
f 4488 4481 4486
f 4493 4491 4492
f 4489 4494 4491
f 4493 4489 4491
f 4495 4489 4493
f 4490 4494 4489
f 4497 4490 4489
f 4495 4497 4489
f 4493 4492 4499
f 4491 4494 4498
f 4500 4493 4499
f 4495 4493 4500
f 4496 4495 4500
f 4502 4492 4491 4498
f 4503 4499 4492 4502
f 4504 4499 4503
f 4505 4494 4506
f 4494 4505 4498
f 4501 4507 4506 4494
f 4508 4502 4498 4510
f 4509 4503 4502 4508
f 4510 4498 4505
f 4512 4509 4508
f 4513 4503 4509
f 4506 4511 4514 4505
f 4515 4508 4510
f 4505 4515 4510
f 4506 4516 4511
f 4517 4512 4508 4515
f 4500 4499 4504
f 4496 4500 4518
f 4519 4496 4518
f 4504 4503 4513
f 4520 4500 4504
f 4518 4500 4520
f 4513 4509 4521
f 4522 4519 4518
f 4512 4521 4509
f 4523 4504 4513
f 4520 4504 4523
f 4524 3611 4446
f 4473 4465 4479
f 4472 4471 4474
f 4469 4525 4468
f 4475 4525 4469
f 4472 4475 4455
f 4525 4446 4468
f 4473 4479 4481
f 4527 4474 4473 4526
f 4527 4472 4474
f 4525 4524 4446
f 4472 4528 4475
f 4528 4472 4527
f 4475 4529 4525
f 4525 4530 4524
f 4531 4473 4481
f 4531 4526 4473
f 4528 4527 4526
f 4529 4475 4528
f 4532 4526 4531
f 4532 4531 4481 4488
f 4532 4533 4526
f 4528 4526 4533
f 4535 4534 4528
f 4535 4528 4533
f 4529 4530 4525
f 4529 4528 4534
f 4490 4536 4494
f 4496 4497 4495
f 4537 4497 4496
f 4538 4536 4490
f 4497 4538 4490
f 4539 4538 4497 4537
f 4536 4501 4494
f 4540 4537 4496
f 4541 4537 4540
f 4538 4542 4536
f 4539 4542 4538
f 4539 4537 4541
f 4501 4543 4507
f 4536 4543 4501
f 4542 4544 4543 4536
f 4542 4545 4544
f 4539 4546 4545 4542
f 4547 4539 4541
f 4546 4548 4545
f 4546 4549 4548
f 4546 4550 4549
f 4550 4546 4539
f 4551 4550 4539
f 4544 4552 4543
f 4544 4553 4552
f 4545 4553 4544
f 4548 4553 4545
f 4507 4554 4516 4506
f 4543 4554 4507
f 4548 4555 4553
f 4552 4554 4543
f 4553 4557 4556 4552
f 4549 4558 4555 4548
f 4559 4540 4496 4519
f 4540 4559 4541
f 4560 4541 4559
f 4547 4541 4560
f 4551 4539 4547
f 4559 4519 4522
f 4561 4559 4522
f 4560 4559 4561
f 4562 4547 4560
f 4551 4547 4562
f 4550 4563 4558 4549
f 4564 4550 4551
f 4565 4560 4561
f 4486 4487 4566
f 4567 4487 4482
f 4566 4487 4567
f 4568 4484 4483
f 4482 4484 4568
f 4569 4483 1192
f 4569 4568 4483
f 4570 4569 1192
f 4571 4486 4566
f 4571 4488 4486
f 4572 4482 4568
f 4572 4567 4482
f 4573 4566 4567
f 4575 4567 4572
f 4573 4567 4575
f 4571 4566 4573
f 4576 4571 4573
f 4576 4573 4577
f 4578 4571 4576
f 4574 4571 4578
f 4570 4568 4569
f 4575 4572 4579
f 4577 4573 4575
f 4580 4568 4570
f 4572 4568 4580
f 4579 4572 4580
f 4577 4575 4579
f 4582 4576 4577
f 4582 4577 4581
f 4578 4576 4582
f 4505 4514 4584 4515
f 4517 4515 4585
f 4585 4515 4584
f 4511 4586 4514
f 4514 4586 4584
f 4511 4516 4586
f 4584 4587 4585
f 4516 4588 4586
f 4589 4517 4585
f 4584 4590 4587
f 4586 4590 4584
f 4588 4590 4586
f 4516 4591 4588
f 4589 4585 4587
f 4588 4592 4590
f 4591 4592 4588
f 4589 4587 4593
f 4590 4594 4593 4587
f 4592 4594 4590
f 4591 4595 4592
f 4596 4512 4517
f 4597 4521 4512 4596
f 4598 4513 4521
f 1193 4596 4517
f 1194 4596 1193
f 1194 4597 4596
f 4599 4521 4597 1194
f 1193 4517 4589
f 4600 4520 4523
f 4600 4518 4520
f 4601 4518 4600
f 4522 4518 4601
f 4602 4522 4601
f 4523 4513 4598
f 4601 4600 4603
f 4604 4523 4598
f 4603 4600 4523 4604
f 4605 4521 4599
f 4598 4521 4605
f 4604 4598 4605
f 4606 4604 4605
f 4607 4599 1194
f 4607 4605 4599
f 4608 4601 4603
f 4602 4601 4608
f 4604 4606 4609
f 4603 4604 4609
f 4610 4603 4609
f 4608 4603 4610
f 4611 4608 4610
f 4602 4608 4611
f 4612 4602 4611
f 4606 4605 4613
f 4614 4613 4605 4607
f 4615 4611 4610
f 4617 4609 4606
f 4617 4610 4609
f 4617 4606 4616
f 4615 4610 4617
f 4618 4615 4617
f 4619 4611 4615
f 4619 4612 4611
f 4616 4606 4613
f 4620 4617 4616
f 4618 4617 4620
f 4619 4615 4618
f 4621 4619 4618
f 4446 3611 2864
f 4622 4535 4533
f 4534 4530 4529
f 4534 4623 4530
f 4623 4534 4535
f 4530 4624 4524
f 4623 4624 4530
f 4574 4532 4488 4571
f 4533 4532 4574
f 4625 4533 4574
f 4622 4533 4625
f 4626 4625 4574
f 4625 4627 4622
f 4623 4535 4622
f 4628 4623 4622
f 4626 4574 4578
f 4627 4625 4626
f 4628 4622 4627
f 4629 4624 4623
f 4630 4628 4627
f 4629 4623 4628
f 4630 4631 4628
f 4629 4632 4624
f 4629 4628 4631
f 4626 4578 4583
f 4552 4556 4554
f 4555 4557 4553
f 4555 4633 4557
f 4558 4634 4555
f 4634 4633 4555
f 4554 4635 4591 4516
f 4556 4635 4554
f 4556 4636 4635
f 4557 4636 4556
f 4633 4636 4557
f 4634 4637 4633
f 4633 4638 4636
f 4633 4637 4638
f 4635 4639 4591
f 4636 4640 4639 4635
f 4638 4640 4636
f 4639 4595 4591
f 4637 4641 4638
f 4562 4560 4565
f 4564 4563 4550
f 4562 4564 4551
f 4564 4642 4563
f 4563 4634 4558
f 4563 4643 4634
f 4563 4642 4643
f 4643 4644 4634
f 4634 4644 4637
f 4645 4561 4522
f 4645 4522 4602
f 4565 4561 4645
f 4565 4646 4562
f 4564 4562 4646
f 4647 4645 4602
f 4647 4565 4645
f 4648 4565 4647
f 4648 4646 4565
f 4564 4649 4642
f 4648 4650 4646
f 4651 4564 4646
f 4650 4651 4646
f 4649 4564 4651
f 4642 4652 4643
f 4649 4652 4642
f 4651 4652 4649
f 4612 4647 4602
f 4653 4647 4612
f 4648 4647 4653
f 4655 4648 4653
f 4650 4648 4655
f 4655 4653 4654
f 4656 4650 4655
f 4656 4657 4650
f 4651 4650 4657
f 4657 4652 4651
f 4654 4653 4612
f 4654 4612 4619
f 4658 4654 4619
f 4659 4655 4654
f 4659 4654 4658
f 4656 4655 4659
f 4660 4656 4659
f 4660 4657 4656
f 4661 4658 4619 4621
f 4662 4658 4661
f 4659 4658 4662
f 1196 4570 1192
f 4580 4570 1197
f 1197 4570 1196
f 4581 4577 4579
f 4663 4578 4582
f 4663 4583 4578
f 4664 4579 4580
f 4581 4579 4664
f 4582 4581 4665
f 4664 4580 4666
f 4667 4581 4664
f 4665 4581 4667
f 4668 4666 4580 1197
f 4667 4664 4666
f 1198 4668 1197
f 4669 4666 4668 1198
f 4671 4582 4665
f 4671 4665 4670
f 4673 4663 4582 4671
f 4674 4673 4671
f 4670 4665 4667
f 4676 4670 4675
f 4676 4671 4670
f 4677 4674 4671
f 4677 4671 4676
f 4672 4677 4676
f 4679 4666 4678
f 4679 4667 4666
f 4679 4670 4667
f 4675 4679 4678
f 4675 4670 4679
f 4675 4678 4680
f 4669 4678 4666
f 4669 4680 4678
f 4681 4680 4669
f 1199 4669 1198
f 1203 4681 4669 1199
f 4682 4589 4593
f 4594 4683 4593
f 4592 4684 4594
f 4595 4684 4592
f 4684 4685 4683
f 4684 4683 4594
f 4684 4686 4685
f 4686 4687 4685
f 4595 4686 4684
f 4682 4593 4688
f 4683 4688 4593
f 4685 4690 4689
f 4685 4689 4683
f 4687 4672 4690 4685
f 1201 4682 4688
f 4689 4691 4688
f 4683 4689 4688
f 4690 4676 4675
f 4690 4675 4689
f 4690 4672 4676
f 1201 4688 1202
f 4691 4675 4680
f 4691 4689 4675
f 4681 4691 4680
f 1202 4688 4691 4681
f 1203 1202 4681
f 1193 4589 4682
f 1201 1193 4682
f 1204 4607 1194
f 1204 4614 4607
f 4692 4616 4613
f 4693 4614 1204
f 4693 4613 4614
f 1205 4693 1204
f 4694 4616 4692
f 4620 4616 4694
f 4695 4620 4694
f 4618 4620 4695
f 4696 4618 4695
f 4621 4618 4696
f 4692 4613 4697
f 4698 4694 4692
f 4695 4694 4698
f 4693 4697 4613
f 4699 4698 4692 4697
f 4700 4693 1205
f 4702 4695 4698
f 4696 4695 4702
f 4701 4621 4696
f 4702 4698 4699
f 4704 4697 4693
f 4703 4699 4697 4704
f 4700 4704 4693
f 4705 4704 4700
f 4631 4632 4629
f 4624 4707 4524
f 4632 4707 4624
f 4707 3611 4524
f 4708 4583 4663
f 4708 4626 4583
f 4709 4627 4626
f 4709 4626 4708
f 4627 4710 4630
f 4710 4627 4709
f 4711 4709 4708
f 4710 4709 4711
f 4712 4710 4711
f 4713 4630 4710
f 4631 4714 4632
f 4631 4630 4713
f 4631 4715 4714
f 4715 4631 4713
f 4714 4707 4632
f 4715 4707 4714
f 4707 4716 3611
f 4707 4717 4716
f 4673 4708 4663
f 4718 4673 4674
f 4711 4708 4673
f 4718 4711 4673
f 4718 4674 4677
f 4719 4718 4677
f 4719 4677 4672
f 4718 4712 4711
f 4720 4712 4718
f 4721 4720 4718 4719
f 4720 4713 4710 4712
f 4720 4715 4713
f 4720 4722 4715
f 4723 4722 4720
f 4723 4720 4721
f 4715 4722 4707
f 4722 4717 4707
f 4723 4717 4722
f 4723 4724 4717
f 4724 4725 4716 4717
f 4639 4726 4595
f 4640 4726 4639
f 4640 4727 4726
f 4638 4727 4640
f 4637 4728 4641
f 4726 4687 4686
f 4595 4726 4686
f 4726 4729 4687
f 4726 4727 4729
f 4641 4727 4638
f 4730 4672 4687
f 4729 4730 4687
f 4731 4730 4729
f 4727 4731 4729
f 4641 4732 4727
f 4730 4719 4672
f 4721 4719 4730
f 4731 4721 4730
f 4727 4732 4731
f 4641 4728 4732
f 4734 4723 4721
f 4731 4734 4721
f 4731 4732 4734
f 4728 4735 4732
f 4728 4733 4735
f 4732 4735 4734
f 4734 4724 4723
f 4735 4724 4734
f 4733 4725 4735
f 4735 4725 4724
f 4644 4728 4637
f 4644 4733 4728
f 4643 4736 4644
f 4644 4736 4733
f 4733 4736 4725
f 4657 4737 4652
f 4652 4738 4643
f 4737 4738 4652
f 4738 4736 4643
f 4660 4740 4657
f 4740 4660 4739
f 4657 4740 4737
f 4738 4741 4736
f 4742 4659 4662
f 4742 4662 4661
f 4739 4660 4659
f 4742 4739 4659
f 4742 4743 4739
f 4744 4740 4739
f 4743 4744 4739
f 4744 4737 4740
f 4744 4745 4737
f 4744 4746 4745
f 4745 4738 4737
f 4745 4741 4738
f 4747 4661 4621 4701
f 4748 4661 4747
f 4748 4742 4661
f 4749 4743 4742
f 4749 4746 4743
f 4746 4744 4743
f 4745 4750 4741
f 4746 4750 4745
f 4752 4701 4696 4751
f 4702 4699 4753
f 4754 4702 4753
f 4751 4696 4702
f 4751 4702 4754
f 4755 4751 4754
f 4752 4751 4755
f 4756 4703 4704
f 4753 4699 4703 4756
f 4756 4704 4705
f 4757 4753 4756
f 4758 4705 4700
f 4758 4756 4705
f 4758 4700 1205
f 1206 4758 1205
f 1206 4759 4758
f 4760 4755 4754
f 4761 4752 4755
f 4761 4755 4760
f 4762 4754 4753
f 4760 4754 4762
f 4761 4760 4763
f 4757 4762 4753
f 4764 4760 4762
f 4763 4760 4764
f 4757 4756 4758
f 4766 4762 4757
f 4766 4764 4762
f 4764 4765 4763
f 4767 4765 4764
f 4759 4757 4758
f 4766 4757 4768
f 4767 4764 4766
f 4770 4757 4759
f 4768 4757 4770
f 4771 4766 4768
f 4771 4767 4766
f 4772 4769 4765 4767
f 4773 4747 4701 4752
f 4774 4748 4747 4773
f 4775 4773 4752
f 4774 4773 4775
f 4776 4748 4774
f 4777 4776 4774
f 4749 4742 4748
f 4776 4749 4748
f 4746 4749 4776
f 4778 4746 4776
f 4779 4746 4778
f 4779 4780 4750 4746
f 4750 4780 4741
f 4780 4781 4741
f 4775 4752 4761
f 4777 4774 4775
f 4777 4775 4761
f 4763 4782 4761
f 4783 4777 4761
f 4783 4761 4782
f 4783 4784 4777
f 4784 4776 4777
f 4778 4776 4784
f 4785 4782 4763 4765
f 4786 4783 4782
f 4785 4786 4782
f 4786 4784 4783
f 4779 4778 4784
f 4786 4787 4784
f 4784 4788 4779
f 4789 4788 4784 4787
f 4769 4785 4765
f 4785 4787 4786
f 4787 4785 4769
f 4779 4790 4780
f 4788 4790 4779
f 4792 4787 4769
f 4792 4769 4791
f 4793 4787 4792
f 4789 4787 4793
f 4790 4781 4780
f 4789 4790 4788
f 4794 4795 4796
f 267 266 4797
f 4798 267 4797
f 4799 4794 4796
f 4798 4797 4801
f 4800 4799 4796
f 4800 4796 4802
f 4798 4801 4803
f 4805 4798 4803
f 4806 4800 4802
f 4807 4803 4800
f 4804 4803 4807
f 4806 4807 4800
f 4798 4805 4808
f 4798 4808 4809
f 4810 4798 4809
f 4811 4798 4810
f 4812 4811 4810
f 4811 4812 4813
f 4815 4814 4816 4817
f 1142 1131 267
f 1154 1142 267
f 267 1102 1154
f 4819 1155 1102
f 4821 267 4820
f 4821 1102 267
f 4819 1102 4822
f 4822 1102 4821
f 4824 4820 267
f 4823 4824 267
f 4823 267 4826
f 4826 267 4827
f 4827 267 4825
f 4825 267 4828
f 4830 4829 267
f 4830 267 4798
f 4829 4828 267
f 4831 4830 4798
f 4832 4831 4798
f 4832 4798 4811
f 4833 4832 4811
f 4811 4834 4833
f 4811 4835 4834
f 4837 4836 4835
f 4837 4835 4811
f 4815 4811 4813
f 4815 4813 4838
f 4839 4837 4811
f 4840 4839 4811
f 4815 4838 4814
f 4815 4840 4811
f 4818 4815 4817
f 4815 4841 4840
f 4842 4841 4815
f 4815 4843 4842
f 4844 4815 4818
f 4845 4815 4844
f 4846 4843 4815
f 4846 4815 4847
f 4848 4815 4845
f 4849 4815 4848
f 4850 4847 4815
f 4851 4815 4849
f 4852 4850 4815
f 4853 4852 4815
f 4851 4853 4815
f 4854 815 1157
f 1200 1203 1199
f 1200 1202 1203
f 1195 1202 1200
f 4855 815 4854
f 4856 815 4855
f 1200 815 4856
f 4856 4857 4859
f 4856 4859 4858
f 4860 4856 4858
f 4861 4856 4860
f 4863 1200 4862
f 4864 1200 4863
f 1195 1200 4864
f 4865 4856 4861
f 4866 4862 1200
f 4866 1200 4856
f 4867 1195 4864
f 4868 1195 4867
f 4869 4856 4865
f 4870 4856 4869
f 4871 4866 4856
f 4872 1195 4868
f 4873 4856 4870
f 4874 4856 4873
f 4871 4856 4874
f 1195 1206 1205
f 4875 1206 1195
f 4876 4875 1195
f 4877 4876 1195
f 4878 4877 1195
f 4878 4882 4877
f 4878 4883 4882
f 4880 4884 4883
f 4878 4880 4883
f 4880 4879 4884
f 4881 4879 4880
f 4885 4881 4880
f 4886 4880 4878
f 4885 4880 4886
f 4888 4887 1195
f 4887 4878 1195
f 4886 4878 4889
f 4889 4878 4887
f 4890 4888 1195
f 4892 1195 4872
f 4892 4891 1195
f 4891 4890 1195
f 4893 4890 4891
f 1969 4894 1971
f 1967 4895 4894 1969
f 1967 4896 4895
f 1968 4896 1967
f 4894 4898 4897 1971
f 4896 4899 4895
f 262 1970 1972 4900
f 263 262 4794
f 1973 263 4794
f 4897 1828 1971
f 1828 4897 1972
f 4900 1972 4897
f 4901 1973 4794
f 4901 4794 4902
f 1982 1981 4903
f 4905 1984 4904
f 4903 1981 1983
f 4906 1982 4903
f 4904 1984 1982 4906
f 1983 1973 4901
f 4907 4903 1983
f 4907 1983 4901
f 4905 4904 4908
f 4908 4904 4906
f 4908 4906 4903
f 1993 1996 1992
f 1993 4909 1996
f 1994 4910 4909 1993
f 1999 4911 1998
f 1996 4911 1999
f 4912 1996 4909
f 1996 4912 4911
f 4913 1998 4911 4914
f 1998 4913 1997
f 266 2001 1995
f 2002 4915 2003
f 2003 4896 1968
f 2002 4916 4915
f 4916 4917 4915
f 2005 4916 2002
f 1879 4918 2005
f 2005 4918 4916
f 1879 2006 4918
f 2006 4919 4918
f 4918 4920 4916
f 2004 4921 2006
f 2007 4922 2004
f 4924 2016 2015
f 1985 1984 4905
f 4924 2015 1985
f 2018 2012 2016 4925
f 2013 2017 2007
f 2016 4924 4926
f 4927 1985 4905
f 4924 1985 4927
f 4925 2016 4926
f 4926 4924 4927
f 4923 2017 2018
f 2017 4923 2007
f 2022 2027 1994
f 2027 4928 1994
f 4928 4910 1994
f 2024 4929 2028
f 2027 4930 4928
f 2030 4931 2029
f 2028 4929 2027
f 2027 4932 4930
f 4929 4932 2027
f 2026 4933 2024
f 2026 4934 4933
f 2029 4931 4934 2026
f 1916 4931 2030
f 1916 2031 4931
f 4895 4935 4894
f 4899 4935 4895
f 4894 4935 4898
f 4936 4897 4898
f 4936 4898 4937
f 4935 4937 4898
f 4899 4938 4935
f 4899 4939 4938
f 4935 4938 4940
f 262 4900 4795
f 4795 4900 4897
f 262 4795 4794
f 4795 4897 4942
f 4943 4901 4902
f 4941 4901 4943
f 4942 4897 4936
f 4907 4901 4941
f 4908 4903 4945
f 4944 4905 4908
f 4946 4907 4941
f 4945 4903 4907 4946
f 4947 4908 4945
f 4944 4908 4947
f 4949 4945 4946
f 4947 4945 4949
f 4950 4944 4947
f 4948 4944 4950
f 4910 4954 4909
f 4951 4954 4910
f 4909 4954 4952
f 1995 1997 4913
f 1995 4913 4956
f 4912 4953 4911
f 266 1995 4956
f 4911 4953 4914
f 4912 4952 4953
f 4909 4952 4912
f 4957 4956 4913
f 266 4956 4957
f 4913 4914 4953 4955
f 2003 4959 4896
f 4915 4959 2003
f 4916 4920 4917
f 4958 4899 4896
f 4959 4958 4896
f 4915 4917 4959
f 4917 4960 4959
f 4958 4939 4899
f 4958 4961 4939
f 4959 4961 4958
f 4917 4962 4960
f 4917 4963 4962
f 4920 4963 4917
f 4919 4920 4918
f 2004 4922 4921
f 2006 4921 4919
f 2007 4964 4922
f 4923 4964 2007
f 4964 4965 4922
f 4927 4905 4944
f 4966 4925 4926
f 4967 4927 4944
f 4926 4927 4967
f 4966 4968 4925
f 2018 4925 4968
f 2018 4968 4923
f 4969 4926 4967
f 4966 4926 4969
f 4968 4964 4923
f 4967 4944 4948
f 4970 4968 4966
f 4968 4970 4964
f 4969 4967 4948
f 4971 4966 4969
f 4970 4966 4971
f 4930 4972 4951
f 4973 4972 4930
f 4933 4929 2024
f 4928 4951 4910
f 4930 4951 4928
f 4932 4929 4930
f 4929 4973 4930
f 4934 4974 4933
f 4934 4931 4974
f 4933 4973 4929
f 4931 4975 4974
f 2031 4975 4931
f 4935 4940 4937
f 4976 4936 4937
f 4940 4976 4937
f 4938 4977 4940
f 4938 4978 4977
f 4939 4978 4938
f 4940 4980 4976
f 4949 4941 4943
f 4981 4902 4794
f 4943 4902 4981
f 4982 4943 4981
f 4983 4943 4982
f 4942 4936 4976
f 4984 4795 4942
f 4796 4795 4984
f 4981 4794 4799
f 4985 4942 4976
f 4984 4942 4985
f 4986 4983 4982
f 4949 4946 4941
f 4947 4949 4983
f 4987 4948 4950
f 4983 4949 4943
f 4988 4947 4983
f 4950 4947 4988
f 4987 4950 4988
f 4988 4983 4986
f 4989 4988 4986
f 4991 4987 4988
f 4990 4987 4991
f 4993 4953 4952
f 4953 4993 4955
f 4954 4994 4992
f 4951 4994 4954
f 4954 4993 4952
f 4954 4992 4993
f 4995 4913 4996
f 4955 4996 4913
f 4993 4997 4955
f 4957 4913 4995
f 4797 266 4957
f 4797 4957 4995
f 4959 4960 4961
f 4962 4998 4960
f 4963 4998 4962
f 4961 4999 4978 4939
f 4961 5000 4999
f 4960 5000 4961
f 4960 5001 5000
f 4998 5001 4960
f 4963 5002 4998
f 4920 5003 4963
f 4919 5003 4920
f 4922 5004 4921
f 4965 5004 4922
f 4964 5005 4965
f 4919 5007 5003
f 4921 5007 4919
f 4921 5004 5007
f 5005 4964 5008
f 4965 5009 5004
f 5005 5009 4965
f 5006 4964 4970
f 5010 4969 4948 4987
f 4971 4969 5010
f 5006 4970 4971
f 5011 4971 5010
f 5006 4971 5011
f 5006 5008 4964
f 5008 5006 5011
f 4990 5010 4987
f 5012 5010 4990
f 5012 5011 5010
f 5012 5013 5011
f 5008 5011 5013
f 4972 5014 4951
f 4973 5015 4972
f 4951 5014 4994
f 4973 5017 5015
f 5016 4973 4933
f 4972 5018 5014
f 4972 5015 5018
f 4973 5016 5017
f 5015 5017 5018
f 5017 5020 5018
f 4933 5019 5016
f 4974 5019 4933
f 4975 5021 4974
f 2031 5021 4975
f 4974 5021 5019
f 4979 4976 5023
f 4980 5023 4976
f 4977 4980 4940
f 4980 5024 5023
f 4977 5025 4980
f 4977 5026 5025
f 4978 5026 4977
f 5023 5027 4979
f 5025 5024 4980
f 4978 5028 5026
f 4985 4976 4979
f 5029 4982 4981
f 5030 4982 5029
f 4986 4982 5030
f 5029 4981 4799
f 4985 4979 5027
f 5031 5029 4799
f 5032 4984 4985
f 4796 4984 5032
f 4991 4988 4989
f 4989 4986 5030
f 5033 4991 4989
f 5034 4990 4991 5033
f 5036 4989 5030 5035
f 5033 4989 5036
f 5035 5030 5029
f 5037 5033 5036
f 5038 5034 5033 5037
f 5040 5037 5039
f 5040 5038 5037
f 5031 5035 5029
f 5043 5035 5042
f 5043 5036 5035
f 5043 5037 5036
f 5039 5037 5043
f 5039 5043 5044
f 5046 5040 5039
f 5049 5040 5046
f 5050 5049 5046 5047
f 5041 5050 5047 5048
f 5044 5043 5042
f 5046 5039 5044 5051
f 5048 5046 5051 5045
f 5048 5047 5046
f 4955 4997 4996
f 4992 5052 4993
f 4992 5053 5052
f 4994 5053 4992
f 4995 4996 5054
f 4993 5052 4997
f 4996 4997 5055
f 5053 5056 5052
f 4797 4995 5054
f 4996 5055 5057
f 5052 5055 4997
f 5054 4996 5057
f 5052 5058 5055
f 5053 5059 5056
f 4801 4797 5054
f 5055 5058 5057
f 5052 5056 5058
f 5054 5057 5061
f 5057 5045 5060
f 5058 5045 5057
f 5048 5045 5058
f 5056 5048 5058
f 5048 5059 5041
f 5059 5048 5056
f 5061 5057 5060
f 4998 5062 5001
f 5000 5063 4999
f 5002 5064 4998
f 5000 5062 5063
f 5001 5062 5000
f 4999 5028 4978
f 5063 5028 4999
f 4998 5065 5062
f 5064 5065 4998
f 5003 5002 4963
f 5005 5008 5066
f 5009 5067 5004
f 5005 5068 5009
f 5066 5068 5005
f 5003 5064 5002
f 5007 5064 5003
f 5007 5069 5064
f 5068 5067 5009
f 5068 5070 5067
f 5008 5071 5066
f 5071 5008 5013
f 5072 4990 5034
f 5072 5012 4990
f 5013 5012 5072
f 5073 5013 5072
f 5071 5013 5073
f 5038 5072 5034
f 5073 5072 5038
f 5074 5071 5073
f 5074 5066 5071
f 5075 5038 5040
f 5038 5075 5073
f 5077 5073 5075
f 5074 5073 5077
f 5076 5050 5041
f 5079 5075 5040
f 5049 5079 5040
f 5080 5079 5049 5050
f 5081 5080 5050 5076
f 5079 5077 5075
f 5078 5074 5077
f 5082 5078 5077
f 5066 5083 5068
f 5066 5074 5078
f 5082 5077 5079
f 5084 5082 5079
f 5084 5079 5080
f 5081 5084 5080
f 5083 5066 5078
f 5016 5020 5017
f 5019 5021 5085 5016
f 5014 5086 5053 4994
f 5018 5086 5014
f 5020 5087 5018
f 5018 5088 5086
f 5087 5088 5018
f 5016 5089 5020
f 5086 5059 5053
f 5020 5089 5087
f 5016 5085 5089
f 5086 5076 5041 5059
f 5088 5076 5086
f 5087 5090 5088
f 5021 5091 5085
f 5090 5081 5076
f 5088 5090 5076
f 5087 5092 5090
f 5087 5089 5092
f 5090 5092 5081
f 5092 5084 5081
f 5022 5093 2031
f 5026 5094 5025
f 5027 5023 5024
f 5025 5095 5024
f 5094 5095 5025
f 5028 5096 5094 5026
f 5024 5097 5027
f 5097 5024 5095
f 5094 5098 5095
f 5096 5100 5099 5094
f 5032 4985 5027
f 4802 4796 5032
f 5101 5027 5097
f 5102 5031 4799
f 5102 5035 5031
f 5102 5042 5035
f 5103 5044 5042
f 5103 5051 5044
f 5104 5051 5103
f 5104 5045 5051
f 5103 5042 5102
f 5105 5104 5103
f 4800 5102 4799
f 5106 5103 5102
f 5105 5103 5106
f 4803 5106 5102 4800
f 4803 5105 5106
f 4801 5054 5061
f 5060 5045 5104
f 5105 5060 5104
f 5105 5061 5060
f 4801 5061 5105
f 4801 5105 4803
f 4804 4805 4803
f 5028 5107 5096
f 5063 5107 5028
f 5062 5108 5063
f 5108 5107 5063
f 5065 5108 5062
f 5065 5109 5108
f 5096 5110 5100
f 5107 5110 5096
f 5108 5111 5107
f 5064 5112 5065
f 5069 5112 5064
f 5004 5113 5069 5007
f 5067 5113 5004
f 5069 5114 5112
f 5082 5115 5078
f 5082 5084 5115
f 5084 5117 5116
f 5083 5070 5068
f 5115 5083 5078
f 5115 5118 5070 5083
f 5115 5116 5118
f 5116 5115 5084
f 5117 5119 5116
f 5116 5120 5118
f 5119 5120 5116
f 5118 5121 5070
f 5120 5121 5118
f 5120 5091 5121
f 5121 5067 5070
f 5121 5123 5122 5067
f 5092 5117 5084
f 5089 5117 5092
f 5089 5119 5117
f 5085 5091 5119 5089
f 5021 5124 5091
f 5119 5091 5120
f 5091 5124 5121
f 5121 5124 5123
f 2031 5124 5021
f 5093 5124 2031
f 5094 5099 5098
f 5098 5097 5095
f 5099 5125 5098
f 5099 5126 5125
f 5100 5126 5099
f 5032 5027 5101
f 5127 5032 5101
f 4802 5032 5127
f 5128 5097 5098
f 5130 4802 5127
f 4806 4802 5130
f 5131 5101 5097
f 5131 5127 5101
f 5128 5131 5097
f 5098 5125 5128
f 5132 5129 4806
f 5133 4807 5129
f 5134 4804 4807 5133
f 5134 5133 5135
f 5129 4807 4806
f 5136 5133 5129
f 5135 5133 5136
f 5137 5134 5135
f 5138 5137 5135
f 5140 5135 5136
f 5141 5138 5140
f 5138 5135 5140
f 5142 5137 5138
f 5142 5139 5137
f 5142 5143 5139
f 5144 5138 5141
f 5145 5142 5138
f 5132 5136 5129
f 5146 5140 5136 5132
f 5141 5140 5146
f 5144 5145 5138
f 5147 4804 5134
f 5148 4805 4804 5147
f 5149 4805 5148
f 4808 4805 5149
f 5150 5147 5134 5137
f 5139 5150 5137
f 5151 5148 5147
f 5151 5149 5148
f 5152 5147 5150
f 5147 5152 5151
f 5152 5153 5151
f 5152 5150 5154
f 5154 5150 5139
f 5143 5155 5154 5139
f 5154 5156 5152
f 5149 5151 5153
f 5154 5157 5156
f 5155 5157 5154
f 5111 5110 5107
f 5109 5111 5108
f 5111 5158 5110
f 5110 5158 5126 5100
f 5065 5114 5109
f 5112 5114 5065
f 5069 5159 5114
f 5114 5160 5109
f 5067 5161 5113
f 5122 5161 5067
f 5109 5160 5111
f 5113 5159 5069
f 5114 5162 5160
f 5159 5162 5114
f 5113 5163 5159
f 5113 5161 5163
f 5111 5165 5158
f 5160 5165 5111
f 5123 5166 5122
f 5123 5167 5166
f 5167 5168 5166
f 5170 5171 5169
f 5168 5170 5173
f 5167 5171 5170 5168
f 5122 5164 5161
f 5166 5164 5122
f 5166 5173 5164
f 5168 5173 5166
f 5174 5143 5142
f 5169 5143 5174
f 5175 5169 5174
f 5172 5170 5175
f 5170 5169 5175
f 5172 5173 5170
f 5173 5176 5164
f 5177 5142 5145
f 5177 5174 5142
f 5175 5174 5177
f 5172 5175 5178
f 5176 5173 5172
f 5178 5175 5177
f 5179 5172 5178
f 5180 5172 5179
f 5176 5172 5180
f 5124 5181 5123
f 5181 5167 5123
f 5181 5182 5167
f 5124 5183 5182 5181
f 5171 5184 5169
f 5167 5184 5171
f 5182 5184 5167
f 5143 5186 5155
f 5169 5186 5143
f 5184 5186 5169
f 5186 5188 5187
f 5184 5188 5186
f 5184 5182 5188
f 5185 5183 5124
f 5186 5187 5155
f 5188 5190 5187
f 5182 5191 5188
f 5189 5191 5182
f 5183 5189 5182
f 5185 5192 5183
f 5187 5157 5155
f 5187 5190 5157
f 5188 5191 5190
f 5189 5193 5191
f 5124 5093 5185
f 5195 5127 5131
f 5130 5127 5195
f 5132 4806 5130
f 5196 5131 5128
f 5196 5195 5131
f 5132 5130 5195
f 5199 5146 5194
f 5125 5200 5196 5128
f 5126 5200 5125
f 5198 5200 5126
f 5202 5195 5196
f 5203 5132 5195 5202
f 5203 5194 5132
f 5199 5194 5203
f 5199 5197 5146
f 5204 5201 5197
f 5200 5202 5196
f 5205 5203 5202
f 5205 5199 5203
f 5200 5205 5202
f 5206 5199 5205
f 5206 5197 5199
f 5204 5197 5206
f 5207 5204 5206
f 5205 5200 5208
f 5198 5208 5200
f 5208 5209 5205
f 5209 5206 5205
f 5209 5207 5206
f 5194 5146 5132
f 5197 5141 5146
f 5144 5141 5197
f 5201 5145 5144
f 5201 5144 5197
f 5152 5210 5153
f 5156 5211 5152
f 5211 5210 5152
f 5156 5212 5211
f 5157 5212 5156
f 5157 5213 5212
f 5214 5149 5153
f 5215 5153 5210
f 5153 5215 5214
f 5216 5149 5214
f 5215 5216 5214
f 5217 5211 5212
f 5211 5217 5210
f 5213 5218 5212
f 5210 5219 5215
f 5217 5219 5210
f 5220 4808 5149
f 5220 5149 5216
f 5159 5221 5162
f 5163 5221 5159
f 5164 5176 5161
f 5162 5221 5160
f 5163 5222 5221
f 5161 5222 5163
f 5158 5223 5198 5126
f 5160 5225 5165
f 5161 5176 5222
f 5165 5223 5158
f 5221 5227 5225 5160
f 5221 5222 5227
f 5180 5226 5176
f 5165 5225 5223
f 5180 5228 5226
f 5228 5180 5224
f 5227 5226 5229
f 5176 5226 5227 5222
f 5223 5230 5198
f 5207 5228 5204
f 5228 5201 5204
f 5225 5230 5223
f 5228 5224 5201
f 5225 5229 5230
f 5231 5228 5207
f 5227 5229 5225
f 5229 5226 5231
f 5226 5228 5231
f 5230 5208 5198
f 5230 5209 5208
f 5230 5231 5209
f 5229 5231 5230
f 5231 5207 5209
f 5201 5177 5145
f 5178 5177 5201
f 5224 5179 5178
f 5180 5179 5224
f 5224 5178 5201
f 5190 5233 5232 5157
f 5190 5234 5233
f 5191 5234 5190
f 5157 5232 5213
f 5191 5193 5235
f 5192 5189 5183
f 5191 5235 5234
f 5189 5236 5193
f 5192 5236 5189
f 5232 5237 5213
f 5234 5238 5233
f 5235 5238 5234
f 5192 5239 5236
f 5185 5239 5192
f 5093 5239 5185
f 5212 5241 5217
f 5218 5241 5212
f 5242 5220 5216
f 5215 5242 5216
f 5243 4808 5220
f 5242 5215 5244
f 5219 5244 5215
f 5243 5220 5242
f 5244 5245 5242
f 5246 5219 5217
f 5219 5246 5244
f 5241 5246 5217
f 4809 4808 5243
f 5218 5247 5241
f 5233 5237 5232
f 5235 5248 5238
f 5193 5248 5235
f 5237 5218 5213
f 5233 5249 5237
f 5238 5249 5233
f 5236 5250 5193
f 5093 5240 5239
f 5193 5250 5248
f 5240 5251 5236 5239
f 5248 5249 5238
f 5236 5252 5250
f 5251 5252 5236
f 5237 5253 5218
f 5237 5249 5253
f 5253 5247 5218
f 5248 5254 5249
f 5250 5255 5248
f 5093 5256 5240
f 5257 5245 5244
f 5244 5246 5257
f 5243 5242 5258
f 5245 5258 5242
f 5246 5259 5257
f 5241 5247 5246
f 5260 4809 5243 5258
f 5247 5259 5246
f 5259 5261 5257
f 5263 5258 5245
f 5257 5263 5245
f 5247 5264 5259
f 5262 5264 5247
f 5261 5263 5257
f 5264 5261 5259
f 5262 5265 5264
f 5261 5266 5263
f 4810 4809 5260
f 5249 5254 5253
f 5252 5255 5250
f 5240 5267 5251
f 5256 5267 5240
f 5248 5255 5254
f 5267 5252 5251
f 5253 5262 5247
f 5254 5262 5253
f 5267 5268 5252
f 5254 5269 5262
f 5255 5269 5254
f 5255 5252 5270
f 5255 5270 5269
f 5268 5270 5252
f 5269 5271 5262
f 5262 5272 5265
f 5271 5272 5262
f 5270 5271 5269
f 5256 5273 5267
f 5093 5273 5256
f 5264 5266 5261
f 5265 5266 5264
f 5263 5275 5258
f 5276 5260 5258
f 5277 4810 5260
f 5278 5263 5266
f 5278 5275 5263
f 5277 5260 5276
f 5275 5276 5258
f 5266 5279 5278
f 5277 5276 5280
f 5275 5280 5276
f 5266 5281 5279
f 5265 5281 5266
f 5278 5282 5275
f 5279 5282 5278
f 5283 5280 5275
f 5282 5283 5275
f 5281 5284 5279
f 5271 5285 5272
f 5267 5286 5268
f 5273 5286 5267
f 5270 5287 5271
f 5270 5288 5287
f 5268 5288 5270
f 5271 5287 5285
f 5268 5289 5288
f 5286 5289 5268
f 5288 5290 5287
f 5272 5291 5281 5265
f 5285 5291 5272
f 5290 5285 5287
f 5273 5292 5289 5286
f 5290 5293 5285
f 5285 5293 5291
f 5288 5294 5290
f 5289 5294 5288
f 5093 5274 5273
f 5274 5295 5273
f 5274 5093 5295
f 5295 5292 5273
f 5296 5279 5284
f 5279 5296 5282
f 5281 5297 5284
f 4812 4810 5277
f 5282 5298 5283
f 5296 5298 5282
f 5284 5298 5296
f 5299 5277 5280
f 5300 5277 5299
f 5300 4812 5277
f 5283 5301 5299 5280
f 5298 5301 5283
f 5284 5302 5298
f 5298 5303 5301
f 5302 5303 5298
f 5297 5304 5302 5284
f 5291 5297 5281
f 5293 5305 5291
f 5291 5305 5297
f 5294 5306 5290
f 5293 5306 5305
f 5306 5293 5290
f 5295 5307 5292
f 5289 5308 5294
f 5307 5289 5292
f 5306 5309 5305
f 5306 5310 5309
f 5294 5310 5306
f 5307 5308 5289
f 5308 5310 5294
f 5305 5311 5304 5297
f 5309 5311 5305
f 5093 5312 5295
f 5312 5307 5295
f 5313 4812 5300
f 5313 5300 5299
f 4813 4812 5313
f 5315 5299 5301
f 5314 5299 5315
f 5303 5315 5301
f 5313 5299 5314
f 5316 4813 5313
f 5303 5317 5315
f 5302 5318 5317 5303
f 5304 5318 5302
f 5319 5316 5313 5314
f 5318 5321 5317
f 5314 5315 5320
f 5317 5322 5315
f 5322 5320 5315
f 5321 5322 5317
f 5320 5323 5319 5314
f 5321 5324 5322
f 5321 5325 5324
f 5320 5322 5323
f 5307 5327 5308
f 5310 5326 5309
f 5308 5327 5328
f 5309 5329 5311
f 5326 5329 5309
f 5308 5328 5310
f 5311 5329 5318 5304
f 5310 5328 5326
f 5327 5330 5328
f 5312 5331 5327 5307
f 5329 5321 5318
f 5326 5333 5329
f 5328 5333 5326
f 5328 5332 5333
f 5330 5332 5328
f 5331 5330 5327
f 5329 5325 5321
f 5329 5333 5325
f 5332 5334 5333
f 5332 5335 5334
f 5330 5335 5332
f 5330 5336 5335
f 5331 5336 5330
f 5340 5337 5338
f 5341 5339 5340
f 5345 5337 5343
f 5337 5347 5344
f 5347 5340 5339
f 5340 5347 5337
f 5339 5348 5347
f 5337 5344 5343
f 5347 5346 5344
f 5348 5349 5346 5347
f 5348 5350 5349
f 5344 5352 5351 5343
f 5352 5346 5349
f 5346 5352 5344
f 5338 5337 5357
f 5358 5338 5357
f 5358 5357 5356
f 5359 5358 5356
f 5353 5358 5359
f 5354 5341 5340 5338
f 5354 5338 5358
f 5354 5358 5353
f 5342 5341 5354
f 5357 5337 5345
f 5361 5345 5343
f 5360 5357 5345
f 5362 5345 5361
f 5363 5360 5345 5362
f 5351 5361 5343
f 5364 5316 5319
f 5323 5364 5319
f 5322 5365 5323
f 5324 5366 5365 5322
f 5325 5366 5324
f 5323 5367 5364
f 5365 5367 5323
f 5366 5368 5365
f 5366 5369 5368
f 5371 5364 5370
f 5367 5370 5364
f 5367 5365 5372
f 5368 5373 5372
f 5368 5372 5365
f 5368 5374 5373
f 5368 5369 5374
f 5374 5375 5373
f 5370 5367 5372
f 5372 5376 5370
f 5373 5359 5376
f 5373 5376 5372
f 5373 5353 5359
f 5355 5354 5353
f 5375 5355 5353
f 5375 5353 5373
f 5371 5370 5378
f 5376 5377 5378
f 5370 5376 5378
f 5359 5356 5376
f 5379 5378 5377
f 5379 5371 5378
f 4814 5371 5379
f 5377 5357 5360
f 5377 5356 5357
f 5377 5376 5356
f 5379 5377 5360
f 5363 5379 5360
f 4814 5379 5363
f 5380 5339 5341
f 5381 5380 5341
f 5342 5381 5341
f 5381 5382 5380
f 5383 5382 5381
f 5380 5385 5348 5339
f 5380 5386 5385
f 5382 5386 5380
f 5387 5382 5383
f 5388 5387 5383
f 5384 5388 5383
f 5385 5350 5348
f 5385 5389 5350
f 5386 5389 5385
f 5386 5390 5389
f 5382 5390 5386
f 5387 5390 5382
f 5388 5391 5387
f 5389 5392 5350
f 5389 5393 5392
f 5389 5390 5393
f 5387 5394 5390
f 5391 5394 5387
f 5355 5395 5354
f 5395 5342 5354
f 5395 5381 5342
f 5397 5381 5395
f 5396 5397 5395 5355
f 5384 5383 5381
f 5397 5384 5381
f 5398 5384 5397
f 5398 5397 5396
f 5399 5388 5384
f 5399 5384 5398
f 5400 5399 5398
f 5399 5401 5391 5388
f 5400 5401 5399
f 5401 5402 5394 5391
f 5401 5403 5402
f 5400 5403 5401
f 5325 5404 5366
f 5333 5404 5325
f 5333 5334 5404
f 5404 5405 5369 5366
f 5404 5406 5405
f 5334 5406 5404
f 5334 5407 5406
f 5335 5407 5334
f 5335 5408 5407
f 5336 5408 5335
f 5405 5375 5374
f 5405 5374 5369
f 5407 5409 5406
f 5336 5410 5408
f 5411 5396 5355 5375
f 5405 5411 5375
f 5406 5411 5405
f 5412 5396 5411
f 5406 5412 5411
f 5409 5412 5406
f 5407 5413 5409
f 5408 5413 5407
f 5408 5410 5413
f 5412 5398 5396
f 5409 5413 5412
f 5412 5400 5398
f 5413 5400 5412
f 5413 5415 5400
f 5410 5414 5415 5413
f 5400 5415 5403
f 5350 5416 5349
f 5349 5417 5352
f 5418 5362 5361
f 4816 5363 5362 5418
f 5351 5419 5361
f 5352 5420 5419 5351
f 5419 5418 5361
f 5417 5420 5352
f 5421 5418 5419
f 5349 5416 5417
f 5420 5422 5419
f 5422 5421 5419
f 5416 5425 5424 5417
f 5420 5426 5422
f 5417 5424 5420
f 5424 5426 5420
f 5423 5425 5416
f 5425 5427 5424
f 4814 5363 4816
f 4817 4816 5418
f 5421 4817 5418
f 5428 5421 5422
f 5428 4817 5421
f 4818 4817 5428
f 5429 5422 5426
f 5350 5392 5416
f 5394 5430 5390
f 5394 5431 5430
f 5402 5431 5394
f 5403 5432 5402
f 5403 5433 5432
f 5430 5393 5390
f 5432 5431 5402
f 5434 5430 5431
f 5432 5435 5431
f 5392 5423 5416
f 5430 5436 5393
f 5435 5434 5431
f 5393 5436 5392
f 5430 5437 5436
f 5434 5437 5430
f 5436 5423 5392
f 5436 5438 5423
f 5437 5438 5436
f 5438 5439 5423
f 5415 5433 5403
f 5415 5414 5433
f 5433 5440 5432
f 5414 5440 5433
f 5440 5435 5432
f 5414 5442 5440
f 5441 5442 5414
f 5434 5443 5437
f 5442 5435 5440
f 5437 5444 5438
f 5443 5444 5437
f 5435 5443 5434
f 5442 5445 5443 5435
f 5446 5428 5422
f 5424 5429 5426
f 5424 5427 5429
f 5425 5447 5427
f 5448 5446 5422
f 5422 5429 5448
f 5447 5449 5427
f 5427 5450 5429
f 5449 5450 5427
f 5447 5451 5449
f 5423 5447 5425
f 5439 5447 5423
f 5444 5439 5438
f 5439 5452 5447
f 5439 5453 5452
f 5444 5453 5439
f 5443 5454 5444
f 5447 5452 5451
f 5453 5455 5452
f 5444 5456 5453
f 5457 3691 1155
f 3697 3692 3691 5458
f 5459 3696 3697
f 3698 3696 5459
f 5458 3691 5457
f 5457 1155 4819
f 5460 5459 3697
f 5461 5458 5457
f 5462 3697 5458
f 5460 3697 5462
f 5462 5458 5461 5463
f 5464 5463 5461 5457
f 5465 3698 5459
f 5466 5459 5460
f 5467 5465 5459 5466
f 5466 5460 5468
f 5468 5460 5462
f 3711 5470 3716
f 3717 5471 5470 3711
f 3713 5471 3717
f 5473 3716 5470
f 3716 5473 3718
f 3713 5474 5471
f 5472 5474 3713
f 5475 3719 3718
f 5476 3719 5475
f 5476 1157 3719
f 5473 5475 3718
f 5470 5477 5473
f 5471 5477 5470
f 5474 5477 5471
f 5472 5478 5474
f 5474 5479 5477
f 5473 5480 5475
f 5478 5479 5474
f 2036 5022 2031
f 3723 5022 2036
f 3723 3734 5022
f 3742 3695 3698
f 3743 5481 3739
f 3740 5482 3736
f 3739 5481 3740
f 5483 3743 3742
f 3743 5483 5481
f 5483 3742 5484
f 5482 3734 3736
f 5481 5483 5486
f 5486 5483 5485
f 5481 5487 5482 3740
f 5488 5481 5486
f 5488 5487 5481
f 5482 5489 3734
f 5487 5489 5482
f 5484 3698 5465
f 5484 3742 3698
f 5467 5484 5465
f 5485 5483 5484
f 5490 5484 5467
f 5485 5484 5490
f 5491 5486 5485
f 5492 5490 5467
f 5493 5485 5490
f 3753 5494 3758
f 3759 5494 3753
f 3757 5472 3713
f 3760 5495 3757
f 3756 5496 3760
f 3758 5496 3756
f 3757 5497 5472
f 5495 5497 3757
f 3760 5498 5495
f 3755 5499 5494 3759
f 5496 5498 3760
f 5495 5500 5497
f 5495 5498 5500
f 3758 5498 5496
f 5494 5501 3758
f 5499 5501 5494
f 5497 5478 5472
f 3758 5502 5498
f 5501 5502 3758
f 5500 5503 5497
f 5497 5503 5478
f 5500 5504 5503
f 5498 5504 5500
f 5502 5504 5498
f 5507 5505 4820 5506
f 5508 4821 5505
f 5505 4821 4820
f 5509 5508 5505 5507
f 5510 5509 5507
f 5511 5512 5510
f 5511 5510 5507
f 5513 5511 5507
f 5513 5514 5511
f 5514 5512 5511
f 5515 5512 5514
f 5516 5515 5514
f 5464 5457 4819
f 4822 5464 4819
f 5517 5464 4822
f 5517 4822 4821
f 5508 5517 4821
f 5518 5517 5508
f 5519 5508 5509
f 5519 5518 5508
f 5520 5518 5519
f 5510 5519 5509
f 5520 5519 5510
f 5512 5520 5510
f 5512 5521 5520
f 5515 5521 5512
f 5515 5522 5521
f 5516 5522 5515
f 5468 5462 5463
f 5469 5468 5524
f 5469 5466 5468
f 5525 5466 5469
f 5525 5467 5466
f 5523 5463 5464
f 5524 5468 5463
f 5525 5469 5526
f 5517 5523 5464
f 5524 5463 5523
f 5527 5469 5524
f 5527 5526 5469
f 5528 5525 5526
f 5529 5523 5517
f 5527 5524 5523 5529
f 5529 5517 5518
f 5518 5530 5529
f 5530 5531 5529
f 5531 5527 5529
f 5532 5527 5531
f 5533 5526 5527 5532
f 5533 5528 5526
f 5520 5534 5518
f 5534 5530 5518
f 5535 5532 5531 5530
f 5536 5532 5535
f 5536 5533 5532
f 5537 5536 5535
f 5538 5533 5536
f 5521 5534 5520
f 5535 5530 5534
f 5521 5539 5534
f 5539 5535 5534
f 5522 5539 5521
f 5539 5537 5535
f 5522 5540 5539
f 5540 5537 5539
f 5537 5538 5536
f 5477 5480 5473
f 5477 5541 5480
f 5479 5541 5477
f 5478 5542 5479
f 5478 5543 5542
f 5544 5545 3734
f 5546 5548 5545
f 5544 5546 5545
f 5549 5550 5546 5544
f 5549 5552 5550
f 5552 5551 5550
f 5551 5554 5550
f 5557 5553 5556
f 5553 5555 5556
f 5558 5554 5553 5557
f 5554 5551 5553
f 5548 5550 5558 5547
f 5546 5550 5548
f 5550 5554 5558
f 5489 5544 3734
f 5489 5559 5544
f 5487 5559 5489
f 5559 5549 5544
f 5559 5560 5549
f 5560 5561 5549
f 5561 5552 5549
f 5551 5562 5564 5553
f 5562 5565 5564
f 5552 5562 5551
f 5561 5562 5552
f 5555 5563 5522 5516
f 5564 5563 5555
f 5553 5564 5555
f 5492 5467 5525
f 5491 5485 5493
f 5488 5486 5491
f 5566 5490 5492
f 5493 5490 5566
f 5488 5491 5567
f 5566 5492 5525 5528
f 5568 5493 5566
f 5491 5493 5568
f 5488 5567 5559 5487
f 5569 5566 5528
f 5568 5566 5569
f 5570 5491 5568
f 5567 5560 5559
f 5571 5569 5528 5533
f 5570 5568 5569 5571
f 5570 5572 5491
f 5567 5572 5560
f 5491 5572 5567
f 5538 5571 5533
f 5573 5570 5538
f 5570 5571 5538
f 5574 5570 5565
f 5574 5572 5570
f 5561 5565 5562
f 5561 5574 5565
f 5560 5574 5561
f 5572 5574 5560
f 5563 5540 5522
f 5540 5573 5537
f 5538 5537 5573
f 5564 5565 5540 5563
f 5565 5573 5540
f 5570 5573 5565
f 5503 5543 5478
f 5504 5575 5503
f 5576 5506 4820
f 5576 4820 4824
f 5578 5577 5576
f 5579 5577 5578
f 5578 5576 4824
f 5581 5579 5578
f 5580 5579 5581
f 5584 5580 5581
f 5584 5582 5580
f 5585 5507 5506
f 5586 5507 5585
f 5513 5507 5586
f 5577 5506 5576
f 5585 5506 5577
f 5586 5585 5577
f 5587 5513 5586
f 5589 5588 5587
f 5579 5586 5577
f 5580 5587 5586
f 5580 5586 5579
f 5582 5587 5580
f 5582 5589 5587
f 5583 5589 5582
f 5590 5514 5513
f 5590 5516 5514
f 5591 5516 5590
f 5587 5590 5513
f 5588 5590 5587
f 5589 5591 5588
f 5591 5590 5588
f 5593 5594 5592 5022
f 5548 5597 5596 5593
f 3734 5593 5022
f 5596 5594 5593
f 5596 5597 5600
f 5597 5595 5600
f 5598 5599 5602
f 5602 5599 5601
f 5600 5595 5598 5603
f 5545 5593 3734
f 5545 5548 5593
f 5607 5605 5589
f 5608 5606 5605 5607
f 5604 5606 5608
f 5597 5548 5547
f 5598 5604 5608
f 5547 5604 5598
f 5597 5547 5595
f 5601 5607 5589 5583
f 5599 5608 5601
f 5608 5607 5601
f 5598 5608 5599
f 5595 5547 5598
f 5609 5556 5591
f 5556 5555 5516 5591
f 5557 5556 5609
f 5604 5558 5557
f 5558 5604 5547
f 5605 5609 5591 5589
f 5606 5609 5605
f 5606 5557 5609
f 5604 5557 5606
f 5610 4823 4826
f 5613 5612 5611
f 5614 5612 5613
f 5610 4826 4827
f 5613 5611 5610
f 5618 5614 5613
f 5619 5610 4827
f 5613 5610 5619
f 5618 5613 5619
f 5620 5615 5618
f 5615 5614 5618
f 5621 5616 5615
f 5617 5616 5621
f 5611 4824 4823 5610
f 5611 5578 4824
f 5612 5578 5611
f 5581 5578 5612
f 5622 5581 5612
f 5623 5582 5584
f 5624 5583 5582 5623
f 5584 5581 5622
f 5614 5622 5612
f 5615 5584 5614
f 5584 5622 5614
f 5616 5623 5584
f 5616 5624 5623
f 5617 5624 5616
f 5616 5584 5615
f 5626 5627 5628
f 5625 5629 5627
f 5594 5630 5592
f 5635 5603 5633
f 5635 5631 5603
f 5636 5632 5631
f 5632 5636 5630
f 5637 5634 5617
f 5638 5634 5637
f 5633 5634 5638
f 5639 5635 5633
f 5640 5601 5583 5624
f 5602 5601 5640
f 5603 5598 5602
f 5596 5632 5594
f 5641 5602 5640
f 5603 5602 5641
f 5632 5630 5594
f 5632 5596 5600
f 5603 5641 5633
f 5632 5600 5631
f 5631 5600 5603
f 5634 5640 5624 5617
f 5634 5641 5640
f 5633 5641 5634
f 5642 5629 5625
f 5642 5644 5629
f 5643 5644 5642
f 5643 5645 5644
f 5646 4825 4828
f 5649 5646 4828
f 5648 5647 5650
f 5647 5618 5619
f 5621 5615 5620
f 4827 4825 5646
f 5637 5617 5621
f 5619 4827 5646
f 5648 5620 5618 5647
f 5621 5620 5651
f 5651 5620 5648
f 5652 5621 5651
f 5653 5637 5652
f 5637 5621 5652
f 5628 5655 5654
f 5627 5655 5628
f 5627 5656 5655
f 5629 5656 5627
f 5655 5657 5654
f 5656 5657 5655
f 5656 5658 5657
f 5657 5659 5654
f 5659 5657 5660
f 5658 5660 5657
f 5660 5661 5659
f 5592 5663 5662
f 5592 5664 5663
f 5592 5662 5022
f 5664 5636 5663
f 5663 5667 5662
f 5636 5665 5666
f 5663 5669 5667
f 5669 5636 5666
f 5636 5669 5663
f 5639 5633 5638
f 5670 5635 5639
f 5635 5670 5631
f 5636 5631 5670
f 5630 5636 5664 5592
f 5639 5638 5671
f 5672 5638 5637
f 5671 5638 5672
f 5670 5639 5671
f 5636 5670 5665
f 5672 5637 5653
f 5665 5670 5671 5668
f 5668 5671 5672
f 5629 5673 5656
f 5644 5673 5629
f 5644 5674 5673
f 5645 5674 5644
f 5673 5658 5656
f 5673 5675 5658
f 5674 5675 5673
f 5674 5676 5675
f 5645 5676 5674
f 5675 5677 5658
f 5676 5677 5675
f 5658 5678 5661 5660
f 5677 5678 5658
f 5619 5646 5649
f 5650 5647 5619
f 5649 4828 4829
f 5682 5619 5649
f 5650 5619 5682
f 5680 5651 5648 5650
f 5683 5650 5682
f 5684 5652 5680
f 5681 5652 5684
f 5649 4829 5685
f 5686 5680 5650
f 5684 5680 5686
f 5685 4829 4830
f 5687 5650 5683
f 5686 5650 5687
f 5682 5649 5685
f 5688 5681 5684
f 5685 4830 5679
f 5680 5652 5651
f 5681 5653 5652
f 5662 5689 5022
f 5022 5689 5093
f 5668 5672 5691
f 5690 5665 5668
f 5666 5665 5690
f 5691 5672 5681
f 5690 5668 5691
f 5666 5690 5692
f 5662 5667 5689
f 5692 5690 5691
f 5691 5681 5688
f 5693 5669 5666
f 5669 5693 5667
f 5694 5691 5688
f 5692 5691 5694
f 5666 5692 5693
f 5667 5693 5695 5689
f 5672 5653 5681
f 5679 4830 4831
f 5698 5696 5679 5697
f 5696 5685 5679
f 5682 5685 5696
f 5699 5683 5682 5696
f 5688 5684 5700
f 5700 5684 5686
f 5687 5683 5699
f 5701 5688 5700
f 5702 5686 5687
f 5700 5686 5702
f 5699 5696 5698
f 5703 5687 5699
f 5702 5687 5703
f 5704 5701 5700
f 5704 5700 5702
f 5705 5702 5703
f 5706 5703 5699
f 5705 5703 5706
f 5707 5701 5704
f 5695 5709 5708 5689
f 5694 5688 5711
f 5712 5692 5694
f 5693 5709 5695
f 5711 5688 5701
f 5693 5692 5712
f 5713 5694 5711
f 5712 5694 5713
f 5712 5710 5693
f 5709 5693 5710
f 5711 5701 5707
f 5714 5711 5707
f 5713 5711 5714
f 5715 5712 5713
f 5710 5712 5715
f 5697 5679 4831 5716
f 5719 5697 5716
f 5698 5697 5719
f 5717 5706 5698
f 5717 5698 5719
f 5716 4831 4832
f 5720 5718 5717
f 5699 5698 5706
f 5704 5702 5705
f 5721 5704 5705
f 5707 5704 5721
f 5705 5706 5717
f 5718 5705 5717
f 5722 5707 5721
f 5721 5705 5718
f 5722 5721 5718
f 5723 5722 5718
f 5727 5724 5725
f 5726 5727 5725
f 5728 5727 5726
f 5689 5730 5729
f 5708 5730 5689
f 5708 5731 5730
f 5709 5731 5708
f 5710 5732 5731 5709
f 5732 5710 5715
f 5689 5729 5093
f 5732 5715 5733
f 5731 5734 5730
f 5734 5731 5732
f 5715 5713 5714
f 5735 5714 5707
f 5735 5707 5736
f 5736 5707 5722
f 5714 5735 5715
f 5733 5735 5736
f 5735 5733 5715
f 5723 5733 5736
f 5723 5736 5722
f 5727 5737 5724
f 5738 5737 5727 5728
f 5739 5716 4832
f 5739 5719 5716
f 5720 5717 5740
f 5740 5717 5719
f 5741 5720 5740
f 5742 5719 5739
f 5742 5740 5719
f 5741 5740 5742
f 4833 5739 4832
f 5743 5739 4833
f 5742 5739 5743
f 5723 5718 5720
f 5744 5723 5720
f 5745 5720 5741
f 5744 5720 5745
f 5749 5744 5745
f 5747 5750 5748 5746
f 5752 5741 5742 5751
f 5745 5741 5752
f 5754 5745 5752
f 5754 5749 5745
f 5755 5749 5754
f 5748 5757 5753
f 5758 5754 5752
f 5760 5754 5758
f 5760 5755 5754
f 5750 5759 5748
f 5753 5757 5761 5756
f 5758 5751 5762
f 5758 5752 5751
f 5763 5758 5762
f 5764 5763 5757
f 5748 5764 5757
f 5765 5758 5763
f 5764 5765 5763
f 5764 5748 5759
f 5765 5760 5758
f 5759 5765 5764
f 5766 5760 5765
f 5759 5766 5765
f 5767 5742 5743
f 5767 5751 5742
f 5762 5751 5767
f 5763 5762 5768
f 5757 5763 5768 5761
f 5770 5725 5769
f 5724 5771 5769
f 5725 5724 5769
f 5726 5725 5770
f 5772 5726 5770
f 5772 5728 5726
f 5769 5773 5774
f 5770 5769 5774 5775
f 5769 5746 5773
f 5769 5771 5746
f 5772 5770 5775
f 5747 5746 5771
f 5776 5728 5772
f 5777 5772 5775
f 5776 5772 5777
f 5773 5779 5774
f 5780 5775 5774
f 5773 5746 5753
f 5746 5748 5753
f 5781 5776 5777
f 5778 5776 5781
f 5782 5774 5779
f 5780 5774 5782
f 5777 5775 5780
f 5781 5777 5783
f 5784 5778 5781
f 5779 5773 5756
f 5753 5756 5773
f 5785 5777 5780
f 5783 5777 5785
f 4836 5782 5779 5786
f 5787 5782 4836
f 5788 5780 5782 5787
f 5789 5781 5783
f 5789 5784 5781
f 5786 5779 5756
f 5785 5780 5788
f 5790 5732 5733
f 5790 5734 5732
f 5730 5791 5729
f 5734 5791 5730
f 5790 5733 5792
f 5794 5790 5792 5793
f 5791 5795 5729
f 5734 5794 5791
f 5794 5734 5790
f 5794 5795 5791
f 5795 5796 5729
f 5792 5733 5723 5744
f 5797 5750 5747
f 5798 5792 5744 5749
f 5797 5800 5750
f 5799 5800 5797
f 5793 5792 5798
f 5802 5755 5760
f 5750 5803 5759
f 5798 5749 5755
f 5804 5798 5755 5802
f 5800 5803 5750
f 5766 5802 5760
f 5803 5766 5759
f 5805 5802 5766
f 5803 5805 5766
f 5806 5804 5802
f 5805 5806 5802
f 5807 5793 5798 5804
f 5806 5807 5804
f 5808 5805 5803
f 5801 5808 5803
f 5801 5803 5800
f 5793 5807 5794
f 5805 5808 5806
f 5807 5806 5810
f 5801 5809 5808
f 5794 5810 5795
f 5810 5794 5807
f 5737 5811 5771
f 5737 5771 5724
f 5737 5799 5811
f 5738 5812 5737
f 5813 5738 5728
f 5812 5799 5737
f 5813 5812 5738
f 5811 5747 5771
f 5814 5728 5776
f 5814 5813 5728
f 5816 5815 5799 5812
f 5812 5817 5816
f 5813 5817 5812
f 5818 5817 5813
f 5811 5797 5747
f 5778 5814 5776
f 5811 5799 5797
f 5819 5813 5814
f 5818 5813 5819
f 5817 5820 5816
f 5821 5814 5778
f 5819 5814 5821
f 5815 5801 5800 5799
f 5816 5822 5815
f 5820 5822 5816
f 5818 5820 5817
f 5818 5823 5820
f 5823 5818 5819
f 5824 5778 5784
f 5821 5778 5824
f 5822 5801 5815
f 5820 5825 5822
f 5820 5823 5825
f 5826 5821 5824
f 5819 5821 5826
f 5827 5823 5819
f 5822 5809 5801
f 5825 5828 5822
f 5827 5819 5826
f 5827 5829 5823
f 5822 5828 5809
f 5823 5829 5825
f 5830 5767 5743
f 5786 5756 5831
f 5768 5762 5767
f 5768 5767 5831
f 5761 5768 5831
f 5761 5831 5756
f 4833 5830 5743
f 5831 5767 5830
f 4835 5786 5831
f 4834 5830 4833
f 4834 5831 5830
f 4835 5831 4834
f 5824 5784 5789
f 4836 5786 4835
f 5787 4836 4837
f 5832 5824 5789
f 5833 5787 4837
f 5833 5788 5787
f 5834 5785 5788
f 5835 5783 5785 5834
f 5835 5789 5783
f 5832 5789 5835
f 5836 5788 5833
f 5834 5788 5836
f 5837 5835 5834
f 5838 5832 5835
f 5839 5835 5837
f 5840 5837 5834
f 5729 5796 5093
f 5841 5796 5795
f 5796 5441 5093
f 5841 5842 5796
f 5842 5441 5796
f 5806 5843 5810
f 5808 5843 5806
f 5808 5809 5843
f 5810 5841 5795
f 5843 5841 5810
f 5828 5843 5809
f 5843 5844 5841
f 5843 5842 5844
f 5828 5842 5843
f 5844 5842 5841
f 5845 5441 5842
f 5825 5845 5828
f 5829 5846 5825
f 5847 5827 5826
f 5849 5824 5832
f 5849 5826 5824
f 5845 5842 5828
f 5829 5848 5846
f 5848 5829 5827
f 5850 5826 5849
f 5847 5826 5850
f 5825 5851 5845
f 5846 5851 5825
f 5848 5827 5847
f 5849 5832 5838
f 5852 5850 5849
f 5853 5847 5850
f 5845 5851 5441
f 5854 5853 5850
f 5847 5853 5855 5848
f 5856 5835 5839
f 5856 5838 5835
f 5836 5833 5857
f 5840 5836 5858
f 5840 5834 5836
f 5839 5837 5840
f 5857 5833 4837
f 5839 5840 5859
f 5858 5836 5857
f 5859 5840 5858
f 5860 5858 5857
f 5861 5858 5860
f 5862 5858 5861
f 5863 5838 5856
f 5864 5863 5856
f 5865 5856 5839
f 5864 5856 5865
f 5839 5859 5866
f 5862 5859 5858
f 5866 5859 5862
f 5865 5839 5866
f 5867 5864 5865
f 5863 5849 5838
f 5852 5849 5863
f 5854 5850 5852
f 5848 5855 5868 5846
f 5869 5855 5853 5854
f 5868 5851 5846
f 5869 5854 5870
f 5871 5855 5869
f 5868 5872 5851
f 5855 5872 5868
f 5871 5872 5855
f 5873 5852 5863
f 5854 5852 5873
f 5870 5854 5873
f 5874 5863 5864 5867
f 5875 5873 5863 5874
f 5871 5869 5870
f 5873 5875 5870
f 5876 5871 5870 5875
f 4838 4813 5316
f 4839 5857 4837
f 5860 5857 4839
f 5877 5865 5866
f 5867 5865 5877
f 5879 5867 5877
f 5880 5867 5879
f 5881 5862 5861
f 5878 5866 5862 5881
f 5877 5866 5878
f 5882 5861 5860 4839
f 5881 5861 5882
f 5879 5877 5883
f 5882 4839 4840
f 5883 5877 5878
f 5884 5879 5883
f 5885 5880 5879 5884
f 5887 5881 5886
f 5887 5878 5881
f 5883 5878 5887
f 5886 5881 5882
f 5884 5883 5887
f 5884 5887 5889
f 5441 5312 5093
f 5312 5890 5331
f 5851 5891 5441
f 5872 5891 5851
f 5871 5892 5872
f 5893 5875 5874
f 5894 5874 5867 5880
f 5893 5874 5894
f 5875 5895 5876
f 5895 5875 5893
f 5896 5871 5876
f 5895 5893 5897
f 5896 5892 5871
f 5897 5893 5894
f 5895 5896 5876
f 5894 5880 5885
f 5898 5897 5894
f 5899 5895 5897
f 5900 5896 5895
f 5896 5901 5872 5892
f 5899 5897 5898
f 5900 5895 5899
f 5902 5896 5900
f 5901 5891 5872
f 5902 5901 5896
f 5903 5894 5885
f 5904 5898 5894 5903
f 4838 5316 5364
f 4838 5364 5371
f 4814 4838 5371
f 5888 5887 5886
f 5905 5886 5882 4840
f 5888 5886 5905
f 5889 5887 5888
f 5884 5889 5906
f 5907 5884 5906
f 5908 5884 5907
f 5909 5885 5884 5908
f 5910 5889 5888
f 5910 5906 5889
f 5912 5905 4840
f 5912 5888 5905
f 5913 5888 5912
f 5910 5888 5913
f 5914 5907 5906
f 5908 5907 5914
f 5910 5913 5915
f 5916 5906 5910
f 5914 5906 5916
f 5917 5915 5913 5912
f 5918 5911 5909
f 5919 5908 5914
f 5919 5909 5908
f 5918 5909 5919
f 5916 5910 5915
f 5920 5919 5914
f 5921 5918 5919 5920
f 5890 5336 5331
f 5890 5414 5410 5336
f 5441 5890 5312
f 5890 5441 5414
f 5899 5898 5904
f 5911 5903 5885
f 5904 5903 5911
f 5923 5899 5904
f 5911 5885 5909
f 5924 5904 5911
f 5923 5904 5924
f 5899 5925 5900
f 5925 5899 5923
f 5926 5902 5900
f 5926 5900 5925
f 5901 5927 5891
f 5902 5928 5927 5901
f 5926 5928 5902
f 5925 5923 5929
f 5927 5922 5891
f 5927 5931 5922
f 5926 5932 5928
f 5932 5926 5925 5930
f 5933 5924 5911 5918
f 5929 5923 5924
f 5929 5924 5933
f 5930 5925 5929
f 5934 5918 5921
f 5934 5933 5918
f 4841 5912 4840
f 4841 5917 5912
f 5935 5915 5917
f 5936 5916 5915 5935
f 5914 5916 5936
f 5920 5914 5937
f 4841 5935 5917
f 5938 5935 4841
f 5937 5914 5936
f 5939 4841 4842
f 5939 5938 4841
f 5940 5938 5939
f 5935 5938 5940
f 4843 5939 4842
f 5941 5939 4843
f 5937 5936 5942
f 5943 5920 5937
f 5921 5920 5943
f 5944 5921 5943
f 5942 5936 5935
f 5943 5937 5942
f 5945 5935 5940
f 5942 5935 5945
f 5946 5943 5942
f 5944 5943 5946
f 5941 5940 5939
f 5947 5945 5940
f 5948 5940 5941
f 5947 5940 5948
f 5950 5942 5945 5949
f 5946 5942 5950
f 5949 5945 5947
f 5951 5944 5946
f 5947 5948 5952
f 5954 5951 5946 5953
f 5922 5441 5891
f 5931 5441 5922
f 5932 5956 5927 5928
f 5927 5957 5931
f 5956 5957 5927
f 5958 5933 5934
f 5959 5929 5933 5958
f 5930 5929 5959
f 5960 5930 5959
f 5932 5930 5960
f 5932 5957 5956
f 5957 5961 5931
f 5931 5962 5441
f 5963 5934 5921
f 5963 5921 5944
f 5964 5934 5963
f 5958 5934 5964
f 5965 5959 5958
f 5964 5965 5958
f 5960 5959 5965
f 5966 5964 5963
f 5932 5960 5965
f 5932 5968 5961 5957
f 5968 5932 5965 5967
f 5969 5964 5966
f 5969 5965 5964
f 5966 5963 5944 5951
f 5969 5970 5965
f 5970 5967 5965
f 5954 5966 5951
f 5971 5969 5966
f 5954 5971 5966
f 5446 4818 5428
f 4844 4818 5446
f 5972 4844 5446
f 4844 5972 4845
f 5973 5446 5448
f 5974 5448 5429
f 5448 5974 5973
f 5450 5974 5429
f 5972 5446 5973
f 5975 5972 5973
f 5450 5976 5974
f 5449 5977 5450
f 5450 5978 5976
f 5977 5978 5450
f 5451 5979 5977 5449
f 5975 4845 5972
f 5980 5941 4843
f 4847 5981 4846
f 5982 5981 4847
f 5984 5983 5982
f 5980 5948 5941
f 5985 5949 5947
f 5985 5950 5949
f 5986 5950 5985
f 5953 5946 5950 5986
f 5980 5952 5948
f 5952 5985 5947
f 5985 5952 5987
f 5988 5952 5980
f 5988 5987 5952
f 5989 5980 4843 4846
f 5989 5988 5980
f 5990 5988 5989
f 5990 5987 5988
f 5981 5989 4846
f 5992 5990 5991
f 5990 5989 5981 5983
f 5991 5990 5994
f 5995 5993 5991
f 5996 5993 5995
f 5983 5981 5982
f 5994 5990 5983
f 5999 5991 5994
f 5995 5991 5999
f 5998 5996 6000
f 5998 5997 5996
f 5984 5999 5983
f 5999 5994 5983
f 6002 5996 5995
f 6000 5996 6002
f 6003 5953 5986
f 6003 5954 5953
f 6004 6003 5986
f 6005 5985 5987
f 6005 5986 5985
f 6006 5986 6005
f 6006 6004 5986
f 6007 6004 6006
f 6007 6003 6004
f 5992 6005 5987 5990
f 5992 6006 6005
f 5993 6006 5992
f 6008 6006 5993
f 6008 6007 6006
f 6009 6007 6008
f 5993 5992 5991
f 5997 6008 5993
f 5997 6009 6008
f 5997 5993 5996
f 5441 5955 5442
f 5442 6010 5445
f 5955 6010 5442
f 6010 5443 5445
f 5454 5456 5444
f 5454 6011 5456
f 5443 6012 5454
f 6010 6012 5443
f 5453 6013 5455
f 5456 6013 5453
f 6012 6011 5454
f 6010 6014 6012
f 5452 5455 5451
f 5456 6015 6013
f 6011 6015 5456
f 5455 5979 5451
f 5955 6014 6010
f 6014 6016 6012
f 5955 6016 6014
f 5961 6017 5931
f 6017 5962 5931
f 6017 6018 5962
f 6018 6021 5962
f 6019 6021 6018
f 6019 6022 6021
f 6019 6020 6022
f 5969 6023 5970
f 6023 5969 5971
f 6023 5967 5970
f 5967 6024 5961 5968
f 6023 6025 5967
f 6024 6017 5961
f 5967 6025 6024
f 6024 6027 6017
f 6025 6027 6024
f 6025 6026 6027
f 6027 6018 6017
f 6028 6030 6026
f 6027 6019 6018
f 6027 6031 6019
f 6026 6031 6027
f 6031 6026 6030
f 6030 6029 6032
f 6031 6030 6033
f 6019 6031 6020
f 6033 6032 6034
f 6030 6032 6033
f 6031 6033 6020
f 6035 5998 6000
f 6032 5998 6035
f 6034 6032 6035
f 6020 6033 6036
f 6037 5954 6003
f 5971 5954 6037
f 6038 5971 6037
f 6038 6023 5971
f 6007 6037 6003
f 6038 6037 6007
f 6038 6039 6023
f 6023 6039 6026 6025
f 6040 6007 6009
f 6029 6040 6009
f 6040 6038 6007
f 6028 6040 6029
f 6038 6040 6028 6039
f 6039 6028 6026
f 5997 6029 6009
f 6030 6028 6029
f 6032 5997 5998
f 6029 5997 6032
f 5977 6041 5978
f 5977 6042 6041
f 5979 6042 5977
f 6043 5975 5973
f 6044 4845 5975
f 5976 6045 5974
f 6044 5975 6043
f 5978 6041 6045 5976
f 6046 5973 5974
f 5973 6046 6043
f 6045 6046 5974
f 5979 6047 6042
f 6042 6048 6041
f 6048 6042 6047
f 6047 6049 6048
f 6041 6051 6050 6045
f 6048 6051 6041
f 6052 6044 6043
f 6052 4845 6044
f 6053 4845 6052
f 6045 6050 6046
f 6054 6052 6043
f 6046 6050 6054 6043
f 6049 6055 6048
f 6050 6057 6054
f 6051 6058 6057 6050
f 6048 6058 6051
f 6053 6052 6054
f 4848 4845 6053
f 6056 6053 6054
f 5982 4847 6059
f 6001 5999 5984
f 6060 5984 6059
f 5984 5982 6059
f 6061 6001 5984
f 6059 4847 6064
f 6065 5984 6060
f 6065 6061 5984
f 6066 6061 6065
f 6060 6059 6064
f 6066 6062 6061
f 6067 6062 6066
f 6067 6063 6062
f 6064 4847 4850
f 6068 6065 6060
f 6069 6066 6065 6068
f 6067 6066 6069
f 6070 6060 6064
f 6068 6060 6070
f 6071 6067 6069
f 6072 6064 4850
f 6070 6064 6072
f 6073 6068 6070
f 6074 6069 6068 6073
f 6071 6069 6074
f 6074 6073 6075
f 6076 6071 6074
f 6077 6071 6076
f 6001 5995 5999
f 6002 5995 6001
f 6062 6002 6001 6061
f 6063 6002 6062
f 6015 6078 6013
f 6011 6078 6015
f 6012 6079 6078 6011
f 6016 6080 6012
f 6080 6079 6012
f 5455 6047 5979
f 6013 6081 5455
f 6082 6081 6013
f 6078 6082 6013
f 6047 6083 6049
f 6081 6083 6047 5455
f 6078 6084 6082
f 5441 6085 5955
f 5955 6085 6016
f 6080 6086 6079
f 6016 6086 6080
f 6085 6087 6086 6016
f 6079 6084 6078
f 6081 6088 6083
f 6082 6088 6081
f 6084 6088 6082
f 6086 6084 6079
f 6083 6055 6049
f 6084 6090 6089
f 6086 6090 6084
f 6087 6090 6086
f 6088 6091 6083
f 6088 6092 6091
f 6084 6089 6088
f 6089 6092 6088
f 6085 6093 6087
f 6093 6090 6087
f 6085 6094 6093
f 5441 6094 6085
f 5962 6095 5441
f 6022 6020 6036
f 6097 6036 6096
f 6098 6022 6097
f 6022 6098 6021
f 6022 6036 6097
f 6098 6097 6099
f 6021 6100 5962
f 6101 6063 6067
f 6102 6096 6063 6101
f 6096 6102 6097
f 6099 6097 6102
f 6098 6103 6100 6021
f 6103 6098 6099
f 6100 6095 5962
f 6104 6101 6067 6071
f 6105 6102 6101 6104
f 6106 6099 6102 6105
f 6106 6103 6099
f 6107 6105 6104
f 6106 6108 6103
f 6103 6108 6100
f 6077 6104 6071
f 6107 6104 6077
f 6109 6106 6105 6107
f 6100 6110 6095
f 6108 6110 6100
f 6035 6000 6002
f 6096 6034 6035
f 6036 6034 6096
f 6036 6033 6034
f 6063 6035 6002
f 6096 6035 6063
f 6048 6055 6058
f 6056 4848 6053
f 6113 6056 6054 6057
f 6113 6112 6056
f 6058 6114 6057
f 6115 6114 6058
f 6055 6115 6058
f 6112 6113 6117
f 6114 6113 6057
f 6115 6118 6114
f 6116 6115 6055
f 6114 6119 6113
f 6118 6119 6114
f 6116 6118 6115
f 6112 4848 6056
f 6120 4848 6112 6117
f 6120 4849 4848
f 6121 6120 6117
f 6113 6122 6117
f 6122 6123 6117
f 6119 6122 6113
f 6118 6124 6119
f 6125 6124 6118
f 6116 6125 6118
f 6119 6126 6122
f 6121 4849 6120
f 6123 6121 6117
f 6121 4851 4849
f 6126 6123 6122
f 6127 6121 6123
f 6126 6127 6123
f 6119 6128 6126
f 6124 6128 6119
f 6129 6128 6124
f 6125 6129 6124
f 6128 6130 6126
f 6128 6131 6130
f 6129 6131 6128
f 6129 6132 6131
f 6133 4851 6121
f 6127 6133 6121
f 6134 6133 6127
f 6135 4851 6133 6134
f 6130 6136 6127 6126
f 6137 6135 6134
f 6072 4850 4852
f 6138 6070 6072
f 6073 6070 6138
f 6139 6074 6075
f 6076 6074 6139
f 6075 6073 6138
f 6139 6075 6140
f 6141 6138 6072 4852
f 6142 6075 6138
f 6140 6075 6142
f 6143 6141 4852 4853
f 6144 6138 6141 6143
f 6135 4853 4851
f 6145 4853 6135 6137
f 6145 6143 4853
f 6146 6139 6140
f 6146 6076 6139
f 6147 6076 6146
f 6142 6138 6144
f 6148 6147 6146
f 6149 6146 6140
f 6150 6142 6144
f 6140 6142 6151
f 6148 6146 6149
f 6150 6144 6143
f 6151 6142 6150
f 6152 6149 6140 6151
f 6148 6149 6152
f 6153 6147 6148
f 6083 6091 6055
f 6089 6155 6154
f 6090 6155 6089
f 6090 6156 6155
f 6093 6156 6090
f 6091 6157 6116 6055
f 6091 6158 6157
f 6091 6092 6158
f 6089 6154 6092
f 6154 6158 6092
f 6158 6159 6157
f 6154 6160 6158
f 6155 6160 6154
f 6157 6161 6116
f 6159 6161 6157
f 6158 6160 6159
f 6155 6162 6160
f 6093 6163 6156
f 6094 6163 6093
f 6156 6162 6155
f 6163 6164 6156
f 6161 6125 6116
f 6162 6165 6160
f 6156 6166 6162
f 6156 6167 6166
f 6165 6159 6160
f 6166 6165 6162
f 6094 6164 6163
f 6164 6167 6156
f 6164 6168 6167
f 6161 6169 6125
f 6159 6169 6161
f 6159 6170 6169
f 6165 6170 6159
f 6165 6166 6170
f 6167 6171 6166
f 6169 6129 6125
f 6169 6194 6132 6129
f 6169 6172 6194
f 6170 6172 6169
f 6170 6173 6172
f 6166 6173 6170
f 5441 6174 6094
f 6094 6168 6164
f 6174 6168 6094
f 6174 6175 6168
f 6167 6176 6171
f 6168 6176 6167
f 6176 6177 6171
f 6168 6177 6176
f 5441 6095 6174
f 6174 6178 6175
f 6175 6177 6168
f 6175 6178 6177
f 6179 6077 6076
f 6179 6107 6077
f 6180 6107 6179
f 6106 6109 6108
f 6111 6110 6108
f 6111 6108 6109
f 6109 6107 6180
f 6110 6181 6095
f 6182 6109 6180
f 6183 6109 6182
f 6183 6111 6109
f 6111 6181 6110
f 6181 6174 6095
f 6181 6184 6178 6174
f 6181 6185 6184
f 6147 6179 6076
f 6180 6179 6147
f 6186 6183 6182
f 6183 6181 6111
f 6153 6180 6147
f 6187 6180 6153
f 6187 6182 6180
f 6186 6182 6187
f 6183 6188 6185 6181
f 6186 6188 6183
f 6189 6127 6136
f 6130 6190 6189 6136
f 6131 6191 6130
f 6132 6191 6131
f 6191 6192 6130
f 6193 6192 6191
f 6132 6194 6191
f 6194 6195 6193 6191
f 6189 6137 6134
f 6196 6137 6189
f 6127 6189 6134
f 6190 6197 6189
f 6192 6190 6130
f 6192 6198 6197 6190
f 6195 6199 6193
f 6196 6145 6137
f 6197 6196 6189
f 6198 6200 6197
f 6192 6201 6198
f 6201 6202 6200 6198
f 6193 6201 6192
f 6199 6201 6193
f 6201 6203 6202
f 6199 6204 6201
f 6204 6203 6201
f 6205 6150 6143 6145
f 6206 6151 6150 6205
f 6207 6152 6151
f 6208 6148 6152
f 6153 6148 6208
f 6205 6145 6196
f 6196 6209 6205
f 6209 6206 6205
f 6207 6151 6206
f 6210 6152 6207
f 6210 6208 6152
f 6209 6196 6197
f 6211 6206 6209
f 6211 6207 6206
f 6200 6209 6197
f 6200 6212 6211 6209
f 6212 6213 6211
f 6213 6210 6207 6211
f 6214 6210 6213
f 6214 6215 6210
f 6215 6208 6210
f 6202 6203 6200
f 6203 6212 6200
f 6203 6216 6212
f 6216 6214 6212
f 6214 6213 6212
f 6172 6217 6194
f 6173 6217 6172
f 6171 6173 6166
f 6173 6218 6217
f 6171 6218 6173
f 6171 6219 6218
f 6177 6219 6171
f 6217 6220 6194
f 6177 6221 6219
f 6177 6222 6221
f 6178 6222 6177
f 6220 6195 6194
f 6217 6223 6220
f 6218 6223 6217
f 6218 6219 6223
f 6219 6224 6223
f 6221 6224 6219
f 6220 6199 6195
f 6223 6225 6220
f 6223 6224 6225
f 6184 6222 6178
f 6222 6226 6221
f 6185 6226 6222 6184
f 6221 6227 6224
f 6221 6226 6227
f 6220 6225 6199
f 6224 6228 6225
f 6227 6228 6224
f 6225 6204 6199
f 6225 6228 6204
f 6229 6186 6187
f 6186 6229 6188
f 6188 6226 6185
f 6230 6153 6208
f 6230 6187 6153
f 6231 6187 6230
f 6229 6231 6233
f 6231 6229 6187
f 6226 6232 6227
f 6188 6233 6232 6226
f 6229 6233 6188
f 6215 6230 6208
f 6234 6215 6214
f 6230 6215 6234
f 6233 6234 6235
f 6231 6234 6233
f 6234 6231 6230
f 6227 6232 6228
f 6232 6233 6235 6228
f 6204 6216 6203
f 6235 6214 6216
f 6235 6234 6214
f 6228 6235 6216 6204
f 6236 5476 5475
f 6236 1157 5476
f 3611 4706 3755
f 4706 5499 3755
f 4706 6237 5499
f 6237 5501 5499
f 4716 4736 3611
f 4725 4736 4716
f 4741 6238 4736
f 6239 6236 5475
f 4854 1157 6236
f 5480 6239 5475
f 5479 6240 5541
f 5479 5542 6240
f 6241 6236 6239
f 5541 6242 5480
f 5541 6243 6242
f 6240 6243 5541
f 4854 6236 6241
f 5480 6244 6241 6239
f 6242 6244 5480
f 6244 6245 6241
f 6242 6246 6244
f 6243 6246 6242
f 6240 6247 6243
f 5542 6248 6247 6240
f 6237 6249 5501
f 5503 5575 5543
f 5502 6250 5504
f 5502 6251 6250
f 5501 6251 5502
f 6249 6251 5501
f 5504 6250 5575
f 4706 6252 6237
f 6250 6253 5575
f 6251 6254 6250
f 6249 6255 6251
f 6237 6255 6249
f 5543 6256 5542
f 5575 6256 5543
f 6253 6256 5575
f 6250 6254 6253
f 6255 6254 6251
f 6252 6257 6255 6237
f 6256 6248 5542
f 6243 6247 6246
f 6246 6258 6244
f 6247 6258 6246
f 6258 6245 6244
f 6247 6259 6258
f 6248 6259 6247
f 6248 6261 6259
f 6258 6260 6262 6245
f 6259 6260 6258
f 6260 6263 6262
f 6259 6263 6260
f 6259 6264 6263
f 6261 6264 6259
f 6263 6265 6262
f 6263 6266 6265
f 6264 6266 6263
f 6264 6267 6266
f 6268 4854 6241 6245
f 4855 4854 6268
f 4857 4855 6268
f 6268 6245 6269
f 6245 6262 6269
f 4857 6268 6269
f 4855 4857 4856
f 6269 6262 6265
f 4859 4857 6269
f 6269 6265 6270
f 6255 6271 6254
f 6253 6272 6256
f 6254 6272 6253
f 6256 6273 6248
f 6272 6273 6256
f 6254 6271 6272
f 6273 6261 6248
f 6271 6274 6272
f 6273 6275 6264 6261
f 6272 6275 6273
f 6274 6275 6272
f 6275 6267 6264
f 6275 6276 6267
f 6274 6277 6276 6275
f 3611 6252 4706
f 6255 6278 6271
f 6257 6278 6255
f 6252 6279 6278 6257
f 6252 6280 6279
f 3611 6280 6252
f 6271 6278 6274
f 6279 6281 6278
f 6278 6281 6274
f 6281 6277 6274
f 6279 6282 6281
f 6280 6282 6279
f 6267 6284 6283 6266
f 6285 6265 6266
f 6283 6286 6285
f 6283 6285 6266
f 6283 6287 6286
f 6284 6287 6283
f 6285 6289 6270
f 6288 6285 6286
f 6289 6285 6288
f 6287 6291 6286
f 6290 6291 6287
f 6286 6293 6288
f 6291 6293 6286
f 6290 6294 6291
f 6292 6289 6296
f 6289 6288 6295
f 6288 5626 5628
f 6288 5628 6295
f 6293 5626 6288
f 6294 6293 6291
f 6296 6289 6295
f 6293 5627 5626
f 6293 6294 5625 5627
f 6296 6295 6297
f 6297 6295 5628
f 6292 6269 6270
f 4859 6269 6292
f 6265 6285 6270
f 6292 6270 6289
f 4858 6292 6296
f 4859 6292 4858
f 6276 6298 6284 6267
f 6298 6300 6299 6284
f 6276 6277 6298
f 6299 6290 6287
f 6299 6287 6284
f 6301 6300 6298
f 6277 6301 6298
f 6299 6303 6290
f 6300 6303 6299
f 6301 6304 6300
f 6302 6301 6277
f 6302 6305 6301
f 6290 6303 6294
f 6300 6306 6303
f 6304 6306 6300
f 6303 5625 6294
f 6306 5642 6303
f 6306 5643 5642
f 6304 6307 6306
f 6301 6305 6304
f 6303 5642 5625
f 6307 5643 6306
f 6305 6308 6309
f 6307 5645 5643
f 6307 6310 5645
f 6304 6310 6307
f 6305 6310 6304
f 6305 6309 6310
f 6281 6302 6277
f 6281 6282 6302
f 6280 6308 6282
f 6282 6308 6305 6302
f 3611 6311 6280
f 6280 6311 6308
f 6313 6296 6297
f 6314 6296 6313
f 4858 6296 6314
f 6297 5628 5654
f 6313 6297 6312
f 6297 5654 6312
f 6315 6314 6313 6312
f 6315 4858 6314
f 6316 6312 5654
f 6316 5654 5659
f 6317 6315 6312
f 6318 6312 6316
f 5659 6319 6316
f 5661 6319 5659
f 6321 6315 6317
f 6322 6312 6318
f 6312 6322 6317
f 6318 6316 6319
f 5661 6320 6319
f 6318 6323 6322
f 6319 6324 6318
f 6324 6323 6318
f 6320 6324 6319
f 6320 6326 6324
f 6325 6326 6320
f 6321 4858 6315
f 4860 4858 6321
f 6327 4860 6321
f 4860 6327 4861
f 6328 6321 6317
f 6317 6322 6328
f 6324 6329 6323
f 6331 4863 4862 6330
f 6332 4863 6331
f 6332 4864 4863
f 6309 6333 6310
f 6309 6308 6333
f 6310 6334 5676 5645
f 6333 6334 6310
f 6333 6335 6334
f 6308 6311 6335 6333
f 6311 6336 6335
f 5678 6320 5661
f 5677 6337 5678
f 5677 6338 6337
f 5676 6338 5677
f 6334 6338 5676
f 6334 6339 6338
f 6334 6340 6339
f 6335 6340 6334
f 5678 6341 6320
f 6337 6341 5678
f 6336 6340 6335
f 6341 6325 6320
f 6338 6342 6337
f 6337 6342 6325 6341
f 6338 6343 6342
f 6339 6343 6338
f 6340 6343 6339
f 6311 6344 6336
f 6343 6345 6342
f 6344 6340 6336
f 6347 6346 3611
f 6347 6348 6346
f 6347 6350 6348
f 6349 6350 6347
f 4736 6347 3611
f 4736 6349 6347
f 4736 6351 6349
f 6327 6321 6328
f 6323 6352 6322
f 6329 6352 6323
f 6353 6327 6328
f 6354 6328 6322
f 6352 6354 6322
f 6324 6355 6329
f 6326 6355 6324
f 6329 6355 6352
f 6352 6356 6354
f 6355 6356 6352
f 6353 4861 6327
f 6357 4861 6353
f 6355 6358 6356
f 6326 6358 6355
f 6357 6353 6328
f 6359 6354 6356
f 6354 6359 6328
f 6358 6360 6356
f 6326 6361 6358
f 4861 6357 4865
f 6362 6357 6328
f 6362 4865 6357
f 6364 4862 4866
f 6363 4862 6364
f 6366 6363 6364 6365
f 6367 6368 6366
f 6367 6365 6364 6370
f 6366 6365 6367
f 6369 6368 6367
f 6373 6331 6330
f 6374 6331 6373
f 6363 6330 4862
f 6373 6330 6363
f 6375 6374 6373
f 6376 6373 6363
f 6375 6373 6376
f 6377 6378 6376
f 6378 6375 6376
f 6378 6380 6379 6375
f 6381 6380 6378
f 6376 6363 6366
f 6368 6376 6366
f 6377 6376 6368
f 6383 6381 6378 6377
f 6381 6382 6380
f 6369 6377 6368
f 6384 6377 6369
f 6384 6383 6377
f 6385 6383 6384
f 6371 6384 6369
f 6386 6385 6384 6371
f 6387 6386 6371 6372
f 6332 6331 6374
f 6388 6332 6374
f 6375 6379 6374
f 6389 6388 6374
f 6379 6389 6374
f 6380 6391 6389 6379
f 6392 6391 6380
f 6382 6393 6380
f 6393 6392 6380
f 6391 6390 6389
f 6393 6394 6392
f 6394 6391 6392
f 6395 4864 6332
f 6388 6395 6332
f 6396 6395 6388
f 6397 6395 6396
f 6388 6389 6396
f 6398 6396 6389
f 6390 6398 6389
f 6391 6399 6390
f 6398 6400 6396
f 6390 6401 6398
f 6391 6402 6399
f 6394 6402 6391
f 6394 6403 6402
f 6399 6401 6390
f 6401 6404 6398
f 6399 6405 6401
f 6402 6405 6399
f 6397 4864 6395
f 6400 6397 6396
f 6407 6397 6400
f 6407 4864 6397
f 6398 6404 6400
f 6403 6406 6402
f 6401 6408 6404
f 6408 6409 6404
f 6409 6400 6404
f 6405 6408 6401
f 6402 6406 6405
f 6407 4867 4864
f 6410 6407 6400
f 6411 6407 6410
f 6411 4867 6407
f 6412 4867 6411
f 6340 6413 6345 6343
f 6342 6414 6325
f 6345 6414 6342
f 6345 6413 6414
f 6340 6415 6413
f 6340 6416 6415
f 6344 6416 6340
f 6413 6417 6414
f 6414 6417 6325
f 6311 6416 6344
f 6311 6418 6416
f 6416 6419 6415
f 6418 6419 6416
f 6417 6420 6325
f 6413 6421 6417
f 6415 6421 6413
f 6325 6422 6326
f 6420 6422 6325
f 6415 6423 6421
f 6419 6423 6415
f 6417 6424 6420
f 6421 6424 6417
f 6311 6425 6418
f 3611 6425 6311
f 3611 6426 6425
f 3611 6427 6426
f 6346 6428 3611
f 6346 6429 6428
f 6428 6427 3611
f 6431 6430 6429
f 6429 6434 6428
f 6429 6430 6434
f 6430 6432 6437
f 6346 6440 6439
f 6348 6440 6346
f 6442 6438 6441
f 6346 6439 6429
f 6440 6438 6442
f 6442 6444 6446
f 6442 6441 6445 6444
f 6439 6431 6429
f 6440 6431 6439
f 6431 6440 6442
f 6447 6448 6381 6383
f 6448 6443 6382 6381
f 6447 6444 6448
f 6445 6448 6444
f 6448 6445 6443
f 6446 6444 6447
f 6442 6449 6431
f 6449 6442 6446
f 6385 6447 6383
f 6450 6447 6385
f 6450 6446 6447
f 6449 6446 6450
f 6431 6449 6430
f 6430 6449 6432
f 6433 6450 6385 6386
f 6432 6449 6433
f 6449 6450 6433
f 6435 6386 6387
f 6435 6433 6386
f 6348 6438 6440
f 6350 6438 6348
f 6441 6452 6451
f 6438 6452 6441
f 6350 6452 6438
f 6443 6453 6393 6382
f 6445 6453 6443
f 6445 6451 6453
f 6451 6454 6453
f 6451 6455 6454
f 6441 6451 6445
f 6451 6456 6455
f 6452 6456 6451
f 6453 6454 6393
f 6454 6394 6393
f 6349 6457 6350
f 6457 6452 6350
f 6452 6458 6456
f 6457 6458 6452
f 6455 6459 6454
f 6456 6459 6455
f 6456 6458 6460
f 6454 6461 6403 6394
f 6459 6461 6454
f 6460 6459 6456
f 6459 6462 6461
f 6459 6460 6462
f 6461 6406 6403
f 6351 6457 6349
f 6457 6463 6458
f 6351 6463 6457
f 6463 6464 6458
f 6464 6460 6458
f 6460 6464 6465
f 6351 6466 6464 6463
f 6461 6467 6406
f 6461 6468 6467
f 6462 6468 6461
f 6465 6462 6460
f 6464 6469 6465
f 6462 6470 6468
f 6465 6470 6462
f 4736 6471 6351
f 6471 6466 6351
f 6464 6472 6469
f 4736 6473 6471
f 6359 6474 6328
f 6361 6360 6358
f 6356 6475 6359
f 6360 6475 6356
f 6326 6476 6361
f 6474 6362 6328
f 6477 6362 6474
f 6359 6477 6474
f 6361 6478 6360
f 6479 6362 6477
f 6359 6480 6477
f 6475 6480 6359
f 6360 6481 6475
f 6478 6481 6360
f 6476 6478 6361
f 6475 6482 6480
f 6481 6482 6475
f 6478 6483 6481
f 6476 6483 6478
f 6479 4865 6362
f 4869 4865 6479
f 6484 6479 6477
f 6484 4869 6479
f 6485 4869 6484
f 6480 6486 6477
f 6482 6486 6480
f 6481 6487 6482
f 6483 6487 6481
f 4869 6485 4870
f 6370 6364 4866
f 6488 6369 6367
f 6488 6371 6369
f 6372 6371 6488
f 6489 6367 6370
f 6370 4866 4871
f 6490 6367 6489
f 6488 6367 6490
f 6491 6372 6488
f 6387 6372 6491
f 6492 6488 6490
f 6491 6488 6492
f 6493 6387 6491
f 6494 6370 4871
f 6489 6370 6494
f 6495 6493 6491
f 6497 6490 6489 6496
f 6492 6490 6497
f 6498 6409 6408
f 6405 6498 6408
f 6406 6498 6405
f 6411 6410 6499
f 6500 6400 6409
f 6400 6500 6499 6410
f 6406 6501 6498
f 6409 6502 6500
f 6498 6502 6409
f 6406 6503 6501
f 6501 6502 6498
f 4868 4867 6412
f 6412 6411 6499
f 6504 6412 6499
f 6500 6504 6499
f 6505 6412 6504
f 6502 6506 6504 6500
f 6502 6507 6506
f 6501 6507 6502
f 6506 6508 6504
f 6501 6509 6507
f 6503 6509 6501
f 6509 6510 6507
f 6511 6510 6509
f 6505 4868 6412
f 6512 6505 6504
f 6508 6512 6504
f 6508 6513 6512
f 6506 6514 6513 6508
f 6507 6514 6506
f 6510 6514 6507
f 6515 6513 6514
f 6510 6515 6514
f 6511 6516 6510
f 4872 4868 6505
f 6517 4872 6505
f 6512 6517 6505
f 6518 6517 6512
f 6519 6512 6513
f 6424 6520 6420
f 6420 6520 6422
f 6421 6521 6424
f 6423 6521 6421
f 6422 6476 6326
f 6424 6522 6520
f 6425 6523 6419 6418
f 6521 6522 6424
f 6419 6524 6423
f 6523 6524 6419
f 6422 6525 6476
f 6520 6525 6422
f 6522 6526 6520
f 6521 6526 6522
f 6423 6524 6521
f 6520 6527 6525
f 6526 6527 6520
f 6426 6528 6425
f 6528 6523 6425
f 6524 6529 6526 6521
f 6524 6530 6529
f 6523 6530 6524
f 6523 6531 6530
f 6528 6531 6523
f 6533 6433 6435
f 6436 6432 6533
f 6432 6433 6533
f 6434 6427 6428
f 6430 6437 6434
f 6534 6435 6387
f 6533 6435 6534
f 6437 6432 6436
f 6535 6437 6436
f 6434 6536 6427
f 6537 6533 6534
f 6436 6533 6537
f 6535 6538 6437
f 6437 6538 6434
f 6534 6387 6493
f 6535 6436 6537
f 6538 6535 6539
f 6427 6532 6426
f 6434 6538 6536
f 6537 6534 6493
f 6539 6535 6537
f 6540 6537 6493
f 6539 6537 6540
f 6536 6532 6427
f 6540 6493 6495
f 6541 6538 6539
f 6466 6472 6464
f 6466 6542 6472
f 6468 6543 6467
f 6470 6543 6468
f 6470 6544 6543
f 6469 6470 6465
f 6470 6469 6544
f 6469 6472 6545
f 6467 6503 6406
f 6467 6543 6503
f 6545 6544 6469
f 6544 6546 6543
f 6471 6542 6466
f 6473 6547 6542 6471
f 6544 6548 6546
f 6544 6545 6548
f 6545 6472 6549
f 6542 6550 6472
f 6549 6548 6545
f 6550 6549 6472
f 6543 6509 6503
f 6546 6509 6543
f 6548 6551 6546
f 6549 6551 6548
f 6546 6511 6509
f 6546 6551 6511
f 6542 6552 6550
f 6547 6552 6542
f 6549 6550 6553
f 6552 6554 6550
f 6549 6553 6551
f 6554 6553 6550
f 6551 6516 6511
f 6551 6555 6516
f 6551 6553 6555
f 6547 6556 6552
f 6556 6554 6552
f 6553 6557 6555
f 6554 6557 6553
f 6554 6558 6557
f 6485 6484 6477
f 6486 6559 6477
f 6482 6560 6486
f 6487 6560 6482
f 6560 6559 6486
f 6483 6561 6487
f 6476 6525 6483
f 6487 6562 6560
f 6561 6562 6487
f 6525 6561 6483
f 4873 4870 6485
f 6563 6485 6477
f 4873 6485 6563
f 6559 6563 6477
f 6564 6559 6560
f 6562 6564 6560
f 6565 6563 6559
f 6564 6565 6559
f 6562 6566 6564
f 6561 6566 6562
f 6525 6567 6561
f 6525 6568 6567
f 6569 4873 6563
f 6569 4874 4873
f 6496 6489 6494
f 6570 6492 6497
f 6570 6491 6492
f 6495 6491 6570
f 6495 6570 6571
f 6497 6496 6573
f 6572 6495 6571
f 6497 6573 6574
f 6570 6497 6574
f 6571 6570 6575
f 6576 6496 6494
f 6573 6496 6576
f 6575 6570 6574
f 6572 6571 6577
f 6578 6494 4871
f 6576 6494 6578
f 6577 6571 6575
f 6579 6572 6577
f 6510 6580 6515
f 6516 6580 6510
f 6519 6518 6512
f 6515 6519 6513
f 6582 6519 6515
f 6580 6582 6515
f 6582 6581 6519
f 6580 6583 6582
f 6580 6584 6583
f 6526 6585 6527
f 6529 6585 6526
f 6529 6586 6585
f 6530 6587 6586 6529
f 6527 6568 6525
f 6530 6588 6587
f 6531 6588 6530
f 6527 6589 6568
f 6585 6589 6527
f 6586 6589 6585
f 6528 6590 6588 6531
f 6589 6591 6568
f 6586 6593 6592
f 6587 6593 6586
f 6588 6593 6587
f 6536 6595 6532
f 6538 6595 6536
f 6595 6538 6541
f 6572 6540 6495
f 6596 6540 6572
f 6596 6539 6540
f 6594 6539 6596
f 6541 6539 6594
f 6595 6597 6532
f 6594 6596 6598
f 6599 6595 6541 6594
f 6598 6596 6572 6600
f 6600 6572 6579
f 6594 6598 6601
f 6532 6597 6426
f 6599 6594 6602
f 6555 6603 6516
f 6603 6580 6516
f 6555 6604 6603
f 6557 6604 6555
f 6557 6605 6604
f 6557 6558 6605
f 6603 6584 6580
f 6604 6606 6584 6603
f 6605 6606 6604
f 6607 6569 6563
f 6565 6607 6563
f 6566 6608 6564
f 6561 6567 6566
f 6564 6608 6565
f 6566 6609 6608
f 6567 6609 6566
f 6568 6610 6567
f 6608 6611 6565
f 6565 6611 6607
f 6608 6609 6611
f 6567 6612 6609
f 6567 6610 6612
f 6613 6569 6607
f 6614 6613 6607
f 6615 6614 6607
f 6611 6615 6607
f 6609 6616 6611
f 6612 6616 6609
f 6617 6574 6573
f 6575 6574 6617
f 6573 6576 6578
f 6578 4871 4874
f 6618 6573 6578
f 6619 6617 6573
f 6579 6577 6620
f 6621 4874 6569 6613
f 6621 6578 4874
f 6575 6617 6622
f 6623 6577 6575
f 6620 6577 6623
f 6618 6578 6621
f 6619 6573 6618
f 6623 6575 6622
f 6586 6592 6591 6589
f 6592 6624 6591
f 6593 6624 6592
f 6568 6625 6610
f 6591 6625 6568
f 6593 6626 6624
f 6588 6626 6593
f 6588 6627 6626
f 6590 6627 6588
f 6528 6628 6627 6590
f 6426 6629 6628 6528
f 6624 6630 6591
f 6591 6630 6625
f 6624 6631 6630
f 6626 6631 6624
f 6601 6632 6594
f 6602 6594 6632
f 6595 6633 6597
f 6599 6633 6595
f 6597 6629 6426
f 6634 6600 6579 6620
f 6598 6600 6634
f 6633 6629 6597
f 6601 6635 6632
f 6599 6636 6633
f 6602 6636 6599
f 6635 6601 6598 6634
f 6629 6627 6628
f 6636 6629 6633
f 6611 6616 6615
f 6610 6637 6612
f 6612 6637 6616
f 6610 6638 6637
f 6639 6621 6613 6614
f 6619 6618 6621
f 6622 6617 6619
f 6640 6619 6621
f 6640 6641 6619
f 6622 6619 6641
f 6640 6621 6639
f 6642 6614 6615
f 6616 6642 6615
f 6643 6623 6622 6641
f 6645 6639 6614
f 6646 6640 6639 6645
f 6646 6641 6640
f 6642 6645 6614
f 6643 6641 6647
f 6637 6642 6616
f 6647 6641 6646
f 6642 6648 6645
f 6648 6646 6645
f 6648 6649 6646
f 6649 6647 6646
f 6637 6648 6642
f 6650 6648 6637
f 6644 6637 6638
f 6644 6650 6637
f 6648 6652 6649
f 6649 6643 6647
f 6652 6653 6649
f 6653 6651 6643 6649
f 6650 6654 6648
f 6654 6652 6648
f 6655 6620 6623
f 6655 6623 6643
f 6651 6655 6643
f 6625 6638 6610
f 6630 6644 6625
f 6626 6656 6631
f 6625 6644 6638
f 6627 6656 6626
f 6632 6636 6602
f 6636 6632 6635
f 6629 6657 6627
f 6636 6658 6629
f 6630 6659 6644
f 6631 6659 6630
f 6627 6661 6656
f 6636 6635 6660
f 6657 6661 6627
f 6658 6657 6629
f 6662 6635 6634
f 6656 6659 6631
f 6660 6635 6662
f 6636 6663 6658
f 6663 6636 6660
f 6659 6665 6664
f 6656 6665 6659
f 6660 6666 6663
f 6666 6660 6662
f 6661 6665 6656
f 6658 6667 6661 6657
f 6663 6667 6658
f 6644 6664 6650
f 6664 6644 6659
f 6665 6669 6664
f 6666 6662 6668
f 6667 6669 6665 6661
f 6669 6663 6670
f 6663 6669 6667
f 6663 6666 6670
f 6664 6654 6650
f 6654 6671 6652
f 6671 6670 6653 6652
f 6670 6668 6651 6653
f 6669 6654 6664
f 6669 6670 6671 6654
f 6670 6666 6668
f 6672 6634 6620 6655
f 6662 6634 6672
f 6651 6672 6655
f 6668 6672 6651
f 6668 6662 6672
f 4770 4759 1206
f 4772 4767 4771
f 4875 4770 1206
f 6673 4771 4768
f 4772 4771 6674
f 6674 4771 6673
f 6676 4770 4875
f 6676 4768 4770
f 6677 6673 4768
f 6675 6673 6677
f 6677 4768 6676
f 6676 4875 4876
f 6677 6676 4876
f 6678 6675 6677
f 6679 4772 6674
f 6680 4772 6679
f 6675 6674 6673
f 6681 6674 6675
f 6679 6674 6681
f 6682 6680 6679
f 6682 6679 6683
f 6691 6689 6688
f 6690 6691 6688
f 6692 6684 6689
f 6692 6689 6691
f 6692 6685 6684
f 6694 6691 6690
f 6693 6694 6690
f 6688 6695 6696
f 6697 6688 6696
f 6689 6686 6695
f 6689 6695 6688
f 6690 6688 6697
f 6689 6684 6686
f 6698 6693 6690
f 4781 6238 4741
f 4791 4769 4772
f 4789 6699 4790
f 4793 6700 6699 4789
f 4790 6701 4781
f 6699 6702 6701 4790
f 6703 6699 6700
f 6704 4793 4792
f 6700 4793 6704
f 6701 6238 4781
f 6703 6702 6699
f 6702 6705 6701
f 6703 6700 6704 6706
f 6703 6707 6705 6702
f 6708 4791 4772
f 4792 4791 6708
f 6708 4772 6680
f 6709 4792 6708
f 6704 4792 6709
f 6709 6708 6680
f 6709 6680 6682
f 6710 6687 6685
f 6712 6710 6685 6692
f 6712 6692 6691
f 6713 6712 6691
f 6694 6713 6691
f 6714 6694 6693
f 6712 6715 6710
f 6716 6713 6694
f 6716 6694 6714
f 6713 6715 6712
f 6717 6714 6693
f 6718 6716 6714
f 6718 6714 6717
f 6711 6710 6715
f 6719 6711 6715
f 6716 6715 6713
f 6720 6716 6718
f 6721 6719 6715
f 6721 6715 6716
f 6721 6716 6720
f 6722 6677 4876
f 4877 6722 4876
f 6723 6675 6678
f 6723 6681 6675
f 6683 6681 6723
f 6683 6679 6681
f 6678 6677 6722
f 6683 6723 6724
f 6726 6682 6683 6725
f 6727 6678 6722
f 6727 6723 6678
f 6724 6723 6727
f 6725 6683 6724
f 6728 6725 6724
f 6728 6726 6725
f 6729 6726 6728
f 6730 6727 6722 4877
f 6731 6724 6727
f 6732 6724 6731
f 6732 6728 6724
f 6733 6728 6732
f 6734 6728 6733
f 6734 6729 6728
f 6730 6731 6727
f 6736 6731 6730 6735
f 6737 6731 6736
f 6732 6731 6737
f 6735 6730 4877
f 6738 6737 6736
f 6739 6733 6732
f 6734 6733 6739
f 6740 6734 6739
f 6741 6734 6740
f 6739 6732 6737
f 6742 6739 6737
f 6740 6739 6742
f 6743 6740 6742
f 6744 6740 6743
f 6744 6741 6740
f 6738 6736 6745
f 6742 6737 6738
f 6746 6742 6738
f 6743 6742 6746
f 6747 6738 6745
f 6750 6748 6749
f 6751 6743 6748
f 6750 6751 6748
f 6751 6744 6743
f 6752 6751 6750
f 6749 6746 6753
f 6748 6743 6746
f 6748 6746 6749
f 6746 6738 6747
f 6753 6746 6747 6754
f 6760 6759 6758
f 6755 6759 6760
f 6757 6752 6755
f 6757 6755 6756
f 6758 6759 6762
f 6759 6749 6762
f 6755 6750 6749 6759
f 6752 6750 6755
f 6762 6749 6753
f 6763 6761 6754
f 6762 6753 6754 6761
f 6765 6760 6764
f 6756 6760 6765
f 6687 6756 6765
f 6767 6758 6766
f 6767 6764 6758
f 6764 6760 6758
f 6756 6755 6760
f 6766 6761 6768
f 6758 6761 6766
f 6770 6769 6768
f 6761 6758 6762
f 6770 6768 6761 6763
f 6684 6765 6686
f 6685 6687 6765
f 6685 6765 6684
f 6771 6695 6766
f 6695 6686 6767 6766
f 6686 6764 6767
f 6765 6764 6686
f 6769 6771 6768
f 6769 6772 6771
f 6766 6768 6771
f 4879 6769 6770
f 6697 6696 6773
f 6697 6773 6774
f 6775 6690 6697
f 6775 6698 6690
f 6776 6698 6775
f 6776 6693 6698
f 6772 6696 6771
f 6773 6696 6772
f 6695 6771 6696
f 6775 6697 6774
f 6777 6776 6775
f 6778 6773 6772
f 6774 6773 6778
f 6779 6775 6774
f 6777 6775 6779
f 4879 6772 6769
f 6778 6772 4879
f 6780 6774 6778
f 6781 6774 6780
f 6779 6774 6781
f 6782 6777 6779
f 6783 6777 6782
f 6784 6778 4879
f 6780 6778 6784
f 6784 4879 4881
f 6785 6781 6780
f 6785 6779 6781
f 6786 6782 6779
f 6783 6782 6786
f 6787 6784 4881
f 6788 6784 6787
f 6780 6784 6788
f 6786 6779 6785
f 6789 6785 6780
f 6790 6785 6789
f 6790 6786 6785
f 6705 6238 6701
f 6705 4736 6238
f 6705 6791 4736
f 6707 6791 6705
f 6792 6709 6682
f 6792 6704 6709
f 6793 6706 6704
f 6794 6703 6706
f 6792 6682 6726
f 6795 6792 6726
f 6793 6704 6792
f 6793 6794 6706
f 6794 6707 6703
f 6729 6795 6726
f 6796 6795 6729
f 6793 6792 6795
f 6796 6793 6795
f 6793 6797 6794
f 6798 6729 6734
f 6796 6729 6798
f 6796 6799 6793
f 6793 6800 6797
f 6800 6793 6799
f 6794 6801 6707
f 6801 6794 6797
f 6801 6797 6800
f 6707 6802 6791
f 6801 6802 6707
f 6802 6803 6791
f 6801 6803 6802
f 6804 6798 6734 6741
f 6805 6796 6798
f 6799 6796 6805
f 6751 6804 6741 6744
f 6806 6804 6751
f 6805 6798 6804
f 6807 6805 6804
f 6808 6807 6804
f 6808 6804 6806
f 6800 6799 6805
f 6809 6800 6805
f 6809 6805 6807
f 6810 6809 6807
f 6810 6807 6808
f 6809 6801 6800
f 6810 6801 6809
f 6811 6801 6810
f 6752 6812 6751
f 6806 6751 6812
f 6808 6806 6812
f 6813 6808 6812
f 6814 6810 6808
f 6815 6814 6808
f 6815 6808 6813
f 6810 6816 6811
f 6816 6810 6814
f 6815 6816 6814
f 6819 6752 6757
f 6818 6819 6757
f 6820 6819 6818
f 6819 6812 6752
f 6813 6812 6819
f 6820 6813 6819
f 6822 6820 6821
f 6813 6820 6815
f 6823 6820 6822
f 6820 6817 6815
f 6823 6817 6820
f 6825 6756 6687
f 6827 6821 6826
f 6825 6757 6756
f 6818 6757 6825
f 6826 6818 6825
f 6821 6818 6826
f 6821 6820 6818
f 6827 6822 6821
f 6828 6822 6827
f 6828 6823 6822
f 6828 6824 6823
f 6829 6824 6828
f 6829 6830 6824
f 6710 6825 6687
f 6711 6826 6710
f 6711 6719 6831
f 6826 6825 6710
f 6827 6826 6711
f 6711 6831 6827
f 6833 6831 6832
f 6831 6833 6827
f 6828 6827 6833
f 6833 6829 6828
f 6834 6829 6833
f 6829 6835 6830
f 6834 6835 6829
f 6835 6836 6830
f 6717 6693 6776
f 6718 6838 6837
f 6838 6718 6717
f 6837 6720 6718
f 6832 6831 6719
f 6721 6839 6832 6719
f 6721 6720 6839
f 6840 6717 6776 6777
f 6838 6717 6840
f 6837 6841 6720
f 6839 6841 6842
f 6841 6839 6720
f 6843 6838 6840
f 6841 6837 6838 6843
f 6832 6834 6833
f 6839 6834 6832
f 6839 6842 6834
f 6783 6840 6777
f 6844 6840 6783
f 6843 6840 6844
f 6842 6846 6834
f 6841 6845 6846 6842
f 6841 6847 6845
f 6847 6841 6843
f 6847 6843 6844
f 6834 6846 6835
f 6846 6845 6848
f 6849 6783 6786
f 6844 6783 6849
f 6850 6847 6844
f 6847 6851 6845
f 6850 6844 6849
f 6850 6851 6847
f 6846 6853 6835
f 6848 6853 6846
f 6852 6845 6851
f 6845 6852 6848
f 4882 6735 4877
f 6854 6736 6735 4882
f 6854 6745 6736
f 6855 6745 6854
f 6855 6747 6745
f 6856 6855 6854
f 4883 6854 4882
f 4883 6856 6854
f 6754 6747 6855
f 6856 6754 6855
f 4884 6856 4883
f 4884 6754 6856
f 4884 6763 6754
f 4879 6770 6763
f 4879 6763 4884
f 6787 4881 4885
f 6860 6787 4885
f 6858 6787 6860
f 6861 6859 6858
f 6862 6859 6861
f 6860 4885 6857
f 6864 6858 6860
f 6861 6858 6864
f 6867 6780 6788
f 6789 6780 6867
f 6868 6786 6790
f 6869 6790 6789
f 6868 6790 6869
f 6859 6867 6788
f 6789 6867 6870
f 6870 6867 6859
f 6869 6789 6870
f 6871 6868 6869
f 6858 6788 6787
f 6859 6788 6858
f 6872 6869 6870
f 6872 6870 6859
f 6873 6869 6872
f 6871 6869 6873
f 6866 6871 6873
f 6862 6872 6859
f 6863 6872 6862
f 6873 6872 6863
f 6865 6873 6863
f 6866 6873 6865
f 6791 6874 4736
f 6811 6803 6801
f 6803 6875 6791
f 6811 6875 6803
f 6811 6876 6875
f 6875 6874 6791
f 6875 6877 6874
f 6874 6878 4736
f 6877 6878 6874
f 6817 6816 6815
f 6816 6876 6811
f 6876 6877 6875
f 6817 6879 6816
f 6823 6879 6817
f 6824 6879 6823
f 6879 6876 6816
f 6879 6877 6876
f 6830 6877 6879
f 6830 6878 6877
f 6824 6830 6879
f 6836 6878 6830
f 6853 6836 6835
f 6853 6881 6836
f 6853 6883 6881
f 6881 6883 6886
f 6883 6882 6886
f 6884 6885 6889
f 6882 6890 6886
f 6890 6882 6884
f 6849 6786 6868
f 6891 6851 6850
f 6892 6850 6849
f 6891 6850 6892
f 6852 6851 6891
f 6848 6852 6883 6853
f 6892 6849 6868
f 6893 6892 6868 6871
f 6884 6891 6894
f 6891 6892 6894
f 6884 6852 6891
f 6883 6852 6882
f 6895 6893 6871 6866
f 6852 6884 6882
f 6894 6893 6895
f 6894 6892 6893
f 6885 6894 6895
f 6894 6885 6884
f 6887 6895 6866
f 6888 6895 6887
f 6885 6895 6888
f 6897 6896 4886
f 6896 6898 4886
f 6899 6898 6896
f 6899 6896 6901
f 6901 6900 6899
f 6901 6896 6897
f 6902 6900 6901 6903
f 6904 6905 6902
f 6857 4885 4886
f 6909 6857 6908
f 6857 4886 6898
f 6899 6908 6857 6898
f 6900 6909 6908 6899
f 6902 6910 6900
f 6910 6909 6900
f 6905 6911 6910 6902
f 6914 6912 6911
f 6907 6912 6914
f 6907 6913 6912
f 6914 6911 6905
f 6906 6914 6905
f 6907 6914 6906
f 6909 6860 6857
f 6864 6860 6909
f 6861 6864 6909
f 6865 6863 6862 6915
f 6887 6866 6865
f 6910 6862 6861
f 6912 6865 6915
f 6887 6865 6912
f 6910 6861 6909
f 6911 6915 6862 6910
f 6912 6915 6911
f 6880 6916 6878
f 6880 6918 6916
f 6917 6918 6880
f 6919 6917 6880
f 6919 6920 6917
f 6925 6926 6924
f 6927 6921 6926 6925
f 6922 6921 6927
f 6836 6880 6878
f 6836 6919 6880
f 6881 6919 6836
f 6881 6928 6919
f 6928 6930 6931
f 6926 6929 6913
f 6930 6929 6926
f 6928 6920 6919
f 6920 6928 6931
f 6932 6913 6907
f 6926 6913 6932
f 6921 6930 6926
f 6920 6931 6921
f 6931 6930 6921
f 6922 6920 6921
f 6923 6932 6907
f 6924 6932 6923
f 6926 6932 6924
f 6889 6885 6888
f 6884 6889 6890
f 6886 6928 6881
f 6933 6888 6887
f 6929 6888 6933
f 6889 6888 6929
f 6930 6890 6889 6929
f 6886 6890 6930
f 6913 6933 6887 6912
f 6929 6933 6913
f 6886 6930 6928
f 6938 6934 4887 6937
f 6938 6935 6934
f 6936 4887 4888
f 6937 4887 6936
f 6940 6938 6937
f 6941 6938 6940
f 6941 6939 6938
f 6944 4886 4889
f 6934 4889 4887
f 6944 4889 6934
f 6945 6944 6935
f 6935 6946 6945
f 6935 6944 6934
f 6947 6946 6935
f 6948 6946 6947
f 6949 6946 6948
f 6947 6935 6938
f 6939 6948 6947 6938
f 6942 6949 6948
f 6943 6949 6942
f 6943 6950 6949
f 6951 6950 6943
f 6942 6948 6939
f 6897 4886 6944
f 6945 6897 6944
f 6945 6901 6897
f 6952 6901 6945
f 6946 6903 6952
f 6953 6904 6903
f 6954 6904 6953
f 6946 6952 6945
f 6953 6903 6946
f 6950 6955 6954
f 6949 6953 6946
f 6949 6954 6953
f 6950 6954 6949
f 6904 6902 6903
f 6906 6905 6904
f 6956 6907 6906
f 6903 6901 6952
f 6954 6906 6904
f 6956 6906 6954
f 6955 6956 6954
f 6916 6957 4736
f 6916 6958 6957
f 6959 6963 6962
f 6958 6965 6964 6957
f 6958 6960 6965
f 6960 6959 6962
f 6966 6961 6967
f 6962 6961 6966
f 6965 6960 6962
f 6878 6916 4736
f 6916 6918 6958
f 6918 6968 6958
f 6971 6969 6963
f 6971 6968 6969
f 6958 6959 6960
f 6968 6959 6958
f 6959 6968 6971
f 6967 6970 6972
f 6961 6970 6967
f 6963 6970 6961
f 6963 6969 6970
f 6951 6972 6950
f 6967 6972 6951
f 6962 6963 6961
f 6971 6963 6959
f 6966 6967 6951
f 6917 6968 6918
f 6968 6927 6973
f 6974 6924 6955
f 6973 6974 6969
f 6970 6955 6972
f 6970 6974 6955
f 6969 6974 6970
f 6968 6973 6969
f 6972 6955 6950
f 6923 6907 6956
f 6968 6920 6922
f 6917 6920 6968
f 6974 6925 6924
f 6927 6925 6974
f 6922 6927 6968
f 6955 6923 6956
f 6924 6923 6955
f 6927 6974 6973
f 6975 6937 6936
f 6975 6940 6937
f 6977 6942 6939 6941
f 6977 6951 6942
f 6951 6943 6942
f 6976 6940 6975
f 6976 6941 6940
f 6978 6977 6941 6976
f 6979 6936 4888
f 6980 6976 6975
f 6981 6976 6980
f 6981 6978 6976
f 6982 6978 6981
f 6983 6975 6936 6979
f 6983 6980 6975
f 6984 6980 6983
f 6984 6981 6980
f 6985 6981 6984
f 6985 6982 6981
f 6986 6983 6979
f 6988 6985 6984 6987
f 6989 6985 6988
f 4890 6979 4888
f 6987 6984 6983 6990
f 4890 6986 6979
f 6990 6983 6986
f 6991 6990 6986
f 6988 6987 6992
f 6993 6988 6992
f 6989 6988 6993
f 6987 6990 6995
f 6994 6989 6993
f 6957 6996 4736
f 6997 6951 6977
f 6997 6966 6951
f 6962 6966 6998
f 6999 6962 6998
f 6962 6999 6965
f 6965 6999 6964
f 7000 6997 6977 6978
f 6966 7000 6998
f 7000 6966 6997
f 6964 6996 6957
f 6982 7000 6978
f 7001 6998 7000 6982
f 6998 7001 6999
f 6999 7001 7002
f 6964 7003 6996
f 6999 7002 7003 6964
f 7004 6982 6985
f 6982 7004 7005
f 7005 7001 6982
f 7006 7001 7005
f 7007 7004 6985 6989
f 7006 7002 7001
f 7002 7008 7003
f 7009 7004 7007
f 7009 7005 7004
f 7009 7006 7005
f 7009 7010 7006
f 7006 7011 7002
f 7006 7010 7011
f 7008 6996 7003
f 7002 7011 7008
f 7011 7012 7008
f 7013 7011 7010
f 6994 7007 6989
f 7009 7007 6994
f 7010 7009 7014
f 7015 6517 6518
f 7016 4892 4872 6517
f 7015 7016 6517
f 7017 6986 4890
f 7017 6991 6986
f 7018 6991 7017
f 4893 7017 4890
f 4892 4893 4891
f 7019 4893 4892
f 7020 4892 7016
f 7020 7019 4892
f 7015 7020 7016
f 7021 7020 7015
f 6995 6990 6991
f 6992 6987 6995
f 7022 6993 6992
f 7022 6992 7024
f 7022 6994 6993
f 7023 6994 7022
f 6995 7024 6992
f 7018 7017 4893
f 7026 6991 7018
f 7026 6995 6991
f 7025 7024 6995 7026
f 4893 7026 7018
f 7027 7026 4893
f 7027 4893 7019
f 7028 7019 7020
f 7028 7027 7019
f 7029 7028 7020
f 7029 7020 7021
f 7031 7032 7029
f 7032 7030 7029
f 7030 7028 7029
f 7034 7022 7024
f 7034 7024 7025
f 7035 7022 7034
f 7035 7023 7022
f 7035 7034 7036
f 7037 7026 7027
f 7037 7025 7026
f 7039 7034 7025 7037
f 7039 7037 7038
f 7039 7036 7034
f 7040 7036 7039
f 7041 7036 7040
f 7041 7035 7036
f 7042 7027 7028
f 7042 7037 7027
f 7030 7042 7028
f 7038 7037 7042
f 7040 7039 7038
f 7043 7040 7038
f 7043 7041 7040
f 7044 7041 7043
f 7030 7038 7042
f 7045 7038 7030
f 7033 7045 7030 7032
f 7045 7043 7038
f 7046 7043 7045
f 7046 7045 7033
f 7046 7044 7043
f 6996 6473 4736
f 6473 7047 6547
f 6996 7047 6473
f 7047 6556 6547
f 6556 6558 6554
f 6556 7048 6558
f 7047 7050 6556
f 7049 7050 7047
f 7050 7048 6556
f 7050 7051 7048
f 7008 7052 6996
f 7012 7052 7008
f 7013 7012 7011
f 7052 7047 6996
f 7052 7053 7047
f 7053 7049 7047
f 7049 7054 7050
f 7053 7054 7049
f 7050 7054 7051
f 7054 7056 7055
f 7057 7009 6994
f 7014 7009 7057
f 7058 7010 7014
f 7057 6994 7023
f 7013 7010 7058
f 7058 7014 7057
f 7013 7052 7012
f 7059 7013 7058
f 7060 7059 7058
f 7013 7061 7052
f 7059 7061 7013
f 7060 7062 7059
f 7061 7053 7052
f 7059 7062 7061
f 7061 7063 7053
f 7062 7063 7061
f 7053 7065 7054
f 7063 7065 7053
f 7065 7064 7056
f 7065 7063 7064
f 7056 7064 7068
f 7065 7056 7054
f 7069 7057 7023
f 7060 7058 7057
f 7060 7057 7069
f 7070 7023 7035
f 7070 7069 7023
f 7060 7071 7062
f 7041 7070 7035
f 7073 7069 7070
f 7072 7073 7070
f 7073 7060 7069
f 7071 7063 7062
f 7071 7060 7073
f 7044 7070 7041
f 7075 7072 7044
f 7072 7070 7044
f 7074 7072 7075
f 7072 7074 7073
f 7077 7074 7076
f 7073 7074 7077
f 7071 7077 7064 7063
f 7077 7071 7073
f 7066 7075 7046
f 7075 7044 7046
f 7067 7076 7075 7066
f 7076 7074 7075
f 7064 7076 7067
f 7064 7077 7076
f 6581 6518 6519
f 6581 7078 6518
f 6581 7079 7078
f 6583 6581 6582
f 6583 7079 6581
f 6583 7080 7079
f 6584 7080 6583
f 7081 7015 6518
f 7082 7015 7081
f 7078 7081 6518
f 7083 7082 7081
f 7084 7081 7078
f 7084 7083 7081
f 7079 7084 7078
f 7084 7085 7083
f 7086 7085 7084
f 7079 7087 7084
f 7087 7086 7084
f 7080 7087 7079
f 7080 7088 7087
f 7088 7089 7086 7087
f 7082 7021 7015
f 7031 7021 7082
f 7083 7031 7082
f 7083 7090 7031
f 7085 7090 7083
f 7086 7091 7085
f 7091 7090 7085
f 7089 7092 7091 7086
f 7031 7029 7021
f 7090 7032 7031
f 7091 7032 7090
f 7091 7033 7032
f 7092 7046 7033 7091
f 6558 7093 6605
f 7048 7093 6558
f 6605 7093 6606
f 7093 7094 6606
f 7095 7080 6584
f 6606 7094 7095 6584
f 7048 7051 7093
f 7093 7098 7097 7094
f 7098 7099 7097
f 7099 7096 7097
f 7051 7098 7093
f 7055 7098 7051
f 7095 7088 7080
f 7088 7100 7089
f 7094 7097 7088 7095
f 7097 7096 7100 7088
f 7099 7068 7101
f 7056 7068 7099 7055
f 7054 7055 7051
f 7100 7102 7092 7089
f 7096 7102 7100
f 7101 7102 7096
f 7099 7101 7096
f 7098 7055 7099
f 7068 7067 7101
f 7064 7067 7068
f 7102 7066 7046 7092
f 7067 7066 7102
f 7101 7067 7102
